!set dartQueryId 00000000-0000-0000-0000-000000000000
!set useApproximateCountDistinct false
!use druidtest://?componentSupplier=AllDruidEnginesComponentSupplier&datasets=sql/src/test/quidem/qatests/qaArray/sql
!set outputformat mysql
SELECT count(*) cnt
FROM test_array;
+-----+
| cnt |
+-----+
|   4 |
+-----+
(1 row)

!ok

#-------------------------------------------------------------------------
# TESTCASE: test_join TEST_ID: A1_B1_C1 TYPE: NEGATIVE TEST
#-------------------------------------------------------------------------
SELECT t1.a_bool
FROM test_array t1
INNER JOIN test_array t2 ON t1.a_bool=t2.a_bool;
not support
!error

#-------------------------------------------------------------------------
# TESTCASE: test_join TEST_ID: A1_B1_C3 TYPE: NEGATIVE TEST
#-------------------------------------------------------------------------
SELECT a_bool
FROM
  (SELECT *
   FROM test_array t1
   INNER JOIN test_array t2 ON t1.a_bool=t2.a_bool);
not support
!error

#-------------------------------------------------------------------------
# TESTCASE: test_join TEST_ID: A1_B1_C5 TYPE: NEGATIVE TEST
#-------------------------------------------------------------------------
WITH t1 AS
  (SELECT *
   FROM test_array)
SELECT t1.a_bool
FROM t1
INNER JOIN test_array t2 ON t1.a_bool=t2.a_bool;
not support
!error

#-------------------------------------------------------------------------
# TESTCASE: test_join TEST_ID: A1_B2_C1 TYPE: NEGATIVE TEST
#-------------------------------------------------------------------------
SELECT t1.a_int
FROM test_array t1
INNER JOIN test_array t2 ON t1.a_int=t2.a_int;
not support
!error

#-------------------------------------------------------------------------
# TESTCASE: test_join TEST_ID: A1_B2_C3 TYPE: NEGATIVE TEST
#-------------------------------------------------------------------------
SELECT a_int
FROM
  (SELECT *
   FROM test_array t1
   INNER JOIN test_array t2 ON t1.a_int=t2.a_int);
not support
!error

#-------------------------------------------------------------------------
# TESTCASE: test_join TEST_ID: A1_B2_C5 TYPE: NEGATIVE TEST
#-------------------------------------------------------------------------
WITH t1 AS
  (SELECT *
   FROM test_array)
SELECT t1.a_int
FROM t1
INNER JOIN test_array t2 ON t1.a_int=t2.a_int;
not support
!error

#-------------------------------------------------------------------------
# TESTCASE: test_join TEST_ID: A1_B3_C1 TYPE: NEGATIVE TEST
#-------------------------------------------------------------------------
SELECT t1.a_float
FROM test_array t1
INNER JOIN test_array t2 ON t1.a_float=t2.a_float;
not support
!error

#-------------------------------------------------------------------------
# TESTCASE: test_join TEST_ID: A1_B3_C3 TYPE: NEGATIVE TEST
#-------------------------------------------------------------------------
SELECT a_float
FROM
  (SELECT *
   FROM test_array t1
   INNER JOIN test_array t2 ON t1.a_float=t2.a_float);
not support
!error

#-------------------------------------------------------------------------
# TESTCASE: test_join TEST_ID: A1_B3_C5 TYPE: NEGATIVE TEST
#-------------------------------------------------------------------------
WITH t1 AS
  (SELECT *
   FROM test_array)
SELECT t1.a_float
FROM t1
INNER JOIN test_array t2 ON t1.a_float=t2.a_float;
not support
!error

#-------------------------------------------------------------------------
# TESTCASE: test_join TEST_ID: A1_B4_C1 TYPE: NEGATIVE TEST
#-------------------------------------------------------------------------
SELECT t1.a_str
FROM test_array t1
INNER JOIN test_array t2 ON t1.a_str=t2.a_str;
not support
!error

#-------------------------------------------------------------------------
# TESTCASE: test_join TEST_ID: A1_B4_C3 TYPE: NEGATIVE TEST
#-------------------------------------------------------------------------
SELECT a_str
FROM
  (SELECT *
   FROM test_array t1
   INNER JOIN test_array t2 ON t1.a_str=t2.a_str);
not support
!error

#-------------------------------------------------------------------------
# TESTCASE: test_join TEST_ID: A1_B4_C5 TYPE: NEGATIVE TEST
#-------------------------------------------------------------------------
WITH t1 AS
  (SELECT *
   FROM test_array)
SELECT t1.a_str
FROM t1
INNER JOIN test_array t2 ON t1.a_str=t2.a_str;
not support
!error

#-------------------------------------------------------------------------
# TESTCASE: test_join TEST_ID: A1_B5_C1 TYPE: NEGATIVE TEST
#-------------------------------------------------------------------------
SELECT t1.a_null
FROM test_array t1
INNER JOIN test_array t2 ON t1.a_null=t2.a_null;
not support
!error

#-------------------------------------------------------------------------
# TESTCASE: test_join TEST_ID: A1_B5_C3 TYPE: NEGATIVE TEST
#-------------------------------------------------------------------------
SELECT a_null
FROM
  (SELECT *
   FROM test_array t1
   INNER JOIN test_array t2 ON t1.a_null=t2.a_null);
not support
!error

#-------------------------------------------------------------------------
# TESTCASE: test_join TEST_ID: A1_B5_C5 TYPE: NEGATIVE TEST
#-------------------------------------------------------------------------
WITH t1 AS
  (SELECT *
   FROM test_array)
SELECT t1.a_null
FROM t1
INNER JOIN test_array t2 ON t1.a_null=t2.a_null;
not support
!error

#-------------------------------------------------------------------------
# TESTCASE: test_join TEST_ID: A1_B6_C1 TYPE: NEGATIVE TEST
#-------------------------------------------------------------------------
SELECT t1.a_empty
FROM test_array t1
INNER JOIN test_array t2 ON t1.a_empty=t2.a_empty;
not support
!error

#-------------------------------------------------------------------------
# TESTCASE: test_join TEST_ID: A1_B6_C3 TYPE: NEGATIVE TEST
#-------------------------------------------------------------------------
SELECT a_empty
FROM
  (SELECT *
   FROM test_array t1
   INNER JOIN test_array t2 ON t1.a_empty=t2.a_empty);
not support
!error

#-------------------------------------------------------------------------
# TESTCASE: test_join TEST_ID: A1_B6_C5 TYPE: NEGATIVE TEST
#-------------------------------------------------------------------------
WITH t1 AS
  (SELECT *
   FROM test_array)
SELECT t1.a_empty
FROM t1
INNER JOIN test_array t2 ON t1.a_empty=t2.a_empty;
not support
!error

#-------------------------------------------------------------------------
# TESTCASE: test_join TEST_ID: A1_B7_C1 TYPE: NEGATIVE TEST
#-------------------------------------------------------------------------
SELECT t1.a_mixed
FROM test_array t1
INNER JOIN test_array t2 ON t1.a_mixed=t2.a_mixed;
not support
!error

#-------------------------------------------------------------------------
# TESTCASE: test_join TEST_ID: A1_B7_C3 TYPE: NEGATIVE TEST
#-------------------------------------------------------------------------
SELECT a_mixed
FROM
  (SELECT *
   FROM test_array t1
   INNER JOIN test_array t2 ON t1.a_mixed=t2.a_mixed);
not support
!error

#-------------------------------------------------------------------------
# TESTCASE: test_join TEST_ID: A1_B7_C5 TYPE: NEGATIVE TEST
#-------------------------------------------------------------------------
WITH t1 AS
  (SELECT *
   FROM test_array)
SELECT t1.a_mixed
FROM t1
INNER JOIN test_array t2 ON t1.a_mixed=t2.a_mixed;
not support
!error

#-------------------------------------------------------------------------
# TESTCASE: test_join TEST_ID: A1_B8_C1 TYPE: NEGATIVE TEST
#-------------------------------------------------------------------------
SELECT t1.a_nested
FROM test_array t1
INNER JOIN test_array t2 ON t1.a_nested=t2.a_nested;
Cannot join
!error

#-------------------------------------------------------------------------
# TESTCASE: test_join TEST_ID: A1_B8_C3 TYPE: NEGATIVE TEST
#-------------------------------------------------------------------------
SELECT a_nested
FROM
  (SELECT *
   FROM test_array t1
   INNER JOIN test_array t2 ON t1.a_nested=t2.a_nested);
Cannot join
!error

#-------------------------------------------------------------------------
# TESTCASE: test_join TEST_ID: A1_B8_C5 TYPE: NEGATIVE TEST
#-------------------------------------------------------------------------
WITH t1 AS
  (SELECT *
   FROM test_array)
SELECT t1.a_nested
FROM t1
INNER JOIN test_array t2 ON t1.a_nested=t2.a_nested;
Cannot join
!error

#-------------------------------------------------------------------------
# TESTCASE: test_join TEST_ID: A2_B1_C1 TYPE: NEGATIVE TEST
#-------------------------------------------------------------------------
SELECT t1.a_bool
FROM test_array t1
JOIN test_array t2 ON t1.a_bool=t2.a_bool;
not support
!error

#-------------------------------------------------------------------------
# TESTCASE: test_join TEST_ID: A2_B1_C3 TYPE: NEGATIVE TEST
#-------------------------------------------------------------------------
SELECT a_bool
FROM
  (SELECT *
   FROM test_array t1
   JOIN test_array t2 ON t1.a_bool=t2.a_bool);
not support
!error

#-------------------------------------------------------------------------
# TESTCASE: test_join TEST_ID: A2_B1_C5 TYPE: NEGATIVE TEST
#-------------------------------------------------------------------------
WITH t1 AS
  (SELECT *
   FROM test_array)
SELECT t1.a_bool
FROM t1
JOIN test_array t2 ON t1.a_bool=t2.a_bool;
not support
!error

#-------------------------------------------------------------------------
# TESTCASE: test_join TEST_ID: A2_B2_C1 TYPE: NEGATIVE TEST
#-------------------------------------------------------------------------
SELECT t1.a_int
FROM test_array t1
JOIN test_array t2 ON t1.a_int=t2.a_int;
not support
!error

#-------------------------------------------------------------------------
# TESTCASE: test_join TEST_ID: A2_B2_C3 TYPE: NEGATIVE TEST
#-------------------------------------------------------------------------
SELECT a_int
FROM
  (SELECT *
   FROM test_array t1
   JOIN test_array t2 ON t1.a_int=t2.a_int);
not support
!error

#-------------------------------------------------------------------------
# TESTCASE: test_join TEST_ID: A2_B2_C5 TYPE: NEGATIVE TEST
#-------------------------------------------------------------------------
WITH t1 AS
  (SELECT *
   FROM test_array)
SELECT t1.a_int
FROM t1
JOIN test_array t2 ON t1.a_int=t2.a_int;
not support
!error

#-------------------------------------------------------------------------
# TESTCASE: test_join TEST_ID: A2_B3_C1 TYPE: NEGATIVE TEST
#-------------------------------------------------------------------------
SELECT t1.a_float
FROM test_array t1
JOIN test_array t2 ON t1.a_float=t2.a_float;
not support
!error

#-------------------------------------------------------------------------
# TESTCASE: test_join TEST_ID: A2_B3_C3 TYPE: NEGATIVE TEST
#-------------------------------------------------------------------------
SELECT a_float
FROM
  (SELECT *
   FROM test_array t1
   JOIN test_array t2 ON t1.a_float=t2.a_float);
not support
!error

#-------------------------------------------------------------------------
# TESTCASE: test_join TEST_ID: A2_B3_C5 TYPE: NEGATIVE TEST
#-------------------------------------------------------------------------
WITH t1 AS
  (SELECT *
   FROM test_array)
SELECT t1.a_float
FROM t1
JOIN test_array t2 ON t1.a_float=t2.a_float;
not support
!error

#-------------------------------------------------------------------------
# TESTCASE: test_join TEST_ID: A2_B4_C1 TYPE: NEGATIVE TEST
#-------------------------------------------------------------------------
SELECT t1.a_str
FROM test_array t1
JOIN test_array t2 ON t1.a_str=t2.a_str;
not support
!error

#-------------------------------------------------------------------------
# TESTCASE: test_join TEST_ID: A2_B4_C3 TYPE: NEGATIVE TEST
#-------------------------------------------------------------------------
SELECT a_str
FROM
  (SELECT *
   FROM test_array t1
   JOIN test_array t2 ON t1.a_str=t2.a_str);
not support
!error

#-------------------------------------------------------------------------
# TESTCASE: test_join TEST_ID: A2_B4_C5 TYPE: NEGATIVE TEST
#-------------------------------------------------------------------------
WITH t1 AS
  (SELECT *
   FROM test_array)
SELECT t1.a_str
FROM t1
JOIN test_array t2 ON t1.a_str=t2.a_str;
not support
!error

#-------------------------------------------------------------------------
# TESTCASE: test_join TEST_ID: A2_B5_C1 TYPE: NEGATIVE TEST
#-------------------------------------------------------------------------
SELECT t1.a_null
FROM test_array t1
JOIN test_array t2 ON t1.a_null=t2.a_null;
not support
!error

#-------------------------------------------------------------------------
# TESTCASE: test_join TEST_ID: A2_B5_C3 TYPE: NEGATIVE TEST
#-------------------------------------------------------------------------
SELECT a_null
FROM
  (SELECT *
   FROM test_array t1
   JOIN test_array t2 ON t1.a_null=t2.a_null);
not support
!error

#-------------------------------------------------------------------------
# TESTCASE: test_join TEST_ID: A2_B5_C5 TYPE: NEGATIVE TEST
#-------------------------------------------------------------------------
WITH t1 AS
  (SELECT *
   FROM test_array)
SELECT t1.a_null
FROM t1
JOIN test_array t2 ON t1.a_null=t2.a_null;
not support
!error

#-------------------------------------------------------------------------
# TESTCASE: test_join TEST_ID: A2_B6_C1 TYPE: NEGATIVE TEST
#-------------------------------------------------------------------------
SELECT t1.a_empty
FROM test_array t1
JOIN test_array t2 ON t1.a_empty=t2.a_empty;
not support
!error

#-------------------------------------------------------------------------
# TESTCASE: test_join TEST_ID: A2_B6_C3 TYPE: NEGATIVE TEST
#-------------------------------------------------------------------------
SELECT a_empty
FROM
  (SELECT *
   FROM test_array t1
   JOIN test_array t2 ON t1.a_empty=t2.a_empty);
not support
!error

#-------------------------------------------------------------------------
# TESTCASE: test_join TEST_ID: A2_B6_C5 TYPE: NEGATIVE TEST
#-------------------------------------------------------------------------
WITH t1 AS
  (SELECT *
   FROM test_array)
SELECT t1.a_empty
FROM t1
JOIN test_array t2 ON t1.a_empty=t2.a_empty;
not support
!error

#-------------------------------------------------------------------------
# TESTCASE: test_join TEST_ID: A2_B7_C1 TYPE: NEGATIVE TEST
#-------------------------------------------------------------------------
SELECT t1.a_mixed
FROM test_array t1
JOIN test_array t2 ON t1.a_mixed=t2.a_mixed;
not support
!error

#-------------------------------------------------------------------------
# TESTCASE: test_join TEST_ID: A2_B7_C3 TYPE: NEGATIVE TEST
#-------------------------------------------------------------------------
SELECT a_mixed
FROM
  (SELECT *
   FROM test_array t1
   JOIN test_array t2 ON t1.a_mixed=t2.a_mixed);
not support
!error

#-------------------------------------------------------------------------
# TESTCASE: test_join TEST_ID: A2_B7_C5 TYPE: NEGATIVE TEST
#-------------------------------------------------------------------------
WITH t1 AS
  (SELECT *
   FROM test_array)
SELECT t1.a_mixed
FROM t1
JOIN test_array t2 ON t1.a_mixed=t2.a_mixed;
not support
!error

#-------------------------------------------------------------------------
# TESTCASE: test_join TEST_ID: A2_B8_C1 TYPE: NEGATIVE TEST
#-------------------------------------------------------------------------
SELECT t1.a_nested
FROM test_array t1
JOIN test_array t2 ON t1.a_nested=t2.a_nested;
Cannot join
!error

#-------------------------------------------------------------------------
# TESTCASE: test_join TEST_ID: A2_B8_C3 TYPE: NEGATIVE TEST
#-------------------------------------------------------------------------
SELECT a_nested
FROM
  (SELECT *
   FROM test_array t1
   JOIN test_array t2 ON t1.a_nested=t2.a_nested);
Cannot join
!error

#-------------------------------------------------------------------------
# TESTCASE: test_join TEST_ID: A2_B8_C5 TYPE: NEGATIVE TEST
#-------------------------------------------------------------------------
WITH t1 AS
  (SELECT *
   FROM test_array)
SELECT t1.a_nested
FROM t1
JOIN test_array t2 ON t1.a_nested=t2.a_nested;
Cannot join
!error

#-------------------------------------------------------------------------
# TESTCASE: test_join TEST_ID: A3_B1_C1 TYPE: NEGATIVE TEST
#-------------------------------------------------------------------------
SELECT t1.a_bool
FROM test_array t1
LEFT JOIN test_array t2 ON t1.a_bool=t2.a_bool;
not support
!error

#-------------------------------------------------------------------------
# TESTCASE: test_join TEST_ID: A3_B1_C3 TYPE: NEGATIVE TEST
#-------------------------------------------------------------------------
SELECT a_bool
FROM
  (SELECT *
   FROM test_array t1
   LEFT JOIN test_array t2 ON t1.a_bool=t2.a_bool);
not support
!error

#-------------------------------------------------------------------------
# TESTCASE: test_join TEST_ID: A3_B1_C5 TYPE: NEGATIVE TEST
#-------------------------------------------------------------------------
WITH t1 AS
  (SELECT *
   FROM test_array)
SELECT t1.a_bool
FROM t1
LEFT JOIN test_array t2 ON t1.a_bool=t2.a_bool;
not support
!error

#-------------------------------------------------------------------------
# TESTCASE: test_join TEST_ID: A3_B2_C1 TYPE: NEGATIVE TEST
#-------------------------------------------------------------------------
SELECT t1.a_int
FROM test_array t1
LEFT JOIN test_array t2 ON t1.a_int=t2.a_int;
not support
!error

#-------------------------------------------------------------------------
# TESTCASE: test_join TEST_ID: A3_B2_C3 TYPE: NEGATIVE TEST
#-------------------------------------------------------------------------
SELECT a_int
FROM
  (SELECT *
   FROM test_array t1
   LEFT JOIN test_array t2 ON t1.a_int=t2.a_int);
not support
!error

#-------------------------------------------------------------------------
# TESTCASE: test_join TEST_ID: A3_B2_C5 TYPE: NEGATIVE TEST
#-------------------------------------------------------------------------
WITH t1 AS
  (SELECT *
   FROM test_array)
SELECT t1.a_int
FROM t1
LEFT JOIN test_array t2 ON t1.a_int=t2.a_int;
not support
!error

#-------------------------------------------------------------------------
# TESTCASE: test_join TEST_ID: A3_B3_C1 TYPE: NEGATIVE TEST
#-------------------------------------------------------------------------
SELECT t1.a_float
FROM test_array t1
LEFT JOIN test_array t2 ON t1.a_float=t2.a_float;
not support
!error

#-------------------------------------------------------------------------
# TESTCASE: test_join TEST_ID: A3_B3_C3 TYPE: NEGATIVE TEST
#-------------------------------------------------------------------------
SELECT a_float
FROM
  (SELECT *
   FROM test_array t1
   LEFT JOIN test_array t2 ON t1.a_float=t2.a_float);
not support
!error

#-------------------------------------------------------------------------
# TESTCASE: test_join TEST_ID: A3_B3_C5 TYPE: NEGATIVE TEST
#-------------------------------------------------------------------------
WITH t1 AS
  (SELECT *
   FROM test_array)
SELECT t1.a_float
FROM t1
LEFT JOIN test_array t2 ON t1.a_float=t2.a_float;
not support
!error

#-------------------------------------------------------------------------
# TESTCASE: test_join TEST_ID: A3_B4_C1 TYPE: NEGATIVE TEST
#-------------------------------------------------------------------------
SELECT t1.a_str
FROM test_array t1
LEFT JOIN test_array t2 ON t1.a_str=t2.a_str;
not support
!error

#-------------------------------------------------------------------------
# TESTCASE: test_join TEST_ID: A3_B4_C3 TYPE: NEGATIVE TEST
#-------------------------------------------------------------------------
SELECT a_str
FROM
  (SELECT *
   FROM test_array t1
   LEFT JOIN test_array t2 ON t1.a_str=t2.a_str);
not support
!error

#-------------------------------------------------------------------------
# TESTCASE: test_join TEST_ID: A3_B4_C5 TYPE: NEGATIVE TEST
#-------------------------------------------------------------------------
WITH t1 AS
  (SELECT *
   FROM test_array)
SELECT t1.a_str
FROM t1
LEFT JOIN test_array t2 ON t1.a_str=t2.a_str;
not support
!error

#-------------------------------------------------------------------------
# TESTCASE: test_join TEST_ID: A3_B5_C1 TYPE: NEGATIVE TEST
#-------------------------------------------------------------------------
SELECT t1.a_null
FROM test_array t1
LEFT JOIN test_array t2 ON t1.a_null=t2.a_null;
not support
!error

#-------------------------------------------------------------------------
# TESTCASE: test_join TEST_ID: A3_B5_C3 TYPE: NEGATIVE TEST
#-------------------------------------------------------------------------
SELECT a_null
FROM
  (SELECT *
   FROM test_array t1
   LEFT JOIN test_array t2 ON t1.a_null=t2.a_null);
not support
!error

#-------------------------------------------------------------------------
# TESTCASE: test_join TEST_ID: A3_B5_C5 TYPE: NEGATIVE TEST
#-------------------------------------------------------------------------
WITH t1 AS
  (SELECT *
   FROM test_array)
SELECT t1.a_null
FROM t1
LEFT JOIN test_array t2 ON t1.a_null=t2.a_null;
not support
!error

#-------------------------------------------------------------------------
# TESTCASE: test_join TEST_ID: A3_B6_C1 TYPE: NEGATIVE TEST
#-------------------------------------------------------------------------
SELECT t1.a_empty
FROM test_array t1
LEFT JOIN test_array t2 ON t1.a_empty=t2.a_empty;
not support
!error

#-------------------------------------------------------------------------
# TESTCASE: test_join TEST_ID: A3_B6_C3 TYPE: NEGATIVE TEST
#-------------------------------------------------------------------------
SELECT a_empty
FROM
  (SELECT *
   FROM test_array t1
   LEFT JOIN test_array t2 ON t1.a_empty=t2.a_empty);
not support
!error

#-------------------------------------------------------------------------
# TESTCASE: test_join TEST_ID: A3_B6_C5 TYPE: NEGATIVE TEST
#-------------------------------------------------------------------------
WITH t1 AS
  (SELECT *
   FROM test_array)
SELECT t1.a_empty
FROM t1
LEFT JOIN test_array t2 ON t1.a_empty=t2.a_empty;
not support
!error

#-------------------------------------------------------------------------
# TESTCASE: test_join TEST_ID: A3_B7_C1 TYPE: NEGATIVE TEST
#-------------------------------------------------------------------------
SELECT t1.a_mixed
FROM test_array t1
LEFT JOIN test_array t2 ON t1.a_mixed=t2.a_mixed;
not support
!error

#-------------------------------------------------------------------------
# TESTCASE: test_join TEST_ID: A3_B7_C3 TYPE: NEGATIVE TEST
#-------------------------------------------------------------------------
SELECT a_mixed
FROM
  (SELECT *
   FROM test_array t1
   LEFT JOIN test_array t2 ON t1.a_mixed=t2.a_mixed);
not support
!error

#-------------------------------------------------------------------------
# TESTCASE: test_join TEST_ID: A3_B7_C5 TYPE: NEGATIVE TEST
#-------------------------------------------------------------------------
WITH t1 AS
  (SELECT *
   FROM test_array)
SELECT t1.a_mixed
FROM t1
LEFT JOIN test_array t2 ON t1.a_mixed=t2.a_mixed;
not support
!error

#-------------------------------------------------------------------------
# TESTCASE: test_join TEST_ID: A3_B8_C1 TYPE: NEGATIVE TEST
#-------------------------------------------------------------------------
SELECT t1.a_nested
FROM test_array t1
LEFT JOIN test_array t2 ON t1.a_nested=t2.a_nested;
Cannot join
!error

#-------------------------------------------------------------------------
# TESTCASE: test_join TEST_ID: A3_B8_C3 TYPE: NEGATIVE TEST
#-------------------------------------------------------------------------
SELECT a_nested
FROM
  (SELECT *
   FROM test_array t1
   LEFT JOIN test_array t2 ON t1.a_nested=t2.a_nested);
Cannot join
!error

#-------------------------------------------------------------------------
# TESTCASE: test_join TEST_ID: A3_B8_C5 TYPE: NEGATIVE TEST
#-------------------------------------------------------------------------
WITH t1 AS
  (SELECT *
   FROM test_array)
SELECT t1.a_nested
FROM t1
LEFT JOIN test_array t2 ON t1.a_nested=t2.a_nested;
Cannot join
!error

#-------------------------------------------------------------------------
# TESTCASE: test_join TEST_ID: A4_B1_C1 TYPE: NEGATIVE TEST
#-------------------------------------------------------------------------
SELECT t1.a_bool
FROM test_array t1
RIGHT JOIN test_array t2 ON t1.a_bool=t2.a_bool;
not support
!error

#-------------------------------------------------------------------------
# TESTCASE: test_join TEST_ID: A4_B1_C3 TYPE: NEGATIVE TEST
#-------------------------------------------------------------------------
SELECT a_bool
FROM
  (SELECT *
   FROM test_array t1
   RIGHT JOIN test_array t2 ON t1.a_bool=t2.a_bool);
not support
!error

#-------------------------------------------------------------------------
# TESTCASE: test_join TEST_ID: A4_B1_C5 TYPE: NEGATIVE TEST
#-------------------------------------------------------------------------
WITH t1 AS
  (SELECT *
   FROM test_array)
SELECT t1.a_bool
FROM t1
RIGHT JOIN test_array t2 ON t1.a_bool=t2.a_bool;
not support
!error

#-------------------------------------------------------------------------
# TESTCASE: test_join TEST_ID: A4_B2_C1 TYPE: NEGATIVE TEST
#-------------------------------------------------------------------------
SELECT t1.a_int
FROM test_array t1
RIGHT JOIN test_array t2 ON t1.a_int=t2.a_int;
not support
!error

#-------------------------------------------------------------------------
# TESTCASE: test_join TEST_ID: A4_B2_C3 TYPE: NEGATIVE TEST
#-------------------------------------------------------------------------
SELECT a_int
FROM
  (SELECT *
   FROM test_array t1
   RIGHT JOIN test_array t2 ON t1.a_int=t2.a_int);
not support
!error

#-------------------------------------------------------------------------
# TESTCASE: test_join TEST_ID: A4_B2_C5 TYPE: NEGATIVE TEST
#-------------------------------------------------------------------------
WITH t1 AS
  (SELECT *
   FROM test_array)
SELECT t1.a_int
FROM t1
RIGHT JOIN test_array t2 ON t1.a_int=t2.a_int;
not support
!error

#-------------------------------------------------------------------------
# TESTCASE: test_join TEST_ID: A4_B3_C1 TYPE: NEGATIVE TEST
#-------------------------------------------------------------------------
SELECT t1.a_float
FROM test_array t1
RIGHT JOIN test_array t2 ON t1.a_float=t2.a_float;
not support
!error

#-------------------------------------------------------------------------
# TESTCASE: test_join TEST_ID: A4_B3_C3 TYPE: NEGATIVE TEST
#-------------------------------------------------------------------------
SELECT a_float
FROM
  (SELECT *
   FROM test_array t1
   RIGHT JOIN test_array t2 ON t1.a_float=t2.a_float);
not support
!error

#-------------------------------------------------------------------------
# TESTCASE: test_join TEST_ID: A4_B3_C5 TYPE: NEGATIVE TEST
#-------------------------------------------------------------------------
WITH t1 AS
  (SELECT *
   FROM test_array)
SELECT t1.a_float
FROM t1
RIGHT JOIN test_array t2 ON t1.a_float=t2.a_float;
not support
!error

#-------------------------------------------------------------------------
# TESTCASE: test_join TEST_ID: A4_B4_C1 TYPE: NEGATIVE TEST
#-------------------------------------------------------------------------
SELECT t1.a_str
FROM test_array t1
RIGHT JOIN test_array t2 ON t1.a_str=t2.a_str;
not support
!error

#-------------------------------------------------------------------------
# TESTCASE: test_join TEST_ID: A4_B4_C3 TYPE: NEGATIVE TEST
#-------------------------------------------------------------------------
SELECT a_str
FROM
  (SELECT *
   FROM test_array t1
   RIGHT JOIN test_array t2 ON t1.a_str=t2.a_str);
not support
!error

#-------------------------------------------------------------------------
# TESTCASE: test_join TEST_ID: A4_B4_C5 TYPE: NEGATIVE TEST
#-------------------------------------------------------------------------
WITH t1 AS
  (SELECT *
   FROM test_array)
SELECT t1.a_str
FROM t1
RIGHT JOIN test_array t2 ON t1.a_str=t2.a_str;
not support
!error

#-------------------------------------------------------------------------
# TESTCASE: test_join TEST_ID: A4_B5_C1 TYPE: NEGATIVE TEST
#-------------------------------------------------------------------------
SELECT t1.a_null
FROM test_array t1
RIGHT JOIN test_array t2 ON t1.a_null=t2.a_null;
not support
!error

#-------------------------------------------------------------------------
# TESTCASE: test_join TEST_ID: A4_B5_C3 TYPE: NEGATIVE TEST
#-------------------------------------------------------------------------
SELECT a_null
FROM
  (SELECT *
   FROM test_array t1
   RIGHT JOIN test_array t2 ON t1.a_null=t2.a_null);
not support
!error

#-------------------------------------------------------------------------
# TESTCASE: test_join TEST_ID: A4_B5_C5 TYPE: NEGATIVE TEST
#-------------------------------------------------------------------------
WITH t1 AS
  (SELECT *
   FROM test_array)
SELECT t1.a_null
FROM t1
RIGHT JOIN test_array t2 ON t1.a_null=t2.a_null;
not support
!error

#-------------------------------------------------------------------------
# TESTCASE: test_join TEST_ID: A4_B6_C1 TYPE: NEGATIVE TEST
#-------------------------------------------------------------------------
SELECT t1.a_empty
FROM test_array t1
RIGHT JOIN test_array t2 ON t1.a_empty=t2.a_empty;
not support
!error

#-------------------------------------------------------------------------
# TESTCASE: test_join TEST_ID: A4_B6_C3 TYPE: NEGATIVE TEST
#-------------------------------------------------------------------------
SELECT a_empty
FROM
  (SELECT *
   FROM test_array t1
   RIGHT JOIN test_array t2 ON t1.a_empty=t2.a_empty);
not support
!error

#-------------------------------------------------------------------------
# TESTCASE: test_join TEST_ID: A4_B6_C5 TYPE: NEGATIVE TEST
#-------------------------------------------------------------------------
WITH t1 AS
  (SELECT *
   FROM test_array)
SELECT t1.a_empty
FROM t1
RIGHT JOIN test_array t2 ON t1.a_empty=t2.a_empty;
not support
!error

#-------------------------------------------------------------------------
# TESTCASE: test_join TEST_ID: A4_B7_C1 TYPE: NEGATIVE TEST
#-------------------------------------------------------------------------
SELECT t1.a_mixed
FROM test_array t1
RIGHT JOIN test_array t2 ON t1.a_mixed=t2.a_mixed;
not support
!error

#-------------------------------------------------------------------------
# TESTCASE: test_join TEST_ID: A4_B7_C3 TYPE: NEGATIVE TEST
#-------------------------------------------------------------------------
SELECT a_mixed
FROM
  (SELECT *
   FROM test_array t1
   RIGHT JOIN test_array t2 ON t1.a_mixed=t2.a_mixed);
not support
!error

#-------------------------------------------------------------------------
# TESTCASE: test_join TEST_ID: A4_B7_C5 TYPE: NEGATIVE TEST
#-------------------------------------------------------------------------
WITH t1 AS
  (SELECT *
   FROM test_array)
SELECT t1.a_mixed
FROM t1
RIGHT JOIN test_array t2 ON t1.a_mixed=t2.a_mixed;
not support
!error

#-------------------------------------------------------------------------
# TESTCASE: test_join TEST_ID: A4_B8_C1 TYPE: NEGATIVE TEST
#-------------------------------------------------------------------------
SELECT t1.a_nested
FROM test_array t1
RIGHT JOIN test_array t2 ON t1.a_nested=t2.a_nested;
Cannot join
!error

#-------------------------------------------------------------------------
# TESTCASE: test_join TEST_ID: A4_B8_C3 TYPE: NEGATIVE TEST
#-------------------------------------------------------------------------
SELECT a_nested
FROM
  (SELECT *
   FROM test_array t1
   RIGHT JOIN test_array t2 ON t1.a_nested=t2.a_nested);
Cannot join
!error

#-------------------------------------------------------------------------
# TESTCASE: test_join TEST_ID: A4_B8_C5 TYPE: NEGATIVE TEST
#-------------------------------------------------------------------------
WITH t1 AS
  (SELECT *
   FROM test_array)
SELECT t1.a_nested
FROM t1
RIGHT JOIN test_array t2 ON t1.a_nested=t2.a_nested;
Cannot join
!error

#-------------------------------------------------------------------------
# TESTCASE: test_join TEST_ID: A5_B1_C1 TYPE: NEGATIVE TEST
#-------------------------------------------------------------------------
SELECT t1.a_bool
FROM test_array t1
FULL JOIN test_array t2 ON t1.a_bool=t2.a_bool;
not support
!error

#-------------------------------------------------------------------------
# TESTCASE: test_join TEST_ID: A5_B1_C3 TYPE: NEGATIVE TEST
#-------------------------------------------------------------------------
SELECT a_bool
FROM
  (SELECT *
   FROM test_array t1
   FULL JOIN test_array t2 ON t1.a_bool=t2.a_bool);
not support
!error

#-------------------------------------------------------------------------
# TESTCASE: test_join TEST_ID: A5_B1_C5 TYPE: NEGATIVE TEST
#-------------------------------------------------------------------------
WITH t1 AS
  (SELECT *
   FROM test_array)
SELECT t1.a_bool
FROM t1
FULL JOIN test_array t2 ON t1.a_bool=t2.a_bool;
not support
!error

#-------------------------------------------------------------------------
# TESTCASE: test_join TEST_ID: A5_B2_C1 TYPE: NEGATIVE TEST
#-------------------------------------------------------------------------
SELECT t1.a_int
FROM test_array t1
FULL JOIN test_array t2 ON t1.a_int=t2.a_int;
not support
!error

#-------------------------------------------------------------------------
# TESTCASE: test_join TEST_ID: A5_B2_C3 TYPE: NEGATIVE TEST
#-------------------------------------------------------------------------
SELECT a_int
FROM
  (SELECT *
   FROM test_array t1
   FULL JOIN test_array t2 ON t1.a_int=t2.a_int);
not support
!error

#-------------------------------------------------------------------------
# TESTCASE: test_join TEST_ID: A5_B2_C5 TYPE: NEGATIVE TEST
#-------------------------------------------------------------------------
WITH t1 AS
  (SELECT *
   FROM test_array)
SELECT t1.a_int
FROM t1
FULL JOIN test_array t2 ON t1.a_int=t2.a_int;
not support
!error

#-------------------------------------------------------------------------
# TESTCASE: test_join TEST_ID: A5_B3_C1 TYPE: NEGATIVE TEST
#-------------------------------------------------------------------------
SELECT t1.a_float
FROM test_array t1
FULL JOIN test_array t2 ON t1.a_float=t2.a_float;
not support
!error

#-------------------------------------------------------------------------
# TESTCASE: test_join TEST_ID: A5_B3_C3 TYPE: NEGATIVE TEST
#-------------------------------------------------------------------------
SELECT a_float
FROM
  (SELECT *
   FROM test_array t1
   FULL JOIN test_array t2 ON t1.a_float=t2.a_float);
not support
!error

#-------------------------------------------------------------------------
# TESTCASE: test_join TEST_ID: A5_B3_C5 TYPE: NEGATIVE TEST
#-------------------------------------------------------------------------
WITH t1 AS
  (SELECT *
   FROM test_array)
SELECT t1.a_float
FROM t1
FULL JOIN test_array t2 ON t1.a_float=t2.a_float;
not support
!error

#-------------------------------------------------------------------------
# TESTCASE: test_join TEST_ID: A5_B4_C1 TYPE: NEGATIVE TEST
#-------------------------------------------------------------------------
SELECT t1.a_str
FROM test_array t1
FULL JOIN test_array t2 ON t1.a_str=t2.a_str;
not support
!error

#-------------------------------------------------------------------------
# TESTCASE: test_join TEST_ID: A5_B4_C3 TYPE: NEGATIVE TEST
#-------------------------------------------------------------------------
SELECT a_str
FROM
  (SELECT *
   FROM test_array t1
   FULL JOIN test_array t2 ON t1.a_str=t2.a_str);
not support
!error

#-------------------------------------------------------------------------
# TESTCASE: test_join TEST_ID: A5_B4_C5 TYPE: NEGATIVE TEST
#-------------------------------------------------------------------------
WITH t1 AS
  (SELECT *
   FROM test_array)
SELECT t1.a_str
FROM t1
FULL JOIN test_array t2 ON t1.a_str=t2.a_str;
not support
!error

#-------------------------------------------------------------------------
# TESTCASE: test_join TEST_ID: A5_B5_C1 TYPE: NEGATIVE TEST
#-------------------------------------------------------------------------
SELECT t1.a_null
FROM test_array t1
FULL JOIN test_array t2 ON t1.a_null=t2.a_null;
not support
!error

#-------------------------------------------------------------------------
# TESTCASE: test_join TEST_ID: A5_B5_C3 TYPE: NEGATIVE TEST
#-------------------------------------------------------------------------
SELECT a_null
FROM
  (SELECT *
   FROM test_array t1
   FULL JOIN test_array t2 ON t1.a_null=t2.a_null);
not support
!error

#-------------------------------------------------------------------------
# TESTCASE: test_join TEST_ID: A5_B5_C5 TYPE: NEGATIVE TEST
#-------------------------------------------------------------------------
WITH t1 AS
  (SELECT *
   FROM test_array)
SELECT t1.a_null
FROM t1
FULL JOIN test_array t2 ON t1.a_null=t2.a_null;
not support
!error

#-------------------------------------------------------------------------
# TESTCASE: test_join TEST_ID: A5_B6_C1 TYPE: NEGATIVE TEST
#-------------------------------------------------------------------------
SELECT t1.a_empty
FROM test_array t1
FULL JOIN test_array t2 ON t1.a_empty=t2.a_empty;
not support
!error

#-------------------------------------------------------------------------
# TESTCASE: test_join TEST_ID: A5_B6_C3 TYPE: NEGATIVE TEST
#-------------------------------------------------------------------------
SELECT a_empty
FROM
  (SELECT *
   FROM test_array t1
   FULL JOIN test_array t2 ON t1.a_empty=t2.a_empty);
not support
!error

#-------------------------------------------------------------------------
# TESTCASE: test_join TEST_ID: A5_B6_C5 TYPE: NEGATIVE TEST
#-------------------------------------------------------------------------
WITH t1 AS
  (SELECT *
   FROM test_array)
SELECT t1.a_empty
FROM t1
FULL JOIN test_array t2 ON t1.a_empty=t2.a_empty;
not support
!error

#-------------------------------------------------------------------------
# TESTCASE: test_join TEST_ID: A5_B7_C1 TYPE: NEGATIVE TEST
#-------------------------------------------------------------------------
SELECT t1.a_mixed
FROM test_array t1
FULL JOIN test_array t2 ON t1.a_mixed=t2.a_mixed;
not support
!error

#-------------------------------------------------------------------------
# TESTCASE: test_join TEST_ID: A5_B7_C3 TYPE: NEGATIVE TEST
#-------------------------------------------------------------------------
SELECT a_mixed
FROM
  (SELECT *
   FROM test_array t1
   FULL JOIN test_array t2 ON t1.a_mixed=t2.a_mixed);
not support
!error

#-------------------------------------------------------------------------
# TESTCASE: test_join TEST_ID: A5_B7_C5 TYPE: NEGATIVE TEST
#-------------------------------------------------------------------------
WITH t1 AS
  (SELECT *
   FROM test_array)
SELECT t1.a_mixed
FROM t1
FULL JOIN test_array t2 ON t1.a_mixed=t2.a_mixed;
not support
!error

#-------------------------------------------------------------------------
# TESTCASE: test_join TEST_ID: A5_B8_C1 TYPE: NEGATIVE TEST
#-------------------------------------------------------------------------
SELECT t1.a_nested
FROM test_array t1
FULL JOIN test_array t2 ON t1.a_nested=t2.a_nested;
Cannot join
!error

#-------------------------------------------------------------------------
# TESTCASE: test_join TEST_ID: A5_B8_C3 TYPE: NEGATIVE TEST
#-------------------------------------------------------------------------
SELECT a_nested
FROM
  (SELECT *
   FROM test_array t1
   FULL JOIN test_array t2 ON t1.a_nested=t2.a_nested);
Cannot join
!error

#-------------------------------------------------------------------------
# TESTCASE: test_join TEST_ID: A5_B8_C5 TYPE: NEGATIVE TEST
#-------------------------------------------------------------------------
WITH t1 AS
  (SELECT *
   FROM test_array)
SELECT t1.a_nested
FROM t1
FULL JOIN test_array t2 ON t1.a_nested=t2.a_nested;
Cannot join
!error

#-------------------------------------------------------------------------
# TESTCASE: test_join TEST_ID: A6_B1_C1 TYPE: NEGATIVE TEST
#-------------------------------------------------------------------------
SELECT t1.a_bool
FROM test_array t1,
     test_array t2
WHERE t1.a_bool=t2.a_bool;
not support
!error

#-------------------------------------------------------------------------
# TESTCASE: test_join TEST_ID: A6_B1_C3 TYPE: NEGATIVE TEST
#-------------------------------------------------------------------------
SELECT a_bool
FROM
  (SELECT *
   FROM test_array t1,
        test_array t2
   WHERE t1.a_bool=t2.a_bool);
not support
!error

#-------------------------------------------------------------------------
# TESTCASE: test_join TEST_ID: A6_B1_C5 TYPE: NEGATIVE TEST
#-------------------------------------------------------------------------
WITH t1 AS
  (SELECT *
   FROM test_array)
SELECT t1.a_bool
FROM t1,
     test_array t2
WHERE t1.a_bool=t2.a_bool;
not support
!error

#-------------------------------------------------------------------------
# TESTCASE: test_join TEST_ID: A6_B2_C1 TYPE: NEGATIVE TEST
#-------------------------------------------------------------------------
SELECT t1.a_int
FROM test_array t1,
     test_array t2
WHERE t1.a_int=t2.a_int;
not support
!error

#-------------------------------------------------------------------------
# TESTCASE: test_join TEST_ID: A6_B2_C3 TYPE: NEGATIVE TEST
#-------------------------------------------------------------------------
SELECT a_int
FROM
  (SELECT *
   FROM test_array t1,
        test_array t2
   WHERE t1.a_int=t2.a_int);
not support
!error

#-------------------------------------------------------------------------
# TESTCASE: test_join TEST_ID: A6_B2_C5 TYPE: NEGATIVE TEST
#-------------------------------------------------------------------------
WITH t1 AS
  (SELECT *
   FROM test_array)
SELECT t1.a_int
FROM t1,
     test_array t2
WHERE t1.a_int=t2.a_int;
not support
!error

#-------------------------------------------------------------------------
# TESTCASE: test_join TEST_ID: A6_B3_C1 TYPE: NEGATIVE TEST
#-------------------------------------------------------------------------
SELECT t1.a_float
FROM test_array t1,
     test_array t2
WHERE t1.a_float=t2.a_float;
not support
!error

#-------------------------------------------------------------------------
# TESTCASE: test_join TEST_ID: A6_B3_C3 TYPE: NEGATIVE TEST
#-------------------------------------------------------------------------
SELECT a_float
FROM
  (SELECT *
   FROM test_array t1,
        test_array t2
   WHERE t1.a_float=t2.a_float);
not support
!error

#-------------------------------------------------------------------------
# TESTCASE: test_join TEST_ID: A6_B3_C5 TYPE: NEGATIVE TEST
#-------------------------------------------------------------------------
WITH t1 AS
  (SELECT *
   FROM test_array)
SELECT t1.a_float
FROM t1,
     test_array t2
WHERE t1.a_float=t2.a_float;
not support
!error

#-------------------------------------------------------------------------
# TESTCASE: test_join TEST_ID: A6_B4_C1 TYPE: NEGATIVE TEST
#-------------------------------------------------------------------------
SELECT t1.a_str
FROM test_array t1,
     test_array t2
WHERE t1.a_str=t2.a_str;
not support
!error

#-------------------------------------------------------------------------
# TESTCASE: test_join TEST_ID: A6_B4_C3 TYPE: NEGATIVE TEST
#-------------------------------------------------------------------------
SELECT a_str
FROM
  (SELECT *
   FROM test_array t1,
        test_array t2
   WHERE t1.a_str=t2.a_str);
not support
!error

#-------------------------------------------------------------------------
# TESTCASE: test_join TEST_ID: A6_B4_C5 TYPE: NEGATIVE TEST
#-------------------------------------------------------------------------
WITH t1 AS
  (SELECT *
   FROM test_array)
SELECT t1.a_str
FROM t1,
     test_array t2
WHERE t1.a_str=t2.a_str;
not support
!error

#-------------------------------------------------------------------------
# TESTCASE: test_join TEST_ID: A6_B5_C1 TYPE: NEGATIVE TEST
#-------------------------------------------------------------------------
SELECT t1.a_null
FROM test_array t1,
     test_array t2
WHERE t1.a_null=t2.a_null;
not support
!error

#-------------------------------------------------------------------------
# TESTCASE: test_join TEST_ID: A6_B5_C3 TYPE: NEGATIVE TEST
#-------------------------------------------------------------------------
SELECT a_null
FROM
  (SELECT *
   FROM test_array t1,
        test_array t2
   WHERE t1.a_null=t2.a_null);
not support
!error

#-------------------------------------------------------------------------
# TESTCASE: test_join TEST_ID: A6_B5_C5 TYPE: NEGATIVE TEST
#-------------------------------------------------------------------------
WITH t1 AS
  (SELECT *
   FROM test_array)
SELECT t1.a_null
FROM t1,
     test_array t2
WHERE t1.a_null=t2.a_null;
not support
!error

#-------------------------------------------------------------------------
# TESTCASE: test_join TEST_ID: A6_B6_C1 TYPE: NEGATIVE TEST
#-------------------------------------------------------------------------
SELECT t1.a_empty
FROM test_array t1,
     test_array t2
WHERE t1.a_empty=t2.a_empty;
not support
!error

#-------------------------------------------------------------------------
# TESTCASE: test_join TEST_ID: A6_B6_C3 TYPE: NEGATIVE TEST
#-------------------------------------------------------------------------
SELECT a_empty
FROM
  (SELECT *
   FROM test_array t1,
        test_array t2
   WHERE t1.a_empty=t2.a_empty);
not support
!error

#-------------------------------------------------------------------------
# TESTCASE: test_join TEST_ID: A6_B6_C5 TYPE: NEGATIVE TEST
#-------------------------------------------------------------------------
WITH t1 AS
  (SELECT *
   FROM test_array)
SELECT t1.a_empty
FROM t1,
     test_array t2
WHERE t1.a_empty=t2.a_empty;
not support
!error

#-------------------------------------------------------------------------
# TESTCASE: test_join TEST_ID: A6_B7_C1 TYPE: NEGATIVE TEST
#-------------------------------------------------------------------------
SELECT t1.a_mixed
FROM test_array t1,
     test_array t2
WHERE t1.a_mixed=t2.a_mixed;
not support
!error

#-------------------------------------------------------------------------
# TESTCASE: test_join TEST_ID: A6_B7_C3 TYPE: NEGATIVE TEST
#-------------------------------------------------------------------------
SELECT a_mixed
FROM
  (SELECT *
   FROM test_array t1,
        test_array t2
   WHERE t1.a_mixed=t2.a_mixed);
not support
!error

#-------------------------------------------------------------------------
# TESTCASE: test_join TEST_ID: A6_B7_C5 TYPE: NEGATIVE TEST
#-------------------------------------------------------------------------
WITH t1 AS
  (SELECT *
   FROM test_array)
SELECT t1.a_mixed
FROM t1,
     test_array t2
WHERE t1.a_mixed=t2.a_mixed;
not support
!error

#-------------------------------------------------------------------------
# TESTCASE: test_join TEST_ID: A6_B8_C1 TYPE: NEGATIVE TEST
#-------------------------------------------------------------------------
SELECT t1.a_nested
FROM test_array t1,
     test_array t2
WHERE t1.a_nested=t2.a_nested;
Cannot join
!error

#-------------------------------------------------------------------------
# TESTCASE: test_join TEST_ID: A6_B8_C3 TYPE: NEGATIVE TEST
#-------------------------------------------------------------------------
SELECT a_nested
FROM
  (SELECT *
   FROM test_array t1,
        test_array t2
   WHERE t1.a_nested=t2.a_nested);
Cannot join
!error

#-------------------------------------------------------------------------
# TESTCASE: test_join TEST_ID: A6_B8_C5 TYPE: NEGATIVE TEST
#-------------------------------------------------------------------------
WITH t1 AS
  (SELECT *
   FROM test_array)
SELECT t1.a_nested
FROM t1,
     test_array t2
WHERE t1.a_nested=t2.a_nested;
Cannot join
!error

#-------------------------------------------------------------------------
# TESTCASE: test_join TEST_ID: A7_B1_C1 TYPE: POSITIVE TEST
#-------------------------------------------------------------------------
SELECT t1.a_bool
FROM test_array t1
CROSS JOIN test_array t2;
+--------------+
| a_bool       |
+--------------+
| [1, 0, null] |
| [1, 0, null] |
| [1, 0, null] |
| [1, 0, null] |
| [1, 0, null] |
| [1, 0, null] |
| [1, 0, null] |
| [1, 0, null] |
| [null, 0, 1] |
| [null, 0, 1] |
| [null, 0, 1] |
| [null, 0, 1] |
| [null, 0, 1] |
| [null, 0, 1] |
| [null, 0, 1] |
| [null, 0, 1] |
+--------------+
(16 rows)

!ok

#-------------------------------------------------------------------------
# TESTCASE: test_join TEST_ID: A7_B1_C3 TYPE: POSITIVE TEST
#-------------------------------------------------------------------------
SELECT a_bool
FROM
  (SELECT *
   FROM test_array t1
   CROSS JOIN test_array t2);
+--------------+
| a_bool       |
+--------------+
| [1, 0, null] |
| [1, 0, null] |
| [1, 0, null] |
| [1, 0, null] |
| [1, 0, null] |
| [1, 0, null] |
| [1, 0, null] |
| [1, 0, null] |
| [null, 0, 1] |
| [null, 0, 1] |
| [null, 0, 1] |
| [null, 0, 1] |
| [null, 0, 1] |
| [null, 0, 1] |
| [null, 0, 1] |
| [null, 0, 1] |
+--------------+
(16 rows)

!ok

#-------------------------------------------------------------------------
# TESTCASE: test_join TEST_ID: A7_B1_C5 TYPE: POSITIVE TEST
#-------------------------------------------------------------------------
WITH t1 AS
  (SELECT *
   FROM test_array)
SELECT t1.a_bool
FROM t1
CROSS JOIN test_array t2;
+--------------+
| a_bool       |
+--------------+
| [1, 0, null] |
| [1, 0, null] |
| [1, 0, null] |
| [1, 0, null] |
| [1, 0, null] |
| [1, 0, null] |
| [1, 0, null] |
| [1, 0, null] |
| [null, 0, 1] |
| [null, 0, 1] |
| [null, 0, 1] |
| [null, 0, 1] |
| [null, 0, 1] |
| [null, 0, 1] |
| [null, 0, 1] |
| [null, 0, 1] |
+--------------+
(16 rows)

!ok

#-------------------------------------------------------------------------
# TESTCASE: test_join TEST_ID: A7_B2_C1 TYPE: POSITIVE TEST
#-------------------------------------------------------------------------
SELECT t1.a_int
FROM test_array t1
CROSS JOIN test_array t2;
+--------------+
| a_int        |
+--------------+
| [1, 2, null] |
| [1, 2, null] |
| [1, 2, null] |
| [1, 2, null] |
| [1, 2, null] |
| [1, 2, null] |
| [1, 2, null] |
| [1, 2, null] |
| [null, 2, 1] |
| [null, 2, 1] |
| [null, 2, 1] |
| [null, 2, 1] |
| [null, 2, 1] |
| [null, 2, 1] |
| [null, 2, 1] |
| [null, 2, 1] |
+--------------+
(16 rows)

!ok

#-------------------------------------------------------------------------
# TESTCASE: test_join TEST_ID: A7_B2_C3 TYPE: POSITIVE TEST
#-------------------------------------------------------------------------
SELECT a_int
FROM
  (SELECT *
   FROM test_array t1
   CROSS JOIN test_array t2);
+--------------+
| a_int        |
+--------------+
| [1, 2, null] |
| [1, 2, null] |
| [1, 2, null] |
| [1, 2, null] |
| [1, 2, null] |
| [1, 2, null] |
| [1, 2, null] |
| [1, 2, null] |
| [null, 2, 1] |
| [null, 2, 1] |
| [null, 2, 1] |
| [null, 2, 1] |
| [null, 2, 1] |
| [null, 2, 1] |
| [null, 2, 1] |
| [null, 2, 1] |
+--------------+
(16 rows)

!ok

#-------------------------------------------------------------------------
# TESTCASE: test_join TEST_ID: A7_B2_C5 TYPE: POSITIVE TEST
#-------------------------------------------------------------------------
WITH t1 AS
  (SELECT *
   FROM test_array)
SELECT t1.a_int
FROM t1
CROSS JOIN test_array t2;
+--------------+
| a_int        |
+--------------+
| [1, 2, null] |
| [1, 2, null] |
| [1, 2, null] |
| [1, 2, null] |
| [1, 2, null] |
| [1, 2, null] |
| [1, 2, null] |
| [1, 2, null] |
| [null, 2, 1] |
| [null, 2, 1] |
| [null, 2, 1] |
| [null, 2, 1] |
| [null, 2, 1] |
| [null, 2, 1] |
| [null, 2, 1] |
| [null, 2, 1] |
+--------------+
(16 rows)

!ok

#-------------------------------------------------------------------------
# TESTCASE: test_join TEST_ID: A7_B3_C1 TYPE: POSITIVE TEST
#-------------------------------------------------------------------------
SELECT t1.a_float
FROM test_array t1
CROSS JOIN test_array t2;
+------------------+
| a_float          |
+------------------+
| [0.1, 0.2, null] |
| [0.1, 0.2, null] |
| [0.1, 0.2, null] |
| [0.1, 0.2, null] |
| [0.1, 0.2, null] |
| [0.1, 0.2, null] |
| [0.1, 0.2, null] |
| [0.1, 0.2, null] |
| [null, 0.2, 0.1] |
| [null, 0.2, 0.1] |
| [null, 0.2, 0.1] |
| [null, 0.2, 0.1] |
| [null, 0.2, 0.1] |
| [null, 0.2, 0.1] |
| [null, 0.2, 0.1] |
| [null, 0.2, 0.1] |
+------------------+
(16 rows)

!ok

#-------------------------------------------------------------------------
# TESTCASE: test_join TEST_ID: A7_B3_C3 TYPE: POSITIVE TEST
#-------------------------------------------------------------------------
SELECT a_float
FROM
  (SELECT *
   FROM test_array t1
   CROSS JOIN test_array t2);
+------------------+
| a_float          |
+------------------+
| [0.1, 0.2, null] |
| [0.1, 0.2, null] |
| [0.1, 0.2, null] |
| [0.1, 0.2, null] |
| [0.1, 0.2, null] |
| [0.1, 0.2, null] |
| [0.1, 0.2, null] |
| [0.1, 0.2, null] |
| [null, 0.2, 0.1] |
| [null, 0.2, 0.1] |
| [null, 0.2, 0.1] |
| [null, 0.2, 0.1] |
| [null, 0.2, 0.1] |
| [null, 0.2, 0.1] |
| [null, 0.2, 0.1] |
| [null, 0.2, 0.1] |
+------------------+
(16 rows)

!ok

#-------------------------------------------------------------------------
# TESTCASE: test_join TEST_ID: A7_B3_C5 TYPE: POSITIVE TEST
#-------------------------------------------------------------------------
WITH t1 AS
  (SELECT *
   FROM test_array)
SELECT t1.a_float
FROM t1
CROSS JOIN test_array t2;
+------------------+
| a_float          |
+------------------+
| [0.1, 0.2, null] |
| [0.1, 0.2, null] |
| [0.1, 0.2, null] |
| [0.1, 0.2, null] |
| [0.1, 0.2, null] |
| [0.1, 0.2, null] |
| [0.1, 0.2, null] |
| [0.1, 0.2, null] |
| [null, 0.2, 0.1] |
| [null, 0.2, 0.1] |
| [null, 0.2, 0.1] |
| [null, 0.2, 0.1] |
| [null, 0.2, 0.1] |
| [null, 0.2, 0.1] |
| [null, 0.2, 0.1] |
| [null, 0.2, 0.1] |
+------------------+
(16 rows)

!ok

#-------------------------------------------------------------------------
# TESTCASE: test_join TEST_ID: A7_B4_C1 TYPE: POSITIVE TEST
#-------------------------------------------------------------------------
SELECT t1.a_str
FROM test_array t1
CROSS JOIN test_array t2;
+----------------+
| a_str          |
+----------------+
| [S1, S2, null] |
| [S1, S2, null] |
| [S1, S2, null] |
| [S1, S2, null] |
| [S1, S2, null] |
| [S1, S2, null] |
| [S1, S2, null] |
| [S1, S2, null] |
| [null, S2, S1] |
| [null, S2, S1] |
| [null, S2, S1] |
| [null, S2, S1] |
| [null, S2, S1] |
| [null, S2, S1] |
| [null, S2, S1] |
| [null, S2, S1] |
+----------------+
(16 rows)

!ok

#-------------------------------------------------------------------------
# TESTCASE: test_join TEST_ID: A7_B4_C3 TYPE: POSITIVE TEST
#-------------------------------------------------------------------------
SELECT a_str
FROM
  (SELECT *
   FROM test_array t1
   CROSS JOIN test_array t2);
+----------------+
| a_str          |
+----------------+
| [S1, S2, null] |
| [S1, S2, null] |
| [S1, S2, null] |
| [S1, S2, null] |
| [S1, S2, null] |
| [S1, S2, null] |
| [S1, S2, null] |
| [S1, S2, null] |
| [null, S2, S1] |
| [null, S2, S1] |
| [null, S2, S1] |
| [null, S2, S1] |
| [null, S2, S1] |
| [null, S2, S1] |
| [null, S2, S1] |
| [null, S2, S1] |
+----------------+
(16 rows)

!ok

#-------------------------------------------------------------------------
# TESTCASE: test_join TEST_ID: A7_B4_C5 TYPE: POSITIVE TEST
#-------------------------------------------------------------------------
WITH t1 AS
  (SELECT *
   FROM test_array)
SELECT t1.a_str
FROM t1
CROSS JOIN test_array t2;
+----------------+
| a_str          |
+----------------+
| [S1, S2, null] |
| [S1, S2, null] |
| [S1, S2, null] |
| [S1, S2, null] |
| [S1, S2, null] |
| [S1, S2, null] |
| [S1, S2, null] |
| [S1, S2, null] |
| [null, S2, S1] |
| [null, S2, S1] |
| [null, S2, S1] |
| [null, S2, S1] |
| [null, S2, S1] |
| [null, S2, S1] |
| [null, S2, S1] |
| [null, S2, S1] |
+----------------+
(16 rows)

!ok

#-------------------------------------------------------------------------
# TESTCASE: test_join TEST_ID: A7_B5_C1 TYPE: POSITIVE TEST
#-------------------------------------------------------------------------
SELECT t1.a_null
FROM test_array t1
CROSS JOIN test_array t2;
+--------------------+
| a_null             |
+--------------------+
| [null, null, null] |
| [null, null, null] |
| [null, null, null] |
| [null, null, null] |
| [null, null, null] |
| [null, null, null] |
| [null, null, null] |
| [null, null, null] |
| [null, null, null] |
| [null, null, null] |
| [null, null, null] |
| [null, null, null] |
| [null, null, null] |
| [null, null, null] |
| [null, null, null] |
| [null, null, null] |
+--------------------+
(16 rows)

!ok

#-------------------------------------------------------------------------
# TESTCASE: test_join TEST_ID: A7_B5_C3 TYPE: POSITIVE TEST
#-------------------------------------------------------------------------
SELECT a_null
FROM
  (SELECT *
   FROM test_array t1
   CROSS JOIN test_array t2);
+--------------------+
| a_null             |
+--------------------+
| [null, null, null] |
| [null, null, null] |
| [null, null, null] |
| [null, null, null] |
| [null, null, null] |
| [null, null, null] |
| [null, null, null] |
| [null, null, null] |
| [null, null, null] |
| [null, null, null] |
| [null, null, null] |
| [null, null, null] |
| [null, null, null] |
| [null, null, null] |
| [null, null, null] |
| [null, null, null] |
+--------------------+
(16 rows)

!ok

#-------------------------------------------------------------------------
# TESTCASE: test_join TEST_ID: A7_B5_C5 TYPE: POSITIVE TEST
#-------------------------------------------------------------------------
WITH t1 AS
  (SELECT *
   FROM test_array)
SELECT t1.a_null
FROM t1
CROSS JOIN test_array t2;
+--------------------+
| a_null             |
+--------------------+
| [null, null, null] |
| [null, null, null] |
| [null, null, null] |
| [null, null, null] |
| [null, null, null] |
| [null, null, null] |
| [null, null, null] |
| [null, null, null] |
| [null, null, null] |
| [null, null, null] |
| [null, null, null] |
| [null, null, null] |
| [null, null, null] |
| [null, null, null] |
| [null, null, null] |
| [null, null, null] |
+--------------------+
(16 rows)

!ok

#-------------------------------------------------------------------------
# TESTCASE: test_join TEST_ID: A7_B6_C1 TYPE: POSITIVE TEST
#-------------------------------------------------------------------------
SELECT t1.a_empty
FROM test_array t1
CROSS JOIN test_array t2;
+---------+
| a_empty |
+---------+
| []      |
| []      |
| []      |
| []      |
| []      |
| []      |
| []      |
| []      |
| []      |
| []      |
| []      |
| []      |
| []      |
| []      |
| []      |
| []      |
+---------+
(16 rows)

!ok

#-------------------------------------------------------------------------
# TESTCASE: test_join TEST_ID: A7_B6_C3 TYPE: POSITIVE TEST
#-------------------------------------------------------------------------
SELECT a_empty
FROM
  (SELECT *
   FROM test_array t1
   CROSS JOIN test_array t2);
+---------+
| a_empty |
+---------+
| []      |
| []      |
| []      |
| []      |
| []      |
| []      |
| []      |
| []      |
| []      |
| []      |
| []      |
| []      |
| []      |
| []      |
| []      |
| []      |
+---------+
(16 rows)

!ok

#-------------------------------------------------------------------------
# TESTCASE: test_join TEST_ID: A7_B6_C5 TYPE: POSITIVE TEST
#-------------------------------------------------------------------------
WITH t1 AS
  (SELECT *
   FROM test_array)
SELECT t1.a_empty
FROM t1
CROSS JOIN test_array t2;
+---------+
| a_empty |
+---------+
| []      |
| []      |
| []      |
| []      |
| []      |
| []      |
| []      |
| []      |
| []      |
| []      |
| []      |
| []      |
| []      |
| []      |
| []      |
| []      |
+---------+
(16 rows)

!ok

#-------------------------------------------------------------------------
# TESTCASE: test_join TEST_ID: A7_B7_C1 TYPE: POSITIVE TEST
#-------------------------------------------------------------------------
SELECT t1.a_mixed
FROM test_array t1
CROSS JOIN test_array t2;
+--------------------------+
| a_mixed                  |
+--------------------------+
| [null, S1, 0.1, 1, true] |
| [null, S1, 0.1, 1, true] |
| [null, S1, 0.1, 1, true] |
| [null, S1, 0.1, 1, true] |
| [null, S1, 0.1, 1, true] |
| [null, S1, 0.1, 1, true] |
| [null, S1, 0.1, 1, true] |
| [null, S1, 0.1, 1, true] |
| [true, 1, 0.1, S1, null] |
| [true, 1, 0.1, S1, null] |
| [true, 1, 0.1, S1, null] |
| [true, 1, 0.1, S1, null] |
| [true, 1, 0.1, S1, null] |
| [true, 1, 0.1, S1, null] |
| [true, 1, 0.1, S1, null] |
| [true, 1, 0.1, S1, null] |
+--------------------------+
(16 rows)

!ok

#-------------------------------------------------------------------------
# TESTCASE: test_join TEST_ID: A7_B7_C3 TYPE: POSITIVE TEST
#-------------------------------------------------------------------------
SELECT a_mixed
FROM
  (SELECT *
   FROM test_array t1
   CROSS JOIN test_array t2);
+--------------------------+
| a_mixed                  |
+--------------------------+
| [null, S1, 0.1, 1, true] |
| [null, S1, 0.1, 1, true] |
| [null, S1, 0.1, 1, true] |
| [null, S1, 0.1, 1, true] |
| [null, S1, 0.1, 1, true] |
| [null, S1, 0.1, 1, true] |
| [null, S1, 0.1, 1, true] |
| [null, S1, 0.1, 1, true] |
| [true, 1, 0.1, S1, null] |
| [true, 1, 0.1, S1, null] |
| [true, 1, 0.1, S1, null] |
| [true, 1, 0.1, S1, null] |
| [true, 1, 0.1, S1, null] |
| [true, 1, 0.1, S1, null] |
| [true, 1, 0.1, S1, null] |
| [true, 1, 0.1, S1, null] |
+--------------------------+
(16 rows)

!ok

#-------------------------------------------------------------------------
# TESTCASE: test_join TEST_ID: A7_B7_C5 TYPE: POSITIVE TEST
#-------------------------------------------------------------------------
WITH t1 AS
  (SELECT *
   FROM test_array)
SELECT t1.a_mixed
FROM t1
CROSS JOIN test_array t2;
+--------------------------+
| a_mixed                  |
+--------------------------+
| [null, S1, 0.1, 1, true] |
| [null, S1, 0.1, 1, true] |
| [null, S1, 0.1, 1, true] |
| [null, S1, 0.1, 1, true] |
| [null, S1, 0.1, 1, true] |
| [null, S1, 0.1, 1, true] |
| [null, S1, 0.1, 1, true] |
| [null, S1, 0.1, 1, true] |
| [true, 1, 0.1, S1, null] |
| [true, 1, 0.1, S1, null] |
| [true, 1, 0.1, S1, null] |
| [true, 1, 0.1, S1, null] |
| [true, 1, 0.1, S1, null] |
| [true, 1, 0.1, S1, null] |
| [true, 1, 0.1, S1, null] |
| [true, 1, 0.1, S1, null] |
+--------------------------+
(16 rows)

!ok

#-------------------------------------------------------------------------
# TESTCASE: test_join TEST_ID: A7_B8_C1 TYPE: POSITIVE TEST
#-------------------------------------------------------------------------
SELECT t1.a_nested
FROM test_array t1
CROSS JOIN test_array t2;
+-------------------------------------------------------------------------------------------------------------------------------------------------------------------------------------------------------------------------------------------------------------------------------------------------------------------------------+
| a_nested                                                                                                                                                                                                                                                                                                                      |
+-------------------------------------------------------------------------------------------------------------------------------------------------------------------------------------------------------------------------------------------------------------------------------------------------------------------------------+
| [[null,false,true],[null,2,1],[null,0.2,0.1],[null,"S2","S1"],[null,null,null],[],[null,"S1",0.1,1,true],[[null,false,true],[null,2,1],[null,0.2,0.1],[null,"S2","S1"],[null,null,null],[],[null,"S1",0.1,1,true],[[null,false,true],[null,2,1],[null,0.2,0.1],[null,"S2","S1"],[null,null,null],[],[null,"S1",0.1,1,true]]]] |
| [[null,false,true],[null,2,1],[null,0.2,0.1],[null,"S2","S1"],[null,null,null],[],[null,"S1",0.1,1,true],[[null,false,true],[null,2,1],[null,0.2,0.1],[null,"S2","S1"],[null,null,null],[],[null,"S1",0.1,1,true],[[null,false,true],[null,2,1],[null,0.2,0.1],[null,"S2","S1"],[null,null,null],[],[null,"S1",0.1,1,true]]]] |
| [[null,false,true],[null,2,1],[null,0.2,0.1],[null,"S2","S1"],[null,null,null],[],[null,"S1",0.1,1,true],[[null,false,true],[null,2,1],[null,0.2,0.1],[null,"S2","S1"],[null,null,null],[],[null,"S1",0.1,1,true],[[null,false,true],[null,2,1],[null,0.2,0.1],[null,"S2","S1"],[null,null,null],[],[null,"S1",0.1,1,true]]]] |
| [[null,false,true],[null,2,1],[null,0.2,0.1],[null,"S2","S1"],[null,null,null],[],[null,"S1",0.1,1,true],[[null,false,true],[null,2,1],[null,0.2,0.1],[null,"S2","S1"],[null,null,null],[],[null,"S1",0.1,1,true],[[null,false,true],[null,2,1],[null,0.2,0.1],[null,"S2","S1"],[null,null,null],[],[null,"S1",0.1,1,true]]]] |
| [[null,false,true],[null,2,1],[null,0.2,0.1],[null,"S2","S1"],[null,null,null],[],[null,"S1",0.1,1,true],[[null,false,true],[null,2,1],[null,0.2,0.1],[null,"S2","S1"],[null,null,null],[],[null,"S1",0.1,1,true],[[null,false,true],[null,2,1],[null,0.2,0.1],[null,"S2","S1"],[null,null,null],[],[null,"S1",0.1,1,true]]]] |
| [[null,false,true],[null,2,1],[null,0.2,0.1],[null,"S2","S1"],[null,null,null],[],[null,"S1",0.1,1,true],[[null,false,true],[null,2,1],[null,0.2,0.1],[null,"S2","S1"],[null,null,null],[],[null,"S1",0.1,1,true],[[null,false,true],[null,2,1],[null,0.2,0.1],[null,"S2","S1"],[null,null,null],[],[null,"S1",0.1,1,true]]]] |
| [[null,false,true],[null,2,1],[null,0.2,0.1],[null,"S2","S1"],[null,null,null],[],[null,"S1",0.1,1,true],[[null,false,true],[null,2,1],[null,0.2,0.1],[null,"S2","S1"],[null,null,null],[],[null,"S1",0.1,1,true],[[null,false,true],[null,2,1],[null,0.2,0.1],[null,"S2","S1"],[null,null,null],[],[null,"S1",0.1,1,true]]]] |
| [[null,false,true],[null,2,1],[null,0.2,0.1],[null,"S2","S1"],[null,null,null],[],[null,"S1",0.1,1,true],[[null,false,true],[null,2,1],[null,0.2,0.1],[null,"S2","S1"],[null,null,null],[],[null,"S1",0.1,1,true],[[null,false,true],[null,2,1],[null,0.2,0.1],[null,"S2","S1"],[null,null,null],[],[null,"S1",0.1,1,true]]]] |
| [[true,false,null],[1,2,null],[0.1,0.2,null],["S1","S2",null],[null,null,null],[],[true,1,0.1,"S1",null],[[true,false,null],[1,2,null],[0.1,0.2,null],["S1","S2",null],[null,null,null],[],[true,1,0.1,"S1",null],[[true,false,null],[1,2,null],[0.1,0.2,null],["S1","S2",null],[null,null,null],[],[true,1,0.1,"S1",null]]]] |
| [[true,false,null],[1,2,null],[0.1,0.2,null],["S1","S2",null],[null,null,null],[],[true,1,0.1,"S1",null],[[true,false,null],[1,2,null],[0.1,0.2,null],["S1","S2",null],[null,null,null],[],[true,1,0.1,"S1",null],[[true,false,null],[1,2,null],[0.1,0.2,null],["S1","S2",null],[null,null,null],[],[true,1,0.1,"S1",null]]]] |
| [[true,false,null],[1,2,null],[0.1,0.2,null],["S1","S2",null],[null,null,null],[],[true,1,0.1,"S1",null],[[true,false,null],[1,2,null],[0.1,0.2,null],["S1","S2",null],[null,null,null],[],[true,1,0.1,"S1",null],[[true,false,null],[1,2,null],[0.1,0.2,null],["S1","S2",null],[null,null,null],[],[true,1,0.1,"S1",null]]]] |
| [[true,false,null],[1,2,null],[0.1,0.2,null],["S1","S2",null],[null,null,null],[],[true,1,0.1,"S1",null],[[true,false,null],[1,2,null],[0.1,0.2,null],["S1","S2",null],[null,null,null],[],[true,1,0.1,"S1",null],[[true,false,null],[1,2,null],[0.1,0.2,null],["S1","S2",null],[null,null,null],[],[true,1,0.1,"S1",null]]]] |
| [[true,false,null],[1,2,null],[0.1,0.2,null],["S1","S2",null],[null,null,null],[],[true,1,0.1,"S1",null],[[true,false,null],[1,2,null],[0.1,0.2,null],["S1","S2",null],[null,null,null],[],[true,1,0.1,"S1",null],[[true,false,null],[1,2,null],[0.1,0.2,null],["S1","S2",null],[null,null,null],[],[true,1,0.1,"S1",null]]]] |
| [[true,false,null],[1,2,null],[0.1,0.2,null],["S1","S2",null],[null,null,null],[],[true,1,0.1,"S1",null],[[true,false,null],[1,2,null],[0.1,0.2,null],["S1","S2",null],[null,null,null],[],[true,1,0.1,"S1",null],[[true,false,null],[1,2,null],[0.1,0.2,null],["S1","S2",null],[null,null,null],[],[true,1,0.1,"S1",null]]]] |
| [[true,false,null],[1,2,null],[0.1,0.2,null],["S1","S2",null],[null,null,null],[],[true,1,0.1,"S1",null],[[true,false,null],[1,2,null],[0.1,0.2,null],["S1","S2",null],[null,null,null],[],[true,1,0.1,"S1",null],[[true,false,null],[1,2,null],[0.1,0.2,null],["S1","S2",null],[null,null,null],[],[true,1,0.1,"S1",null]]]] |
| [[true,false,null],[1,2,null],[0.1,0.2,null],["S1","S2",null],[null,null,null],[],[true,1,0.1,"S1",null],[[true,false,null],[1,2,null],[0.1,0.2,null],["S1","S2",null],[null,null,null],[],[true,1,0.1,"S1",null],[[true,false,null],[1,2,null],[0.1,0.2,null],["S1","S2",null],[null,null,null],[],[true,1,0.1,"S1",null]]]] |
+-------------------------------------------------------------------------------------------------------------------------------------------------------------------------------------------------------------------------------------------------------------------------------------------------------------------------------+
(16 rows)

!ok

#-------------------------------------------------------------------------
# TESTCASE: test_join TEST_ID: A7_B8_C3 TYPE: POSITIVE TEST
#-------------------------------------------------------------------------
SELECT a_nested
FROM
  (SELECT *
   FROM test_array t1
   CROSS JOIN test_array t2);
+-------------------------------------------------------------------------------------------------------------------------------------------------------------------------------------------------------------------------------------------------------------------------------------------------------------------------------+
| a_nested                                                                                                                                                                                                                                                                                                                      |
+-------------------------------------------------------------------------------------------------------------------------------------------------------------------------------------------------------------------------------------------------------------------------------------------------------------------------------+
| [[null,false,true],[null,2,1],[null,0.2,0.1],[null,"S2","S1"],[null,null,null],[],[null,"S1",0.1,1,true],[[null,false,true],[null,2,1],[null,0.2,0.1],[null,"S2","S1"],[null,null,null],[],[null,"S1",0.1,1,true],[[null,false,true],[null,2,1],[null,0.2,0.1],[null,"S2","S1"],[null,null,null],[],[null,"S1",0.1,1,true]]]] |
| [[null,false,true],[null,2,1],[null,0.2,0.1],[null,"S2","S1"],[null,null,null],[],[null,"S1",0.1,1,true],[[null,false,true],[null,2,1],[null,0.2,0.1],[null,"S2","S1"],[null,null,null],[],[null,"S1",0.1,1,true],[[null,false,true],[null,2,1],[null,0.2,0.1],[null,"S2","S1"],[null,null,null],[],[null,"S1",0.1,1,true]]]] |
| [[null,false,true],[null,2,1],[null,0.2,0.1],[null,"S2","S1"],[null,null,null],[],[null,"S1",0.1,1,true],[[null,false,true],[null,2,1],[null,0.2,0.1],[null,"S2","S1"],[null,null,null],[],[null,"S1",0.1,1,true],[[null,false,true],[null,2,1],[null,0.2,0.1],[null,"S2","S1"],[null,null,null],[],[null,"S1",0.1,1,true]]]] |
| [[null,false,true],[null,2,1],[null,0.2,0.1],[null,"S2","S1"],[null,null,null],[],[null,"S1",0.1,1,true],[[null,false,true],[null,2,1],[null,0.2,0.1],[null,"S2","S1"],[null,null,null],[],[null,"S1",0.1,1,true],[[null,false,true],[null,2,1],[null,0.2,0.1],[null,"S2","S1"],[null,null,null],[],[null,"S1",0.1,1,true]]]] |
| [[null,false,true],[null,2,1],[null,0.2,0.1],[null,"S2","S1"],[null,null,null],[],[null,"S1",0.1,1,true],[[null,false,true],[null,2,1],[null,0.2,0.1],[null,"S2","S1"],[null,null,null],[],[null,"S1",0.1,1,true],[[null,false,true],[null,2,1],[null,0.2,0.1],[null,"S2","S1"],[null,null,null],[],[null,"S1",0.1,1,true]]]] |
| [[null,false,true],[null,2,1],[null,0.2,0.1],[null,"S2","S1"],[null,null,null],[],[null,"S1",0.1,1,true],[[null,false,true],[null,2,1],[null,0.2,0.1],[null,"S2","S1"],[null,null,null],[],[null,"S1",0.1,1,true],[[null,false,true],[null,2,1],[null,0.2,0.1],[null,"S2","S1"],[null,null,null],[],[null,"S1",0.1,1,true]]]] |
| [[null,false,true],[null,2,1],[null,0.2,0.1],[null,"S2","S1"],[null,null,null],[],[null,"S1",0.1,1,true],[[null,false,true],[null,2,1],[null,0.2,0.1],[null,"S2","S1"],[null,null,null],[],[null,"S1",0.1,1,true],[[null,false,true],[null,2,1],[null,0.2,0.1],[null,"S2","S1"],[null,null,null],[],[null,"S1",0.1,1,true]]]] |
| [[null,false,true],[null,2,1],[null,0.2,0.1],[null,"S2","S1"],[null,null,null],[],[null,"S1",0.1,1,true],[[null,false,true],[null,2,1],[null,0.2,0.1],[null,"S2","S1"],[null,null,null],[],[null,"S1",0.1,1,true],[[null,false,true],[null,2,1],[null,0.2,0.1],[null,"S2","S1"],[null,null,null],[],[null,"S1",0.1,1,true]]]] |
| [[true,false,null],[1,2,null],[0.1,0.2,null],["S1","S2",null],[null,null,null],[],[true,1,0.1,"S1",null],[[true,false,null],[1,2,null],[0.1,0.2,null],["S1","S2",null],[null,null,null],[],[true,1,0.1,"S1",null],[[true,false,null],[1,2,null],[0.1,0.2,null],["S1","S2",null],[null,null,null],[],[true,1,0.1,"S1",null]]]] |
| [[true,false,null],[1,2,null],[0.1,0.2,null],["S1","S2",null],[null,null,null],[],[true,1,0.1,"S1",null],[[true,false,null],[1,2,null],[0.1,0.2,null],["S1","S2",null],[null,null,null],[],[true,1,0.1,"S1",null],[[true,false,null],[1,2,null],[0.1,0.2,null],["S1","S2",null],[null,null,null],[],[true,1,0.1,"S1",null]]]] |
| [[true,false,null],[1,2,null],[0.1,0.2,null],["S1","S2",null],[null,null,null],[],[true,1,0.1,"S1",null],[[true,false,null],[1,2,null],[0.1,0.2,null],["S1","S2",null],[null,null,null],[],[true,1,0.1,"S1",null],[[true,false,null],[1,2,null],[0.1,0.2,null],["S1","S2",null],[null,null,null],[],[true,1,0.1,"S1",null]]]] |
| [[true,false,null],[1,2,null],[0.1,0.2,null],["S1","S2",null],[null,null,null],[],[true,1,0.1,"S1",null],[[true,false,null],[1,2,null],[0.1,0.2,null],["S1","S2",null],[null,null,null],[],[true,1,0.1,"S1",null],[[true,false,null],[1,2,null],[0.1,0.2,null],["S1","S2",null],[null,null,null],[],[true,1,0.1,"S1",null]]]] |
| [[true,false,null],[1,2,null],[0.1,0.2,null],["S1","S2",null],[null,null,null],[],[true,1,0.1,"S1",null],[[true,false,null],[1,2,null],[0.1,0.2,null],["S1","S2",null],[null,null,null],[],[true,1,0.1,"S1",null],[[true,false,null],[1,2,null],[0.1,0.2,null],["S1","S2",null],[null,null,null],[],[true,1,0.1,"S1",null]]]] |
| [[true,false,null],[1,2,null],[0.1,0.2,null],["S1","S2",null],[null,null,null],[],[true,1,0.1,"S1",null],[[true,false,null],[1,2,null],[0.1,0.2,null],["S1","S2",null],[null,null,null],[],[true,1,0.1,"S1",null],[[true,false,null],[1,2,null],[0.1,0.2,null],["S1","S2",null],[null,null,null],[],[true,1,0.1,"S1",null]]]] |
| [[true,false,null],[1,2,null],[0.1,0.2,null],["S1","S2",null],[null,null,null],[],[true,1,0.1,"S1",null],[[true,false,null],[1,2,null],[0.1,0.2,null],["S1","S2",null],[null,null,null],[],[true,1,0.1,"S1",null],[[true,false,null],[1,2,null],[0.1,0.2,null],["S1","S2",null],[null,null,null],[],[true,1,0.1,"S1",null]]]] |
| [[true,false,null],[1,2,null],[0.1,0.2,null],["S1","S2",null],[null,null,null],[],[true,1,0.1,"S1",null],[[true,false,null],[1,2,null],[0.1,0.2,null],["S1","S2",null],[null,null,null],[],[true,1,0.1,"S1",null],[[true,false,null],[1,2,null],[0.1,0.2,null],["S1","S2",null],[null,null,null],[],[true,1,0.1,"S1",null]]]] |
+-------------------------------------------------------------------------------------------------------------------------------------------------------------------------------------------------------------------------------------------------------------------------------------------------------------------------------+
(16 rows)

!ok

#-------------------------------------------------------------------------
# TESTCASE: test_join TEST_ID: A7_B8_C5 TYPE: POSITIVE TEST
#-------------------------------------------------------------------------
WITH t1 AS
  (SELECT *
   FROM test_array)
SELECT t1.a_nested
FROM t1
CROSS JOIN test_array t2;
+-------------------------------------------------------------------------------------------------------------------------------------------------------------------------------------------------------------------------------------------------------------------------------------------------------------------------------+
| a_nested                                                                                                                                                                                                                                                                                                                      |
+-------------------------------------------------------------------------------------------------------------------------------------------------------------------------------------------------------------------------------------------------------------------------------------------------------------------------------+
| [[null,false,true],[null,2,1],[null,0.2,0.1],[null,"S2","S1"],[null,null,null],[],[null,"S1",0.1,1,true],[[null,false,true],[null,2,1],[null,0.2,0.1],[null,"S2","S1"],[null,null,null],[],[null,"S1",0.1,1,true],[[null,false,true],[null,2,1],[null,0.2,0.1],[null,"S2","S1"],[null,null,null],[],[null,"S1",0.1,1,true]]]] |
| [[null,false,true],[null,2,1],[null,0.2,0.1],[null,"S2","S1"],[null,null,null],[],[null,"S1",0.1,1,true],[[null,false,true],[null,2,1],[null,0.2,0.1],[null,"S2","S1"],[null,null,null],[],[null,"S1",0.1,1,true],[[null,false,true],[null,2,1],[null,0.2,0.1],[null,"S2","S1"],[null,null,null],[],[null,"S1",0.1,1,true]]]] |
| [[null,false,true],[null,2,1],[null,0.2,0.1],[null,"S2","S1"],[null,null,null],[],[null,"S1",0.1,1,true],[[null,false,true],[null,2,1],[null,0.2,0.1],[null,"S2","S1"],[null,null,null],[],[null,"S1",0.1,1,true],[[null,false,true],[null,2,1],[null,0.2,0.1],[null,"S2","S1"],[null,null,null],[],[null,"S1",0.1,1,true]]]] |
| [[null,false,true],[null,2,1],[null,0.2,0.1],[null,"S2","S1"],[null,null,null],[],[null,"S1",0.1,1,true],[[null,false,true],[null,2,1],[null,0.2,0.1],[null,"S2","S1"],[null,null,null],[],[null,"S1",0.1,1,true],[[null,false,true],[null,2,1],[null,0.2,0.1],[null,"S2","S1"],[null,null,null],[],[null,"S1",0.1,1,true]]]] |
| [[null,false,true],[null,2,1],[null,0.2,0.1],[null,"S2","S1"],[null,null,null],[],[null,"S1",0.1,1,true],[[null,false,true],[null,2,1],[null,0.2,0.1],[null,"S2","S1"],[null,null,null],[],[null,"S1",0.1,1,true],[[null,false,true],[null,2,1],[null,0.2,0.1],[null,"S2","S1"],[null,null,null],[],[null,"S1",0.1,1,true]]]] |
| [[null,false,true],[null,2,1],[null,0.2,0.1],[null,"S2","S1"],[null,null,null],[],[null,"S1",0.1,1,true],[[null,false,true],[null,2,1],[null,0.2,0.1],[null,"S2","S1"],[null,null,null],[],[null,"S1",0.1,1,true],[[null,false,true],[null,2,1],[null,0.2,0.1],[null,"S2","S1"],[null,null,null],[],[null,"S1",0.1,1,true]]]] |
| [[null,false,true],[null,2,1],[null,0.2,0.1],[null,"S2","S1"],[null,null,null],[],[null,"S1",0.1,1,true],[[null,false,true],[null,2,1],[null,0.2,0.1],[null,"S2","S1"],[null,null,null],[],[null,"S1",0.1,1,true],[[null,false,true],[null,2,1],[null,0.2,0.1],[null,"S2","S1"],[null,null,null],[],[null,"S1",0.1,1,true]]]] |
| [[null,false,true],[null,2,1],[null,0.2,0.1],[null,"S2","S1"],[null,null,null],[],[null,"S1",0.1,1,true],[[null,false,true],[null,2,1],[null,0.2,0.1],[null,"S2","S1"],[null,null,null],[],[null,"S1",0.1,1,true],[[null,false,true],[null,2,1],[null,0.2,0.1],[null,"S2","S1"],[null,null,null],[],[null,"S1",0.1,1,true]]]] |
| [[true,false,null],[1,2,null],[0.1,0.2,null],["S1","S2",null],[null,null,null],[],[true,1,0.1,"S1",null],[[true,false,null],[1,2,null],[0.1,0.2,null],["S1","S2",null],[null,null,null],[],[true,1,0.1,"S1",null],[[true,false,null],[1,2,null],[0.1,0.2,null],["S1","S2",null],[null,null,null],[],[true,1,0.1,"S1",null]]]] |
| [[true,false,null],[1,2,null],[0.1,0.2,null],["S1","S2",null],[null,null,null],[],[true,1,0.1,"S1",null],[[true,false,null],[1,2,null],[0.1,0.2,null],["S1","S2",null],[null,null,null],[],[true,1,0.1,"S1",null],[[true,false,null],[1,2,null],[0.1,0.2,null],["S1","S2",null],[null,null,null],[],[true,1,0.1,"S1",null]]]] |
| [[true,false,null],[1,2,null],[0.1,0.2,null],["S1","S2",null],[null,null,null],[],[true,1,0.1,"S1",null],[[true,false,null],[1,2,null],[0.1,0.2,null],["S1","S2",null],[null,null,null],[],[true,1,0.1,"S1",null],[[true,false,null],[1,2,null],[0.1,0.2,null],["S1","S2",null],[null,null,null],[],[true,1,0.1,"S1",null]]]] |
| [[true,false,null],[1,2,null],[0.1,0.2,null],["S1","S2",null],[null,null,null],[],[true,1,0.1,"S1",null],[[true,false,null],[1,2,null],[0.1,0.2,null],["S1","S2",null],[null,null,null],[],[true,1,0.1,"S1",null],[[true,false,null],[1,2,null],[0.1,0.2,null],["S1","S2",null],[null,null,null],[],[true,1,0.1,"S1",null]]]] |
| [[true,false,null],[1,2,null],[0.1,0.2,null],["S1","S2",null],[null,null,null],[],[true,1,0.1,"S1",null],[[true,false,null],[1,2,null],[0.1,0.2,null],["S1","S2",null],[null,null,null],[],[true,1,0.1,"S1",null],[[true,false,null],[1,2,null],[0.1,0.2,null],["S1","S2",null],[null,null,null],[],[true,1,0.1,"S1",null]]]] |
| [[true,false,null],[1,2,null],[0.1,0.2,null],["S1","S2",null],[null,null,null],[],[true,1,0.1,"S1",null],[[true,false,null],[1,2,null],[0.1,0.2,null],["S1","S2",null],[null,null,null],[],[true,1,0.1,"S1",null],[[true,false,null],[1,2,null],[0.1,0.2,null],["S1","S2",null],[null,null,null],[],[true,1,0.1,"S1",null]]]] |
| [[true,false,null],[1,2,null],[0.1,0.2,null],["S1","S2",null],[null,null,null],[],[true,1,0.1,"S1",null],[[true,false,null],[1,2,null],[0.1,0.2,null],["S1","S2",null],[null,null,null],[],[true,1,0.1,"S1",null],[[true,false,null],[1,2,null],[0.1,0.2,null],["S1","S2",null],[null,null,null],[],[true,1,0.1,"S1",null]]]] |
| [[true,false,null],[1,2,null],[0.1,0.2,null],["S1","S2",null],[null,null,null],[],[true,1,0.1,"S1",null],[[true,false,null],[1,2,null],[0.1,0.2,null],["S1","S2",null],[null,null,null],[],[true,1,0.1,"S1",null],[[true,false,null],[1,2,null],[0.1,0.2,null],["S1","S2",null],[null,null,null],[],[true,1,0.1,"S1",null]]]] |
+-------------------------------------------------------------------------------------------------------------------------------------------------------------------------------------------------------------------------------------------------------------------------------------------------------------------------------+
(16 rows)

!ok

#-------------------------------------------------------------------------
# Total query count 169 Positive tests: 25 Negative tests: 144
#-------------------------------------------------------------------------
