!set useApproximateCountDistinct false
!use druidtest://?componentSupplier=StandardComponentSupplier&datasets=sql/src/test/quidem/qatests/qaArray/sql
!set outputformat mysql
SELECT count(*) cnt
FROM test_array;
+-----+
| cnt |
+-----+
|   4 |
+-----+
(1 row)

!ok

#-------------------------------------------------------------------------
# TESTCASE: test_order_by TEST_ID: A1_B1 TYPE: POSITIVE TEST
#-------------------------------------------------------------------------
SELECT __time,
       count(*) cnt
FROM test_array
GROUP BY __time
ORDER BY __time ASC;
+-------------------------+-----+
| __time                  | cnt |
+-------------------------+-----+
| 2022-01-01 00:00:00.000 |   2 |
| 2022-02-01 00:00:00.000 |   2 |
+-------------------------+-----+
(2 rows)

!ok

#-------------------------------------------------------------------------
# TESTCASE: test_order_by TEST_ID: A1_B3 TYPE: POSITIVE TEST
#-------------------------------------------------------------------------
SELECT __time,
       count(*) cnt
FROM test_array
GROUP BY __time
ORDER BY __time DESC;
+-------------------------+-----+
| __time                  | cnt |
+-------------------------+-----+
| 2022-02-01 00:00:00.000 |   2 |
| 2022-01-01 00:00:00.000 |   2 |
+-------------------------+-----+
(2 rows)

!ok

#-------------------------------------------------------------------------
# TESTCASE: test_order_by TEST_ID: A1_B5 TYPE: POSITIVE TEST
#-------------------------------------------------------------------------
SELECT __time
FROM test_array
ORDER BY __time ASC;
+-------------------------+
| __time                  |
+-------------------------+
| 2022-01-01 00:00:00.000 |
| 2022-01-01 00:00:00.000 |
| 2022-02-01 00:00:00.000 |
| 2022-02-01 00:00:00.000 |
+-------------------------+
(4 rows)

!ok

#-------------------------------------------------------------------------
# TESTCASE: test_order_by TEST_ID: A1_B7 TYPE: POSITIVE TEST
#-------------------------------------------------------------------------
SELECT __time
FROM test_array
ORDER BY 1 DESC;
+-------------------------+
| __time                  |
+-------------------------+
| 2022-02-01 00:00:00.000 |
| 2022-02-01 00:00:00.000 |
| 2022-01-01 00:00:00.000 |
| 2022-01-01 00:00:00.000 |
+-------------------------+
(4 rows)

!ok

#-------------------------------------------------------------------------
# TESTCASE: test_order_by TEST_ID: A1_B9 TYPE: POSITIVE TEST
#-------------------------------------------------------------------------
SELECT __time
FROM
  (SELECT __time
   FROM test_array
   ORDER BY __time ASC);
+-------------------------+
| __time                  |
+-------------------------+
| 2022-01-01 00:00:00.000 |
| 2022-01-01 00:00:00.000 |
| 2022-02-01 00:00:00.000 |
| 2022-02-01 00:00:00.000 |
+-------------------------+
(4 rows)

!ok

#-------------------------------------------------------------------------
# TESTCASE: test_order_by TEST_ID: A1_B11 TYPE: POSITIVE TEST
#-------------------------------------------------------------------------
SELECT __time
FROM
  (SELECT __time
   FROM test_array
   ORDER BY 1 DESC);
+-------------------------+
| __time                  |
+-------------------------+
| 2022-01-01 00:00:00.000 |
| 2022-01-01 00:00:00.000 |
| 2022-02-01 00:00:00.000 |
| 2022-02-01 00:00:00.000 |
+-------------------------+
(4 rows)

!ok

#-------------------------------------------------------------------------
# TESTCASE: test_order_by TEST_ID: A2_B1 TYPE: POSITIVE TEST
#-------------------------------------------------------------------------
SELECT a_bool c,
       count(*) cnt
FROM test_array
GROUP BY a_bool
ORDER BY a_bool ASC;
+--------------+-----+
| c            | cnt |
+--------------+-----+
| [null, 0, 1] |   2 |
| [1, 0, null] |   2 |
+--------------+-----+
(2 rows)

!ok

#-------------------------------------------------------------------------
# TESTCASE: test_order_by TEST_ID: A2_B3 TYPE: POSITIVE TEST
#-------------------------------------------------------------------------
SELECT a_bool c,
       count(*) cnt
FROM test_array
GROUP BY 1
ORDER BY 1 DESC;
+--------------+-----+
| c            | cnt |
+--------------+-----+
| [1, 0, null] |   2 |
| [null, 0, 1] |   2 |
+--------------+-----+
(2 rows)

!ok

#-------------------------------------------------------------------------
# TESTCASE: test_order_by TEST_ID: A2_B5 TYPE: NEGATIVE TEST
#-------------------------------------------------------------------------
SELECT a_bool c
FROM test_array
ORDER BY c ASC;
QueryInterruptedException
!error

#-------------------------------------------------------------------------
# TESTCASE: test_order_by TEST_ID: A2_B6 TYPE: NEGATIVE TEST
#-------------------------------------------------------------------------
SELECT a_bool c
FROM test_array
ORDER BY 1 DESC;
QueryInterruptedException
!error

#-------------------------------------------------------------------------
# TESTCASE: test_order_by TEST_ID: A2_B7 TYPE: POSITIVE TEST
#-------------------------------------------------------------------------
SELECT c
FROM
  (SELECT a_bool c
   FROM test_array
   ORDER BY c ASC);
+--------------+
| c            |
+--------------+
| [1, 0, null] |
| [1, 0, null] |
| [null, 0, 1] |
| [null, 0, 1] |
+--------------+
(4 rows)

!ok

#-------------------------------------------------------------------------
# TESTCASE: test_order_by TEST_ID: A2_B9 TYPE: POSITIVE TEST
#-------------------------------------------------------------------------
SELECT c
FROM
  (SELECT a_bool c
   FROM test_array
   ORDER BY 1 DESC);
+--------------+
| c            |
+--------------+
| [1, 0, null] |
| [1, 0, null] |
| [null, 0, 1] |
| [null, 0, 1] |
+--------------+
(4 rows)

!ok

#-------------------------------------------------------------------------
# TESTCASE: test_order_by TEST_ID: A5_B1 TYPE: POSITIVE TEST
#-------------------------------------------------------------------------
SELECT a_int c,
       count(*) cnt
FROM test_array
GROUP BY a_int
ORDER BY a_int ASC;
+--------------+-----+
| c            | cnt |
+--------------+-----+
| [null, 2, 1] |   2 |
| [1, 2, null] |   2 |
+--------------+-----+
(2 rows)

!ok

#-------------------------------------------------------------------------
# TESTCASE: test_order_by TEST_ID: A5_B3 TYPE: POSITIVE TEST
#-------------------------------------------------------------------------
SELECT a_int c,
       count(*) cnt
FROM test_array
GROUP BY 1
ORDER BY 1 DESC;
+--------------+-----+
| c            | cnt |
+--------------+-----+
| [1, 2, null] |   2 |
| [null, 2, 1] |   2 |
+--------------+-----+
(2 rows)

!ok

#-------------------------------------------------------------------------
# TESTCASE: test_order_by TEST_ID: A5_B5 TYPE: NEGATIVE TEST
#-------------------------------------------------------------------------
SELECT a_int c
FROM test_array
ORDER BY c ASC;
QueryInterruptedException
!error

#-------------------------------------------------------------------------
# TESTCASE: test_order_by TEST_ID: A5_B6 TYPE: NEGATIVE TEST
#-------------------------------------------------------------------------
SELECT a_int c
FROM test_array
ORDER BY 1 DESC;
QueryInterruptedException
!error

#-------------------------------------------------------------------------
# TESTCASE: test_order_by TEST_ID: A5_B7 TYPE: POSITIVE TEST
#-------------------------------------------------------------------------
SELECT c
FROM
  (SELECT a_int c
   FROM test_array
   ORDER BY c ASC);
+--------------+
| c            |
+--------------+
| [1, 2, null] |
| [1, 2, null] |
| [null, 2, 1] |
| [null, 2, 1] |
+--------------+
(4 rows)

!ok

#-------------------------------------------------------------------------
# TESTCASE: test_order_by TEST_ID: A5_B9 TYPE: POSITIVE TEST
#-------------------------------------------------------------------------
SELECT c
FROM
  (SELECT a_int c
   FROM test_array
   ORDER BY 1 DESC);
+--------------+
| c            |
+--------------+
| [1, 2, null] |
| [1, 2, null] |
| [null, 2, 1] |
| [null, 2, 1] |
+--------------+
(4 rows)

!ok

#-------------------------------------------------------------------------
# TESTCASE: test_order_by TEST_ID: A6_B1 TYPE: POSITIVE TEST
#-------------------------------------------------------------------------
SELECT json_value(a_nested, '$[1]' RETURNING bigint array) c,
       count(*) cnt
FROM test_array
GROUP BY json_value(a_nested, '$[1]' RETURNING bigint array)
ORDER BY json_value(a_nested, '$[1]' RETURNING bigint array) ASC;
+--------------+-----+
| c            | cnt |
+--------------+-----+
| [null, 2, 1] |   2 |
| [1, 2, null] |   2 |
+--------------+-----+
(2 rows)

!ok

#-------------------------------------------------------------------------
# TESTCASE: test_order_by TEST_ID: A6_B3 TYPE: POSITIVE TEST
#-------------------------------------------------------------------------
SELECT json_value(a_nested, '$[1]' RETURNING bigint array) c,
       count(*) cnt
FROM test_array
GROUP BY 1
ORDER BY 1 DESC;
+--------------+-----+
| c            | cnt |
+--------------+-----+
| [1, 2, null] |   2 |
| [null, 2, 1] |   2 |
+--------------+-----+
(2 rows)

!ok

#-------------------------------------------------------------------------
# TESTCASE: test_order_by TEST_ID: A6_B5 TYPE: NEGATIVE TEST
#-------------------------------------------------------------------------
SELECT json_value(a_nested, '$[1]' RETURNING bigint array) c
FROM test_array
ORDER BY c ASC;
QueryInterruptedException
!error

#-------------------------------------------------------------------------
# TESTCASE: test_order_by TEST_ID: A6_B6 TYPE: NEGATIVE TEST
#-------------------------------------------------------------------------
SELECT json_value(a_nested, '$[1]' RETURNING bigint array) c
FROM test_array
ORDER BY 1 DESC;
QueryInterruptedException
!error

#-------------------------------------------------------------------------
# TESTCASE: test_order_by TEST_ID: A6_B7 TYPE: POSITIVE TEST
#-------------------------------------------------------------------------
SELECT c
FROM
  (SELECT json_value(a_nested, '$[1]' RETURNING bigint array) c
   FROM test_array
   ORDER BY c ASC);
+--------------+
| c            |
+--------------+
| [1, 2, null] |
| [1, 2, null] |
| [null, 2, 1] |
| [null, 2, 1] |
+--------------+
(4 rows)

!ok

#-------------------------------------------------------------------------
# TESTCASE: test_order_by TEST_ID: A6_B9 TYPE: POSITIVE TEST
#-------------------------------------------------------------------------
SELECT c
FROM
  (SELECT json_value(a_nested, '$[1]' RETURNING bigint array) c
   FROM test_array
   ORDER BY 1 DESC);
+--------------+
| c            |
+--------------+
| [1, 2, null] |
| [1, 2, null] |
| [null, 2, 1] |
| [null, 2, 1] |
+--------------+
(4 rows)

!ok

#-------------------------------------------------------------------------
# TESTCASE: test_order_by TEST_ID: A7_B1 TYPE: POSITIVE TEST
#-------------------------------------------------------------------------
SELECT json_value(a_nested, '$[7][1]' RETURNING bigint array) c,
       count(*) cnt
FROM test_array
GROUP BY json_value(a_nested, '$[7][1]' RETURNING bigint array)
ORDER BY json_value(a_nested, '$[7][1]' RETURNING bigint array) ASC;
+--------------+-----+
| c            | cnt |
+--------------+-----+
| [null, 2, 1] |   2 |
| [1, 2, null] |   2 |
+--------------+-----+
(2 rows)

!ok

#-------------------------------------------------------------------------
# TESTCASE: test_order_by TEST_ID: A7_B3 TYPE: POSITIVE TEST
#-------------------------------------------------------------------------
SELECT json_value(a_nested, '$[7][1]' RETURNING bigint array) c,
       count(*) cnt
FROM test_array
GROUP BY 1
ORDER BY 1 DESC;
+--------------+-----+
| c            | cnt |
+--------------+-----+
| [1, 2, null] |   2 |
| [null, 2, 1] |   2 |
+--------------+-----+
(2 rows)

!ok

#-------------------------------------------------------------------------
# TESTCASE: test_order_by TEST_ID: A7_B5 TYPE: NEGATIVE TEST
#-------------------------------------------------------------------------
SELECT json_value(a_nested, '$[7][1]' RETURNING bigint array) c
FROM test_array
ORDER BY c ASC;
QueryInterruptedException
!error

#-------------------------------------------------------------------------
# TESTCASE: test_order_by TEST_ID: A7_B6 TYPE: NEGATIVE TEST
#-------------------------------------------------------------------------
SELECT json_value(a_nested, '$[7][1]' RETURNING bigint array) c
FROM test_array
ORDER BY 1 DESC;
QueryInterruptedException
!error

#-------------------------------------------------------------------------
# TESTCASE: test_order_by TEST_ID: A7_B7 TYPE: POSITIVE TEST
#-------------------------------------------------------------------------
SELECT c
FROM
  (SELECT json_value(a_nested, '$[7][1]' RETURNING bigint array) c
   FROM test_array
   ORDER BY c ASC);
+--------------+
| c            |
+--------------+
| [1, 2, null] |
| [1, 2, null] |
| [null, 2, 1] |
| [null, 2, 1] |
+--------------+
(4 rows)

!ok

#-------------------------------------------------------------------------
# TESTCASE: test_order_by TEST_ID: A7_B9 TYPE: POSITIVE TEST
#-------------------------------------------------------------------------
SELECT c
FROM
  (SELECT json_value(a_nested, '$[7][1]' RETURNING bigint array) c
   FROM test_array
   ORDER BY 1 DESC);
+--------------+
| c            |
+--------------+
| [1, 2, null] |
| [1, 2, null] |
| [null, 2, 1] |
| [null, 2, 1] |
+--------------+
(4 rows)

!ok

#-------------------------------------------------------------------------
# TESTCASE: test_order_by TEST_ID: A8_B1 TYPE: POSITIVE TEST
#-------------------------------------------------------------------------
SELECT a_float c,
       count(*) cnt
FROM test_array
GROUP BY a_float
ORDER BY a_float ASC;
+------------------+-----+
| c                | cnt |
+------------------+-----+
| [null, 0.2, 0.1] |   2 |
| [0.1, 0.2, null] |   2 |
+------------------+-----+
(2 rows)

!ok

#-------------------------------------------------------------------------
# TESTCASE: test_order_by TEST_ID: A8_B3 TYPE: POSITIVE TEST
#-------------------------------------------------------------------------
SELECT a_float c,
       count(*) cnt
FROM test_array
GROUP BY 1
ORDER BY 1 DESC;
+------------------+-----+
| c                | cnt |
+------------------+-----+
| [0.1, 0.2, null] |   2 |
| [null, 0.2, 0.1] |   2 |
+------------------+-----+
(2 rows)

!ok

#-------------------------------------------------------------------------
# TESTCASE: test_order_by TEST_ID: A8_B5 TYPE: NEGATIVE TEST
#-------------------------------------------------------------------------
SELECT a_float c
FROM test_array
ORDER BY c ASC;
QueryInterruptedException
!error

#-------------------------------------------------------------------------
# TESTCASE: test_order_by TEST_ID: A8_B6 TYPE: NEGATIVE TEST
#-------------------------------------------------------------------------
SELECT a_float c
FROM test_array
ORDER BY 1 DESC;
QueryInterruptedException
!error

#-------------------------------------------------------------------------
# TESTCASE: test_order_by TEST_ID: A8_B7 TYPE: POSITIVE TEST
#-------------------------------------------------------------------------
SELECT c
FROM
  (SELECT a_float c
   FROM test_array
   ORDER BY c ASC);
+------------------+
| c                |
+------------------+
| [0.1, 0.2, null] |
| [0.1, 0.2, null] |
| [null, 0.2, 0.1] |
| [null, 0.2, 0.1] |
+------------------+
(4 rows)

!ok

#-------------------------------------------------------------------------
# TESTCASE: test_order_by TEST_ID: A8_B9 TYPE: POSITIVE TEST
#-------------------------------------------------------------------------
SELECT c
FROM
  (SELECT a_float c
   FROM test_array
   ORDER BY 1 DESC);
+------------------+
| c                |
+------------------+
| [0.1, 0.2, null] |
| [0.1, 0.2, null] |
| [null, 0.2, 0.1] |
| [null, 0.2, 0.1] |
+------------------+
(4 rows)

!ok

#-------------------------------------------------------------------------
# TESTCASE: test_order_by TEST_ID: A9_B1 TYPE: POSITIVE TEST
#-------------------------------------------------------------------------
SELECT json_value(a_nested, '$[2]' RETURNING decimal array) c,
       count(*) cnt
FROM test_array
GROUP BY json_value(a_nested, '$[2]' RETURNING decimal array)
ORDER BY json_value(a_nested, '$[2]' RETURNING decimal array) ASC;
+------------------+-----+
| c                | cnt |
+------------------+-----+
| [null, 0.2, 0.1] |   2 |
| [0.1, 0.2, null] |   2 |
+------------------+-----+
(2 rows)

!ok

#-------------------------------------------------------------------------
# TESTCASE: test_order_by TEST_ID: A9_B3 TYPE: POSITIVE TEST
#-------------------------------------------------------------------------
SELECT json_value(a_nested, '$[2]' RETURNING decimal array) c,
       count(*) cnt
FROM test_array
GROUP BY 1
ORDER BY 1 DESC;
+------------------+-----+
| c                | cnt |
+------------------+-----+
| [0.1, 0.2, null] |   2 |
| [null, 0.2, 0.1] |   2 |
+------------------+-----+
(2 rows)

!ok

#-------------------------------------------------------------------------
# TESTCASE: test_order_by TEST_ID: A9_B5 TYPE: NEGATIVE TEST
#-------------------------------------------------------------------------
SELECT json_value(a_nested, '$[2]' RETURNING decimal array) c
FROM test_array
ORDER BY c ASC;
QueryInterruptedException
!error

#-------------------------------------------------------------------------
# TESTCASE: test_order_by TEST_ID: A9_B6 TYPE: NEGATIVE TEST
#-------------------------------------------------------------------------
SELECT json_value(a_nested, '$[2]' RETURNING decimal array) c
FROM test_array
ORDER BY 1 DESC;
QueryInterruptedException
!error

#-------------------------------------------------------------------------
# TESTCASE: test_order_by TEST_ID: A9_B7 TYPE: POSITIVE TEST
#-------------------------------------------------------------------------
SELECT c
FROM
  (SELECT json_value(a_nested, '$[2]' RETURNING decimal array) c
   FROM test_array
   ORDER BY c ASC);
+------------------+
| c                |
+------------------+
| [0.1, 0.2, null] |
| [0.1, 0.2, null] |
| [null, 0.2, 0.1] |
| [null, 0.2, 0.1] |
+------------------+
(4 rows)

!ok

#-------------------------------------------------------------------------
# TESTCASE: test_order_by TEST_ID: A9_B9 TYPE: POSITIVE TEST
#-------------------------------------------------------------------------
SELECT c
FROM
  (SELECT json_value(a_nested, '$[2]' RETURNING decimal array) c
   FROM test_array
   ORDER BY 1 DESC);
+------------------+
| c                |
+------------------+
| [0.1, 0.2, null] |
| [0.1, 0.2, null] |
| [null, 0.2, 0.1] |
| [null, 0.2, 0.1] |
+------------------+
(4 rows)

!ok

#-------------------------------------------------------------------------
# TESTCASE: test_order_by TEST_ID: A10_B1 TYPE: POSITIVE TEST
#-------------------------------------------------------------------------
SELECT json_value(a_nested, '$[7][2]' RETURNING decimal array) c,
       count(*) cnt
FROM test_array
GROUP BY json_value(a_nested, '$[7][2]' RETURNING decimal array)
ORDER BY json_value(a_nested, '$[7][2]' RETURNING decimal array) ASC;
+------------------+-----+
| c                | cnt |
+------------------+-----+
| [null, 0.2, 0.1] |   2 |
| [0.1, 0.2, null] |   2 |
+------------------+-----+
(2 rows)

!ok

#-------------------------------------------------------------------------
# TESTCASE: test_order_by TEST_ID: A10_B3 TYPE: POSITIVE TEST
#-------------------------------------------------------------------------
SELECT json_value(a_nested, '$[7][2]' RETURNING decimal array) c,
       count(*) cnt
FROM test_array
GROUP BY 1
ORDER BY 1 DESC;
+------------------+-----+
| c                | cnt |
+------------------+-----+
| [0.1, 0.2, null] |   2 |
| [null, 0.2, 0.1] |   2 |
+------------------+-----+
(2 rows)

!ok

#-------------------------------------------------------------------------
# TESTCASE: test_order_by TEST_ID: A10_B5 TYPE: NEGATIVE TEST
#-------------------------------------------------------------------------
SELECT json_value(a_nested, '$[7][2]' RETURNING decimal array) c
FROM test_array
ORDER BY c ASC;
QueryInterruptedException
!error

#-------------------------------------------------------------------------
# TESTCASE: test_order_by TEST_ID: A10_B6 TYPE: NEGATIVE TEST
#-------------------------------------------------------------------------
SELECT json_value(a_nested, '$[7][2]' RETURNING decimal array) c
FROM test_array
ORDER BY 1 DESC;
QueryInterruptedException
!error

#-------------------------------------------------------------------------
# TESTCASE: test_order_by TEST_ID: A10_B7 TYPE: POSITIVE TEST
#-------------------------------------------------------------------------
SELECT c
FROM
  (SELECT json_value(a_nested, '$[7][2]' RETURNING decimal array) c
   FROM test_array
   ORDER BY c ASC);
+------------------+
| c                |
+------------------+
| [0.1, 0.2, null] |
| [0.1, 0.2, null] |
| [null, 0.2, 0.1] |
| [null, 0.2, 0.1] |
+------------------+
(4 rows)

!ok

#-------------------------------------------------------------------------
# TESTCASE: test_order_by TEST_ID: A10_B9 TYPE: POSITIVE TEST
#-------------------------------------------------------------------------
SELECT c
FROM
  (SELECT json_value(a_nested, '$[7][2]' RETURNING decimal array) c
   FROM test_array
   ORDER BY 1 DESC);
+------------------+
| c                |
+------------------+
| [0.1, 0.2, null] |
| [0.1, 0.2, null] |
| [null, 0.2, 0.1] |
| [null, 0.2, 0.1] |
+------------------+
(4 rows)

!ok

#-------------------------------------------------------------------------
# TESTCASE: test_order_by TEST_ID: A11_B1 TYPE: POSITIVE TEST
#-------------------------------------------------------------------------
SELECT a_str c,
       count(*) cnt
FROM test_array
GROUP BY a_str
ORDER BY a_str ASC;
+----------------+-----+
| c              | cnt |
+----------------+-----+
| [null, S2, S1] |   2 |
| [S1, S2, null] |   2 |
+----------------+-----+
(2 rows)

!ok

#-------------------------------------------------------------------------
# TESTCASE: test_order_by TEST_ID: A11_B3 TYPE: POSITIVE TEST
#-------------------------------------------------------------------------
SELECT a_str c,
       count(*) cnt
FROM test_array
GROUP BY 1
ORDER BY 1 DESC;
+----------------+-----+
| c              | cnt |
+----------------+-----+
| [S1, S2, null] |   2 |
| [null, S2, S1] |   2 |
+----------------+-----+
(2 rows)

!ok

#-------------------------------------------------------------------------
# TESTCASE: test_order_by TEST_ID: A11_B5 TYPE: NEGATIVE TEST
#-------------------------------------------------------------------------
SELECT a_str c
FROM test_array
ORDER BY c ASC;
QueryInterruptedException
!error

#-------------------------------------------------------------------------
# TESTCASE: test_order_by TEST_ID: A11_B6 TYPE: NEGATIVE TEST
#-------------------------------------------------------------------------
SELECT a_str c
FROM test_array
ORDER BY 1 DESC;
QueryInterruptedException
!error

#-------------------------------------------------------------------------
# TESTCASE: test_order_by TEST_ID: A11_B7 TYPE: POSITIVE TEST
#-------------------------------------------------------------------------
SELECT c
FROM
  (SELECT a_str c
   FROM test_array
   ORDER BY c ASC);
+----------------+
| c              |
+----------------+
| [S1, S2, null] |
| [S1, S2, null] |
| [null, S2, S1] |
| [null, S2, S1] |
+----------------+
(4 rows)

!ok

#-------------------------------------------------------------------------
# TESTCASE: test_order_by TEST_ID: A11_B9 TYPE: POSITIVE TEST
#-------------------------------------------------------------------------
SELECT c
FROM
  (SELECT a_str c
   FROM test_array
   ORDER BY 1 DESC);
+----------------+
| c              |
+----------------+
| [S1, S2, null] |
| [S1, S2, null] |
| [null, S2, S1] |
| [null, S2, S1] |
+----------------+
(4 rows)

!ok

#-------------------------------------------------------------------------
# TESTCASE: test_order_by TEST_ID: A12_B1 TYPE: POSITIVE TEST
#-------------------------------------------------------------------------
SELECT json_value(a_nested, '$[3]' RETURNING varchar array) c,
       count(*) cnt
FROM test_array
GROUP BY json_value(a_nested, '$[3]' RETURNING varchar array)
ORDER BY json_value(a_nested, '$[3]' RETURNING varchar array) ASC;
+----------------+-----+
| c              | cnt |
+----------------+-----+
| [null, S2, S1] |   2 |
| [S1, S2, null] |   2 |
+----------------+-----+
(2 rows)

!ok

#-------------------------------------------------------------------------
# TESTCASE: test_order_by TEST_ID: A12_B3 TYPE: POSITIVE TEST
#-------------------------------------------------------------------------
SELECT json_value(a_nested, '$[3]' RETURNING varchar array) c,
       count(*) cnt
FROM test_array
GROUP BY 1
ORDER BY 1 DESC;
+----------------+-----+
| c              | cnt |
+----------------+-----+
| [S1, S2, null] |   2 |
| [null, S2, S1] |   2 |
+----------------+-----+
(2 rows)

!ok

#-------------------------------------------------------------------------
# TESTCASE: test_order_by TEST_ID: A12_B5 TYPE: NEGATIVE TEST
#-------------------------------------------------------------------------
SELECT json_value(a_nested, '$[3]' RETURNING varchar array) c
FROM test_array
ORDER BY c ASC;
QueryInterruptedException
!error

#-------------------------------------------------------------------------
# TESTCASE: test_order_by TEST_ID: A12_B6 TYPE: NEGATIVE TEST
#-------------------------------------------------------------------------
SELECT json_value(a_nested, '$[3]' RETURNING varchar array) c
FROM test_array
ORDER BY 1 DESC;
QueryInterruptedException
!error

#-------------------------------------------------------------------------
# TESTCASE: test_order_by TEST_ID: A12_B7 TYPE: POSITIVE TEST
#-------------------------------------------------------------------------
SELECT c
FROM
  (SELECT json_value(a_nested, '$[3]' RETURNING varchar array) c
   FROM test_array
   ORDER BY c ASC);
+----------------+
| c              |
+----------------+
| [S1, S2, null] |
| [S1, S2, null] |
| [null, S2, S1] |
| [null, S2, S1] |
+----------------+
(4 rows)

!ok

#-------------------------------------------------------------------------
# TESTCASE: test_order_by TEST_ID: A12_B9 TYPE: POSITIVE TEST
#-------------------------------------------------------------------------
SELECT c
FROM
  (SELECT json_value(a_nested, '$[3]' RETURNING varchar array) c
   FROM test_array
   ORDER BY 1 DESC);
+----------------+
| c              |
+----------------+
| [S1, S2, null] |
| [S1, S2, null] |
| [null, S2, S1] |
| [null, S2, S1] |
+----------------+
(4 rows)

!ok

#-------------------------------------------------------------------------
# TESTCASE: test_order_by TEST_ID: A13_B1 TYPE: POSITIVE TEST
#-------------------------------------------------------------------------
SELECT json_value(a_nested, '$[7][3]' RETURNING varchar array) c,
       count(*) cnt
FROM test_array
GROUP BY json_value(a_nested, '$[7][3]' RETURNING varchar array)
ORDER BY json_value(a_nested, '$[7][3]' RETURNING varchar array) ASC;
+----------------+-----+
| c              | cnt |
+----------------+-----+
| [null, S2, S1] |   2 |
| [S1, S2, null] |   2 |
+----------------+-----+
(2 rows)

!ok

#-------------------------------------------------------------------------
# TESTCASE: test_order_by TEST_ID: A13_B3 TYPE: POSITIVE TEST
#-------------------------------------------------------------------------
SELECT json_value(a_nested, '$[7][3]' RETURNING varchar array) c,
       count(*) cnt
FROM test_array
GROUP BY 1
ORDER BY 1 DESC;
+----------------+-----+
| c              | cnt |
+----------------+-----+
| [S1, S2, null] |   2 |
| [null, S2, S1] |   2 |
+----------------+-----+
(2 rows)

!ok

#-------------------------------------------------------------------------
# TESTCASE: test_order_by TEST_ID: A13_B5 TYPE: NEGATIVE TEST
#-------------------------------------------------------------------------
SELECT json_value(a_nested, '$[7][3]' RETURNING varchar array) c
FROM test_array
ORDER BY c ASC;
QueryInterruptedException
!error

#-------------------------------------------------------------------------
# TESTCASE: test_order_by TEST_ID: A13_B6 TYPE: NEGATIVE TEST
#-------------------------------------------------------------------------
SELECT json_value(a_nested, '$[7][3]' RETURNING varchar array) c
FROM test_array
ORDER BY 1 DESC;
QueryInterruptedException
!error

#-------------------------------------------------------------------------
# TESTCASE: test_order_by TEST_ID: A13_B7 TYPE: POSITIVE TEST
#-------------------------------------------------------------------------
SELECT c
FROM
  (SELECT json_value(a_nested, '$[7][3]' RETURNING varchar array) c
   FROM test_array
   ORDER BY c ASC);
+----------------+
| c              |
+----------------+
| [S1, S2, null] |
| [S1, S2, null] |
| [null, S2, S1] |
| [null, S2, S1] |
+----------------+
(4 rows)

!ok

#-------------------------------------------------------------------------
# TESTCASE: test_order_by TEST_ID: A13_B9 TYPE: POSITIVE TEST
#-------------------------------------------------------------------------
SELECT c
FROM
  (SELECT json_value(a_nested, '$[7][3]' RETURNING varchar array) c
   FROM test_array
   ORDER BY 1 DESC);
+----------------+
| c              |
+----------------+
| [S1, S2, null] |
| [S1, S2, null] |
| [null, S2, S1] |
| [null, S2, S1] |
+----------------+
(4 rows)

!ok

#-------------------------------------------------------------------------
# TESTCASE: test_order_by TEST_ID: A14_B1 TYPE: POSITIVE TEST
#-------------------------------------------------------------------------
SELECT a_null c,
       count(*) cnt
FROM test_array
GROUP BY a_null
ORDER BY a_null ASC;
+--------------------+-----+
| c                  | cnt |
+--------------------+-----+
| [null, null, null] |   4 |
+--------------------+-----+
(1 row)

!ok

#-------------------------------------------------------------------------
# TESTCASE: test_order_by TEST_ID: A14_B3 TYPE: POSITIVE TEST
#-------------------------------------------------------------------------
SELECT a_null c,
       count(*) cnt
FROM test_array
GROUP BY 1
ORDER BY 1 DESC;
+--------------------+-----+
| c                  | cnt |
+--------------------+-----+
| [null, null, null] |   4 |
+--------------------+-----+
(1 row)

!ok

#-------------------------------------------------------------------------
# TESTCASE: test_order_by TEST_ID: A14_B5 TYPE: NEGATIVE TEST
#-------------------------------------------------------------------------
SELECT a_null c
FROM test_array
ORDER BY c ASC;
QueryInterruptedException
!error

#-------------------------------------------------------------------------
# TESTCASE: test_order_by TEST_ID: A14_B6 TYPE: NEGATIVE TEST
#-------------------------------------------------------------------------
SELECT a_null c
FROM test_array
ORDER BY 1 DESC;
QueryInterruptedException
!error

#-------------------------------------------------------------------------
# TESTCASE: test_order_by TEST_ID: A14_B7 TYPE: POSITIVE TEST
#-------------------------------------------------------------------------
SELECT c
FROM
  (SELECT a_null c
   FROM test_array
   ORDER BY c ASC);
+--------------------+
| c                  |
+--------------------+
| [null, null, null] |
| [null, null, null] |
| [null, null, null] |
| [null, null, null] |
+--------------------+
(4 rows)

!ok

#-------------------------------------------------------------------------
# TESTCASE: test_order_by TEST_ID: A14_B9 TYPE: POSITIVE TEST
#-------------------------------------------------------------------------
SELECT c
FROM
  (SELECT a_null c
   FROM test_array
   ORDER BY 1 DESC);
+--------------------+
| c                  |
+--------------------+
| [null, null, null] |
| [null, null, null] |
| [null, null, null] |
| [null, null, null] |
+--------------------+
(4 rows)

!ok

#-------------------------------------------------------------------------
# TESTCASE: test_order_by TEST_ID: A15_B1 TYPE: POSITIVE TEST
#-------------------------------------------------------------------------
SELECT json_value(a_nested, '$[4]' RETURNING varchar array) c,
       count(*) cnt
FROM test_array
GROUP BY json_value(a_nested, '$[4]' RETURNING varchar array)
ORDER BY json_value(a_nested, '$[4]' RETURNING varchar array) ASC;
+--------------------+-----+
| c                  | cnt |
+--------------------+-----+
| [null, null, null] |   4 |
+--------------------+-----+
(1 row)

!ok

#-------------------------------------------------------------------------
# TESTCASE: test_order_by TEST_ID: A15_B3 TYPE: POSITIVE TEST
#-------------------------------------------------------------------------
SELECT json_value(a_nested, '$[4]' RETURNING varchar array) c,
       count(*) cnt
FROM test_array
GROUP BY 1
ORDER BY 1 DESC;
+--------------------+-----+
| c                  | cnt |
+--------------------+-----+
| [null, null, null] |   4 |
+--------------------+-----+
(1 row)

!ok

#-------------------------------------------------------------------------
# TESTCASE: test_order_by TEST_ID: A15_B5 TYPE: NEGATIVE TEST
#-------------------------------------------------------------------------
SELECT json_value(a_nested, '$[4]' RETURNING varchar array) c
FROM test_array
ORDER BY c ASC;
QueryInterruptedException
!error

#-------------------------------------------------------------------------
# TESTCASE: test_order_by TEST_ID: A15_B6 TYPE: NEGATIVE TEST
#-------------------------------------------------------------------------
SELECT json_value(a_nested, '$[4]' RETURNING varchar array) c
FROM test_array
ORDER BY 1 DESC;
QueryInterruptedException
!error

#-------------------------------------------------------------------------
# TESTCASE: test_order_by TEST_ID: A15_B7 TYPE: POSITIVE TEST
#-------------------------------------------------------------------------
SELECT c
FROM
  (SELECT json_value(a_nested, '$[4]' RETURNING varchar array) c
   FROM test_array
   ORDER BY c ASC);
+--------------------+
| c                  |
+--------------------+
| [null, null, null] |
| [null, null, null] |
| [null, null, null] |
| [null, null, null] |
+--------------------+
(4 rows)

!ok

#-------------------------------------------------------------------------
# TESTCASE: test_order_by TEST_ID: A15_B9 TYPE: POSITIVE TEST
#-------------------------------------------------------------------------
SELECT c
FROM
  (SELECT json_value(a_nested, '$[4]' RETURNING varchar array) c
   FROM test_array
   ORDER BY 1 DESC);
+--------------------+
| c                  |
+--------------------+
| [null, null, null] |
| [null, null, null] |
| [null, null, null] |
| [null, null, null] |
+--------------------+
(4 rows)

!ok

#-------------------------------------------------------------------------
# TESTCASE: test_order_by TEST_ID: A16_B1 TYPE: POSITIVE TEST
#-------------------------------------------------------------------------
SELECT json_value(a_nested, '$[7][4]' RETURNING varchar array) c,
       count(*) cnt
FROM test_array
GROUP BY json_value(a_nested, '$[7][4]' RETURNING varchar array)
ORDER BY json_value(a_nested, '$[7][4]' RETURNING varchar array) ASC;
+--------------------+-----+
| c                  | cnt |
+--------------------+-----+
| [null, null, null] |   4 |
+--------------------+-----+
(1 row)

!ok

#-------------------------------------------------------------------------
# TESTCASE: test_order_by TEST_ID: A16_B3 TYPE: POSITIVE TEST
#-------------------------------------------------------------------------
SELECT json_value(a_nested, '$[7][4]' RETURNING varchar array) c,
       count(*) cnt
FROM test_array
GROUP BY 1
ORDER BY 1 DESC;
+--------------------+-----+
| c                  | cnt |
+--------------------+-----+
| [null, null, null] |   4 |
+--------------------+-----+
(1 row)

!ok

#-------------------------------------------------------------------------
# TESTCASE: test_order_by TEST_ID: A16_B5 TYPE: NEGATIVE TEST
#-------------------------------------------------------------------------
SELECT json_value(a_nested, '$[7][4]' RETURNING varchar array) c
FROM test_array
ORDER BY c ASC;
QueryInterruptedException
!error

#-------------------------------------------------------------------------
# TESTCASE: test_order_by TEST_ID: A16_B6 TYPE: NEGATIVE TEST
#-------------------------------------------------------------------------
SELECT json_value(a_nested, '$[7][4]' RETURNING varchar array) c
FROM test_array
ORDER BY 1 DESC;
QueryInterruptedException
!error

#-------------------------------------------------------------------------
# TESTCASE: test_order_by TEST_ID: A16_B7 TYPE: POSITIVE TEST
#-------------------------------------------------------------------------
SELECT c
FROM
  (SELECT json_value(a_nested, '$[7][4]' RETURNING varchar array) c
   FROM test_array
   ORDER BY c ASC);
+--------------------+
| c                  |
+--------------------+
| [null, null, null] |
| [null, null, null] |
| [null, null, null] |
| [null, null, null] |
+--------------------+
(4 rows)

!ok

#-------------------------------------------------------------------------
# TESTCASE: test_order_by TEST_ID: A16_B9 TYPE: POSITIVE TEST
#-------------------------------------------------------------------------
SELECT c
FROM
  (SELECT json_value(a_nested, '$[7][4]' RETURNING varchar array) c
   FROM test_array
   ORDER BY 1 DESC);
+--------------------+
| c                  |
+--------------------+
| [null, null, null] |
| [null, null, null] |
| [null, null, null] |
| [null, null, null] |
+--------------------+
(4 rows)

!ok

#-------------------------------------------------------------------------
# TESTCASE: test_order_by TEST_ID: A17_B1 TYPE: POSITIVE TEST
#-------------------------------------------------------------------------
SELECT a_empty c,
       count(*) cnt
FROM test_array
GROUP BY a_empty
ORDER BY a_empty ASC;
+----+-----+
| c  | cnt |
+----+-----+
| [] |   4 |
+----+-----+
(1 row)

!ok

#-------------------------------------------------------------------------
# TESTCASE: test_order_by TEST_ID: A17_B3 TYPE: POSITIVE TEST
#-------------------------------------------------------------------------
SELECT a_empty c,
       count(*) cnt
FROM test_array
GROUP BY 1
ORDER BY 1 DESC;
+----+-----+
| c  | cnt |
+----+-----+
| [] |   4 |
+----+-----+
(1 row)

!ok

#-------------------------------------------------------------------------
# TESTCASE: test_order_by TEST_ID: A17_B5 TYPE: NEGATIVE TEST
#-------------------------------------------------------------------------
SELECT a_empty c
FROM test_array
ORDER BY c ASC;
QueryInterruptedException
!error

#-------------------------------------------------------------------------
# TESTCASE: test_order_by TEST_ID: A17_B6 TYPE: NEGATIVE TEST
#-------------------------------------------------------------------------
SELECT a_empty c
FROM test_array
ORDER BY 1 DESC;
QueryInterruptedException
!error

#-------------------------------------------------------------------------
# TESTCASE: test_order_by TEST_ID: A17_B7 TYPE: POSITIVE TEST
#-------------------------------------------------------------------------
SELECT c
FROM
  (SELECT a_empty c
   FROM test_array
   ORDER BY c ASC);
+----+
| c  |
+----+
| [] |
| [] |
| [] |
| [] |
+----+
(4 rows)

!ok

#-------------------------------------------------------------------------
# TESTCASE: test_order_by TEST_ID: A17_B9 TYPE: POSITIVE TEST
#-------------------------------------------------------------------------
SELECT c
FROM
  (SELECT a_empty c
   FROM test_array
   ORDER BY 1 DESC);
+----+
| c  |
+----+
| [] |
| [] |
| [] |
| [] |
+----+
(4 rows)

!ok

#-------------------------------------------------------------------------
# TESTCASE: test_order_by TEST_ID: A18_B1 TYPE: POSITIVE TEST
#-------------------------------------------------------------------------
SELECT json_value(a_nested, '$[5]' RETURNING varchar array) c,
       count(*) cnt
FROM test_array
GROUP BY json_value(a_nested, '$[5]' RETURNING varchar array)
ORDER BY json_value(a_nested, '$[5]' RETURNING varchar array) ASC;
+----+-----+
| c  | cnt |
+----+-----+
| [] |   4 |
+----+-----+
(1 row)

!ok

#-------------------------------------------------------------------------
# TESTCASE: test_order_by TEST_ID: A18_B3 TYPE: POSITIVE TEST
#-------------------------------------------------------------------------
SELECT json_value(a_nested, '$[5]' RETURNING varchar array) c,
       count(*) cnt
FROM test_array
GROUP BY 1
ORDER BY 1 DESC;
+----+-----+
| c  | cnt |
+----+-----+
| [] |   4 |
+----+-----+
(1 row)

!ok

#-------------------------------------------------------------------------
# TESTCASE: test_order_by TEST_ID: A18_B5 TYPE: NEGATIVE TEST
#-------------------------------------------------------------------------
SELECT json_value(a_nested, '$[5]' RETURNING varchar array) c
FROM test_array
ORDER BY c ASC;
QueryInterruptedException
!error

#-------------------------------------------------------------------------
# TESTCASE: test_order_by TEST_ID: A18_B6 TYPE: NEGATIVE TEST
#-------------------------------------------------------------------------
SELECT json_value(a_nested, '$[5]' RETURNING varchar array) c
FROM test_array
ORDER BY 1 DESC;
QueryInterruptedException
!error

#-------------------------------------------------------------------------
# TESTCASE: test_order_by TEST_ID: A18_B7 TYPE: POSITIVE TEST
#-------------------------------------------------------------------------
SELECT c
FROM
  (SELECT json_value(a_nested, '$[5]' RETURNING varchar array) c
   FROM test_array
   ORDER BY c ASC);
+----+
| c  |
+----+
| [] |
| [] |
| [] |
| [] |
+----+
(4 rows)

!ok

#-------------------------------------------------------------------------
# TESTCASE: test_order_by TEST_ID: A18_B9 TYPE: POSITIVE TEST
#-------------------------------------------------------------------------
SELECT c
FROM
  (SELECT json_value(a_nested, '$[5]' RETURNING varchar array) c
   FROM test_array
   ORDER BY 1 DESC);
+----+
| c  |
+----+
| [] |
| [] |
| [] |
| [] |
+----+
(4 rows)

!ok

#-------------------------------------------------------------------------
# TESTCASE: test_order_by TEST_ID: A19_B1 TYPE: POSITIVE TEST
#-------------------------------------------------------------------------
SELECT json_value(a_nested, '$[7][5]' RETURNING varchar array) c,
       count(*) cnt
FROM test_array
GROUP BY json_value(a_nested, '$[7][5]' RETURNING varchar array)
ORDER BY json_value(a_nested, '$[7][5]' RETURNING varchar array) ASC;
+----+-----+
| c  | cnt |
+----+-----+
| [] |   4 |
+----+-----+
(1 row)

!ok

#-------------------------------------------------------------------------
# TESTCASE: test_order_by TEST_ID: A19_B3 TYPE: POSITIVE TEST
#-------------------------------------------------------------------------
SELECT json_value(a_nested, '$[7][5]' RETURNING varchar array) c,
       count(*) cnt
FROM test_array
GROUP BY 1
ORDER BY 1 DESC;
+----+-----+
| c  | cnt |
+----+-----+
| [] |   4 |
+----+-----+
(1 row)

!ok

#-------------------------------------------------------------------------
# TESTCASE: test_order_by TEST_ID: A19_B5 TYPE: NEGATIVE TEST
#-------------------------------------------------------------------------
SELECT json_value(a_nested, '$[7][5]' RETURNING varchar array) c
FROM test_array
ORDER BY c ASC;
QueryInterruptedException
!error

#-------------------------------------------------------------------------
# TESTCASE: test_order_by TEST_ID: A19_B6 TYPE: NEGATIVE TEST
#-------------------------------------------------------------------------
SELECT json_value(a_nested, '$[7][5]' RETURNING varchar array) c
FROM test_array
ORDER BY 1 DESC;
QueryInterruptedException
!error

#-------------------------------------------------------------------------
# TESTCASE: test_order_by TEST_ID: A19_B7 TYPE: POSITIVE TEST
#-------------------------------------------------------------------------
SELECT c
FROM
  (SELECT json_value(a_nested, '$[7][5]' RETURNING varchar array) c
   FROM test_array
   ORDER BY c ASC);
+----+
| c  |
+----+
| [] |
| [] |
| [] |
| [] |
+----+
(4 rows)

!ok

#-------------------------------------------------------------------------
# TESTCASE: test_order_by TEST_ID: A19_B9 TYPE: POSITIVE TEST
#-------------------------------------------------------------------------
SELECT c
FROM
  (SELECT json_value(a_nested, '$[7][5]' RETURNING varchar array) c
   FROM test_array
   ORDER BY 1 DESC);
+----+
| c  |
+----+
| [] |
| [] |
| [] |
| [] |
+----+
(4 rows)

!ok

#-------------------------------------------------------------------------
# TESTCASE: test_order_by TEST_ID: A20_B1 TYPE: POSITIVE TEST
#-------------------------------------------------------------------------
SELECT a_mixed c,
       count(*) cnt
FROM test_array
GROUP BY a_mixed
ORDER BY a_mixed ASC;
+--------------------------+-----+
| c                        | cnt |
+--------------------------+-----+
| [null, S1, 0.1, 1, true] |   2 |
| [true, 1, 0.1, S1, null] |   2 |
+--------------------------+-----+
(2 rows)

!ok

#-------------------------------------------------------------------------
# TESTCASE: test_order_by TEST_ID: A20_B3 TYPE: POSITIVE TEST
#-------------------------------------------------------------------------
SELECT a_mixed c,
       count(*) cnt
FROM test_array
GROUP BY 1
ORDER BY 1 DESC;
+--------------------------+-----+
| c                        | cnt |
+--------------------------+-----+
| [true, 1, 0.1, S1, null] |   2 |
| [null, S1, 0.1, 1, true] |   2 |
+--------------------------+-----+
(2 rows)

!ok

#-------------------------------------------------------------------------
# TESTCASE: test_order_by TEST_ID: A20_B5 TYPE: NEGATIVE TEST
#-------------------------------------------------------------------------
SELECT a_mixed c
FROM test_array
ORDER BY c ASC;
QueryInterruptedException
!error

#-------------------------------------------------------------------------
# TESTCASE: test_order_by TEST_ID: A20_B6 TYPE: NEGATIVE TEST
#-------------------------------------------------------------------------
SELECT a_mixed c
FROM test_array
ORDER BY 1 DESC;
QueryInterruptedException
!error

#-------------------------------------------------------------------------
# TESTCASE: test_order_by TEST_ID: A20_B7 TYPE: POSITIVE TEST
#-------------------------------------------------------------------------
SELECT c
FROM
  (SELECT a_mixed c
   FROM test_array
   ORDER BY c ASC);
+--------------------------+
| c                        |
+--------------------------+
| [null, S1, 0.1, 1, true] |
| [null, S1, 0.1, 1, true] |
| [true, 1, 0.1, S1, null] |
| [true, 1, 0.1, S1, null] |
+--------------------------+
(4 rows)

!ok

#-------------------------------------------------------------------------
# TESTCASE: test_order_by TEST_ID: A20_B9 TYPE: POSITIVE TEST
#-------------------------------------------------------------------------
SELECT c
FROM
  (SELECT a_mixed c
   FROM test_array
   ORDER BY 1 DESC);
+--------------------------+
| c                        |
+--------------------------+
| [null, S1, 0.1, 1, true] |
| [null, S1, 0.1, 1, true] |
| [true, 1, 0.1, S1, null] |
| [true, 1, 0.1, S1, null] |
+--------------------------+
(4 rows)

!ok

#-------------------------------------------------------------------------
# TESTCASE: test_order_by TEST_ID: A21_B1 TYPE: POSITIVE TEST
#-------------------------------------------------------------------------
SELECT json_value(a_nested, '$[6]' RETURNING varchar array) c,
       count(*) cnt
FROM test_array
GROUP BY json_value(a_nested, '$[6]' RETURNING varchar array)
ORDER BY json_value(a_nested, '$[6]' RETURNING varchar array) ASC;
+--------------------------+-----+
| c                        | cnt |
+--------------------------+-----+
| [null, S1, 0.1, 1, true] |   2 |
| [true, 1, 0.1, S1, null] |   2 |
+--------------------------+-----+
(2 rows)

!ok

#-------------------------------------------------------------------------
# TESTCASE: test_order_by TEST_ID: A21_B3 TYPE: POSITIVE TEST
#-------------------------------------------------------------------------
SELECT json_value(a_nested, '$[6]' RETURNING varchar array) c,
       count(*) cnt
FROM test_array
GROUP BY 1
ORDER BY 1 DESC;
+--------------------------+-----+
| c                        | cnt |
+--------------------------+-----+
| [true, 1, 0.1, S1, null] |   2 |
| [null, S1, 0.1, 1, true] |   2 |
+--------------------------+-----+
(2 rows)

!ok

#-------------------------------------------------------------------------
# TESTCASE: test_order_by TEST_ID: A21_B5 TYPE: NEGATIVE TEST
#-------------------------------------------------------------------------
SELECT json_value(a_nested, '$[6]' RETURNING varchar array) c
FROM test_array
ORDER BY c ASC;
QueryInterruptedException
!error

#-------------------------------------------------------------------------
# TESTCASE: test_order_by TEST_ID: A21_B6 TYPE: NEGATIVE TEST
#-------------------------------------------------------------------------
SELECT json_value(a_nested, '$[6]' RETURNING varchar array) c
FROM test_array
ORDER BY 1 DESC;
QueryInterruptedException
!error

#-------------------------------------------------------------------------
# TESTCASE: test_order_by TEST_ID: A21_B7 TYPE: POSITIVE TEST
#-------------------------------------------------------------------------
SELECT c
FROM
  (SELECT json_value(a_nested, '$[6]' RETURNING varchar array) c
   FROM test_array
   ORDER BY c ASC);
+--------------------------+
| c                        |
+--------------------------+
| [null, S1, 0.1, 1, true] |
| [null, S1, 0.1, 1, true] |
| [true, 1, 0.1, S1, null] |
| [true, 1, 0.1, S1, null] |
+--------------------------+
(4 rows)

!ok

#-------------------------------------------------------------------------
# TESTCASE: test_order_by TEST_ID: A21_B9 TYPE: POSITIVE TEST
#-------------------------------------------------------------------------
SELECT c
FROM
  (SELECT json_value(a_nested, '$[6]' RETURNING varchar array) c
   FROM test_array
   ORDER BY 1 DESC);
+--------------------------+
| c                        |
+--------------------------+
| [null, S1, 0.1, 1, true] |
| [null, S1, 0.1, 1, true] |
| [true, 1, 0.1, S1, null] |
| [true, 1, 0.1, S1, null] |
+--------------------------+
(4 rows)

!ok

#-------------------------------------------------------------------------
# TESTCASE: test_order_by TEST_ID: A22_B1 TYPE: POSITIVE TEST
#-------------------------------------------------------------------------
SELECT json_value(a_nested, '$[7][6]' RETURNING varchar array) c,
       count(*) cnt
FROM test_array
GROUP BY json_value(a_nested, '$[7][6]' RETURNING varchar array)
ORDER BY json_value(a_nested, '$[7][6]' RETURNING varchar array) ASC;
+--------------------------+-----+
| c                        | cnt |
+--------------------------+-----+
| [null, S1, 0.1, 1, true] |   2 |
| [true, 1, 0.1, S1, null] |   2 |
+--------------------------+-----+
(2 rows)

!ok

#-------------------------------------------------------------------------
# TESTCASE: test_order_by TEST_ID: A22_B3 TYPE: POSITIVE TEST
#-------------------------------------------------------------------------
SELECT json_value(a_nested, '$[7][6]' RETURNING varchar array) c,
       count(*) cnt
FROM test_array
GROUP BY 1
ORDER BY 1 DESC;
+--------------------------+-----+
| c                        | cnt |
+--------------------------+-----+
| [true, 1, 0.1, S1, null] |   2 |
| [null, S1, 0.1, 1, true] |   2 |
+--------------------------+-----+
(2 rows)

!ok

#-------------------------------------------------------------------------
# TESTCASE: test_order_by TEST_ID: A22_B5 TYPE: NEGATIVE TEST
#-------------------------------------------------------------------------
SELECT json_value(a_nested, '$[7][6]' RETURNING varchar array) c
FROM test_array
ORDER BY c ASC;
QueryInterruptedException
!error

#-------------------------------------------------------------------------
# TESTCASE: test_order_by TEST_ID: A22_B6 TYPE: NEGATIVE TEST
#-------------------------------------------------------------------------
SELECT json_value(a_nested, '$[7][6]' RETURNING varchar array) c
FROM test_array
ORDER BY 1 DESC;
QueryInterruptedException
!error

#-------------------------------------------------------------------------
# TESTCASE: test_order_by TEST_ID: A22_B7 TYPE: POSITIVE TEST
#-------------------------------------------------------------------------
SELECT c
FROM
  (SELECT json_value(a_nested, '$[7][6]' RETURNING varchar array) c
   FROM test_array
   ORDER BY c ASC);
+--------------------------+
| c                        |
+--------------------------+
| [null, S1, 0.1, 1, true] |
| [null, S1, 0.1, 1, true] |
| [true, 1, 0.1, S1, null] |
| [true, 1, 0.1, S1, null] |
+--------------------------+
(4 rows)

!ok

#-------------------------------------------------------------------------
# TESTCASE: test_order_by TEST_ID: A22_B9 TYPE: POSITIVE TEST
#-------------------------------------------------------------------------
SELECT c
FROM
  (SELECT json_value(a_nested, '$[7][6]' RETURNING varchar array) c
   FROM test_array
   ORDER BY 1 DESC);
+--------------------------+
| c                        |
+--------------------------+
| [null, S1, 0.1, 1, true] |
| [null, S1, 0.1, 1, true] |
| [true, 1, 0.1, S1, null] |
| [true, 1, 0.1, S1, null] |
+--------------------------+
(4 rows)

!ok

#-------------------------------------------------------------------------
# TESTCASE: test_order_by TEST_ID: A23_B1 TYPE: POSITIVE TEST
#-------------------------------------------------------------------------
SELECT a_nested c,
       count(*) cnt
FROM test_array
GROUP BY a_nested
ORDER BY a_nested ASC;
+-------------------------------------------------------------------------------------------------------------------------------------------------------------------------------------------------------------------------------------------------------------------------------------------------------------------------------+-----+
| c                                                                                                                                                                                                                                                                                                                             | cnt |
+-------------------------------------------------------------------------------------------------------------------------------------------------------------------------------------------------------------------------------------------------------------------------------------------------------------------------------+-----+
| [[null,false,true],[null,2,1],[null,0.2,0.1],[null,"S2","S1"],[null,null,null],[],[null,"S1",0.1,1,true],[[null,false,true],[null,2,1],[null,0.2,0.1],[null,"S2","S1"],[null,null,null],[],[null,"S1",0.1,1,true],[[null,false,true],[null,2,1],[null,0.2,0.1],[null,"S2","S1"],[null,null,null],[],[null,"S1",0.1,1,true]]]] |   2 |
| [[true,false,null],[1,2,null],[0.1,0.2,null],["S1","S2",null],[null,null,null],[],[true,1,0.1,"S1",null],[[true,false,null],[1,2,null],[0.1,0.2,null],["S1","S2",null],[null,null,null],[],[true,1,0.1,"S1",null],[[true,false,null],[1,2,null],[0.1,0.2,null],["S1","S2",null],[null,null,null],[],[true,1,0.1,"S1",null]]]] |   2 |
+-------------------------------------------------------------------------------------------------------------------------------------------------------------------------------------------------------------------------------------------------------------------------------------------------------------------------------+-----+
(2 rows)

!ok

#-------------------------------------------------------------------------
# TESTCASE: test_order_by TEST_ID: A23_B3 TYPE: POSITIVE TEST
#-------------------------------------------------------------------------
SELECT a_nested c,
       count(*) cnt
FROM test_array
GROUP BY 1
ORDER BY 1 DESC;
+-------------------------------------------------------------------------------------------------------------------------------------------------------------------------------------------------------------------------------------------------------------------------------------------------------------------------------+-----+
| c                                                                                                                                                                                                                                                                                                                             | cnt |
+-------------------------------------------------------------------------------------------------------------------------------------------------------------------------------------------------------------------------------------------------------------------------------------------------------------------------------+-----+
| [[true,false,null],[1,2,null],[0.1,0.2,null],["S1","S2",null],[null,null,null],[],[true,1,0.1,"S1",null],[[true,false,null],[1,2,null],[0.1,0.2,null],["S1","S2",null],[null,null,null],[],[true,1,0.1,"S1",null],[[true,false,null],[1,2,null],[0.1,0.2,null],["S1","S2",null],[null,null,null],[],[true,1,0.1,"S1",null]]]] |   2 |
| [[null,false,true],[null,2,1],[null,0.2,0.1],[null,"S2","S1"],[null,null,null],[],[null,"S1",0.1,1,true],[[null,false,true],[null,2,1],[null,0.2,0.1],[null,"S2","S1"],[null,null,null],[],[null,"S1",0.1,1,true],[[null,false,true],[null,2,1],[null,0.2,0.1],[null,"S2","S1"],[null,null,null],[],[null,"S1",0.1,1,true]]]] |   2 |
+-------------------------------------------------------------------------------------------------------------------------------------------------------------------------------------------------------------------------------------------------------------------------------------------------------------------------------+-----+
(2 rows)

!ok

#-------------------------------------------------------------------------
# TESTCASE: test_order_by TEST_ID: A23_B5 TYPE: NEGATIVE TEST
#-------------------------------------------------------------------------
SELECT a_nested c
FROM test_array
ORDER BY c ASC;
QueryInterruptedException
!error

#-------------------------------------------------------------------------
# TESTCASE: test_order_by TEST_ID: A23_B6 TYPE: NEGATIVE TEST
#-------------------------------------------------------------------------
SELECT a_nested c
FROM test_array
ORDER BY 1 DESC;
QueryInterruptedException
!error

#-------------------------------------------------------------------------
# TESTCASE: test_order_by TEST_ID: A23_B7 TYPE: POSITIVE TEST
#-------------------------------------------------------------------------
SELECT c
FROM
  (SELECT a_nested c
   FROM test_array
   ORDER BY c ASC);
+-------------------------------------------------------------------------------------------------------------------------------------------------------------------------------------------------------------------------------------------------------------------------------------------------------------------------------+
| c                                                                                                                                                                                                                                                                                                                             |
+-------------------------------------------------------------------------------------------------------------------------------------------------------------------------------------------------------------------------------------------------------------------------------------------------------------------------------+
| [[null,false,true],[null,2,1],[null,0.2,0.1],[null,"S2","S1"],[null,null,null],[],[null,"S1",0.1,1,true],[[null,false,true],[null,2,1],[null,0.2,0.1],[null,"S2","S1"],[null,null,null],[],[null,"S1",0.1,1,true],[[null,false,true],[null,2,1],[null,0.2,0.1],[null,"S2","S1"],[null,null,null],[],[null,"S1",0.1,1,true]]]] |
| [[null,false,true],[null,2,1],[null,0.2,0.1],[null,"S2","S1"],[null,null,null],[],[null,"S1",0.1,1,true],[[null,false,true],[null,2,1],[null,0.2,0.1],[null,"S2","S1"],[null,null,null],[],[null,"S1",0.1,1,true],[[null,false,true],[null,2,1],[null,0.2,0.1],[null,"S2","S1"],[null,null,null],[],[null,"S1",0.1,1,true]]]] |
| [[true,false,null],[1,2,null],[0.1,0.2,null],["S1","S2",null],[null,null,null],[],[true,1,0.1,"S1",null],[[true,false,null],[1,2,null],[0.1,0.2,null],["S1","S2",null],[null,null,null],[],[true,1,0.1,"S1",null],[[true,false,null],[1,2,null],[0.1,0.2,null],["S1","S2",null],[null,null,null],[],[true,1,0.1,"S1",null]]]] |
| [[true,false,null],[1,2,null],[0.1,0.2,null],["S1","S2",null],[null,null,null],[],[true,1,0.1,"S1",null],[[true,false,null],[1,2,null],[0.1,0.2,null],["S1","S2",null],[null,null,null],[],[true,1,0.1,"S1",null],[[true,false,null],[1,2,null],[0.1,0.2,null],["S1","S2",null],[null,null,null],[],[true,1,0.1,"S1",null]]]] |
+-------------------------------------------------------------------------------------------------------------------------------------------------------------------------------------------------------------------------------------------------------------------------------------------------------------------------------+
(4 rows)

!ok

#-------------------------------------------------------------------------
# TESTCASE: test_order_by TEST_ID: A23_B9 TYPE: POSITIVE TEST
#-------------------------------------------------------------------------
SELECT c
FROM
  (SELECT a_nested c
   FROM test_array
   ORDER BY 1 DESC);
+-------------------------------------------------------------------------------------------------------------------------------------------------------------------------------------------------------------------------------------------------------------------------------------------------------------------------------+
| c                                                                                                                                                                                                                                                                                                                             |
+-------------------------------------------------------------------------------------------------------------------------------------------------------------------------------------------------------------------------------------------------------------------------------------------------------------------------------+
| [[null,false,true],[null,2,1],[null,0.2,0.1],[null,"S2","S1"],[null,null,null],[],[null,"S1",0.1,1,true],[[null,false,true],[null,2,1],[null,0.2,0.1],[null,"S2","S1"],[null,null,null],[],[null,"S1",0.1,1,true],[[null,false,true],[null,2,1],[null,0.2,0.1],[null,"S2","S1"],[null,null,null],[],[null,"S1",0.1,1,true]]]] |
| [[null,false,true],[null,2,1],[null,0.2,0.1],[null,"S2","S1"],[null,null,null],[],[null,"S1",0.1,1,true],[[null,false,true],[null,2,1],[null,0.2,0.1],[null,"S2","S1"],[null,null,null],[],[null,"S1",0.1,1,true],[[null,false,true],[null,2,1],[null,0.2,0.1],[null,"S2","S1"],[null,null,null],[],[null,"S1",0.1,1,true]]]] |
| [[true,false,null],[1,2,null],[0.1,0.2,null],["S1","S2",null],[null,null,null],[],[true,1,0.1,"S1",null],[[true,false,null],[1,2,null],[0.1,0.2,null],["S1","S2",null],[null,null,null],[],[true,1,0.1,"S1",null],[[true,false,null],[1,2,null],[0.1,0.2,null],["S1","S2",null],[null,null,null],[],[true,1,0.1,"S1",null]]]] |
| [[true,false,null],[1,2,null],[0.1,0.2,null],["S1","S2",null],[null,null,null],[],[true,1,0.1,"S1",null],[[true,false,null],[1,2,null],[0.1,0.2,null],["S1","S2",null],[null,null,null],[],[true,1,0.1,"S1",null],[[true,false,null],[1,2,null],[0.1,0.2,null],["S1","S2",null],[null,null,null],[],[true,1,0.1,"S1",null]]]] |
+-------------------------------------------------------------------------------------------------------------------------------------------------------------------------------------------------------------------------------------------------------------------------------------------------------------------------------+
(4 rows)

!ok

#-------------------------------------------------------------------------
# TESTCASE: test_order_by TEST_ID: A24_B1 TYPE: POSITIVE TEST
#-------------------------------------------------------------------------
SELECT json_query(a_nested, '$[7]') c,
       count(*) cnt
FROM test_array
GROUP BY json_query(a_nested, '$[7]')
ORDER BY json_query(a_nested, '$[7]') ASC;
+---------------------------------------------------------------------------------------------------------------------------------------------------------------------------------------------------------------------+-----+
| c                                                                                                                                                                                                                   | cnt |
+---------------------------------------------------------------------------------------------------------------------------------------------------------------------------------------------------------------------+-----+
| [[true,false,null],[1,2,null],[0.1,0.2,null],["S1","S2",null],[null,null,null],[],[true,1,0.1,"S1",null],[[true,false,null],[1,2,null],[0.1,0.2,null],["S1","S2",null],[null,null,null],[],[true,1,0.1,"S1",null]]] |   2 |
| [[null,false,true],[null,2,1],[null,0.2,0.1],[null,"S2","S1"],[null,null,null],[],[null,"S1",0.1,1,true],[[null,false,true],[null,2,1],[null,0.2,0.1],[null,"S2","S1"],[null,null,null],[],[null,"S1",0.1,1,true]]] |   2 |
+---------------------------------------------------------------------------------------------------------------------------------------------------------------------------------------------------------------------+-----+
(2 rows)

!ok

#-------------------------------------------------------------------------
# TESTCASE: test_order_by TEST_ID: A24_B3 TYPE: POSITIVE TEST
#-------------------------------------------------------------------------
SELECT json_query(a_nested, '$[7]') c,
       count(*) cnt
FROM test_array
GROUP BY 1
ORDER BY 1 DESC;
+---------------------------------------------------------------------------------------------------------------------------------------------------------------------------------------------------------------------+-----+
| c                                                                                                                                                                                                                   | cnt |
+---------------------------------------------------------------------------------------------------------------------------------------------------------------------------------------------------------------------+-----+
| [[null,false,true],[null,2,1],[null,0.2,0.1],[null,"S2","S1"],[null,null,null],[],[null,"S1",0.1,1,true],[[null,false,true],[null,2,1],[null,0.2,0.1],[null,"S2","S1"],[null,null,null],[],[null,"S1",0.1,1,true]]] |   2 |
| [[true,false,null],[1,2,null],[0.1,0.2,null],["S1","S2",null],[null,null,null],[],[true,1,0.1,"S1",null],[[true,false,null],[1,2,null],[0.1,0.2,null],["S1","S2",null],[null,null,null],[],[true,1,0.1,"S1",null]]] |   2 |
+---------------------------------------------------------------------------------------------------------------------------------------------------------------------------------------------------------------------+-----+
(2 rows)

!ok

#-------------------------------------------------------------------------
# TESTCASE: test_order_by TEST_ID: A24_B5 TYPE: NEGATIVE TEST
#-------------------------------------------------------------------------
SELECT json_query(a_nested, '$[7]') c
FROM test_array
ORDER BY c ASC;
QueryInterruptedException
!error

#-------------------------------------------------------------------------
# TESTCASE: test_order_by TEST_ID: A24_B6 TYPE: NEGATIVE TEST
#-------------------------------------------------------------------------
SELECT json_query(a_nested, '$[7]') c
FROM test_array
ORDER BY 1 DESC;
QueryInterruptedException
!error

#-------------------------------------------------------------------------
# TESTCASE: test_order_by TEST_ID: A24_B7 TYPE: POSITIVE TEST
#-------------------------------------------------------------------------
SELECT c
FROM
  (SELECT json_query(a_nested, '$[7]') c
   FROM test_array
   ORDER BY c ASC);
+---------------------------------------------------------------------------------------------------------------------------------------------------------------------------------------------------------------------+
| c                                                                                                                                                                                                                   |
+---------------------------------------------------------------------------------------------------------------------------------------------------------------------------------------------------------------------+
| [[null,false,true],[null,2,1],[null,0.2,0.1],[null,"S2","S1"],[null,null,null],[],[null,"S1",0.1,1,true],[[null,false,true],[null,2,1],[null,0.2,0.1],[null,"S2","S1"],[null,null,null],[],[null,"S1",0.1,1,true]]] |
| [[null,false,true],[null,2,1],[null,0.2,0.1],[null,"S2","S1"],[null,null,null],[],[null,"S1",0.1,1,true],[[null,false,true],[null,2,1],[null,0.2,0.1],[null,"S2","S1"],[null,null,null],[],[null,"S1",0.1,1,true]]] |
| [[true,false,null],[1,2,null],[0.1,0.2,null],["S1","S2",null],[null,null,null],[],[true,1,0.1,"S1",null],[[true,false,null],[1,2,null],[0.1,0.2,null],["S1","S2",null],[null,null,null],[],[true,1,0.1,"S1",null]]] |
| [[true,false,null],[1,2,null],[0.1,0.2,null],["S1","S2",null],[null,null,null],[],[true,1,0.1,"S1",null],[[true,false,null],[1,2,null],[0.1,0.2,null],["S1","S2",null],[null,null,null],[],[true,1,0.1,"S1",null]]] |
+---------------------------------------------------------------------------------------------------------------------------------------------------------------------------------------------------------------------+
(4 rows)

!ok

#-------------------------------------------------------------------------
# TESTCASE: test_order_by TEST_ID: A24_B9 TYPE: POSITIVE TEST
#-------------------------------------------------------------------------
SELECT c
FROM
  (SELECT json_query(a_nested, '$[7]') c
   FROM test_array
   ORDER BY 1 DESC);
+---------------------------------------------------------------------------------------------------------------------------------------------------------------------------------------------------------------------+
| c                                                                                                                                                                                                                   |
+---------------------------------------------------------------------------------------------------------------------------------------------------------------------------------------------------------------------+
| [[null,false,true],[null,2,1],[null,0.2,0.1],[null,"S2","S1"],[null,null,null],[],[null,"S1",0.1,1,true],[[null,false,true],[null,2,1],[null,0.2,0.1],[null,"S2","S1"],[null,null,null],[],[null,"S1",0.1,1,true]]] |
| [[null,false,true],[null,2,1],[null,0.2,0.1],[null,"S2","S1"],[null,null,null],[],[null,"S1",0.1,1,true],[[null,false,true],[null,2,1],[null,0.2,0.1],[null,"S2","S1"],[null,null,null],[],[null,"S1",0.1,1,true]]] |
| [[true,false,null],[1,2,null],[0.1,0.2,null],["S1","S2",null],[null,null,null],[],[true,1,0.1,"S1",null],[[true,false,null],[1,2,null],[0.1,0.2,null],["S1","S2",null],[null,null,null],[],[true,1,0.1,"S1",null]]] |
| [[true,false,null],[1,2,null],[0.1,0.2,null],["S1","S2",null],[null,null,null],[],[true,1,0.1,"S1",null],[[true,false,null],[1,2,null],[0.1,0.2,null],["S1","S2",null],[null,null,null],[],[true,1,0.1,"S1",null]]] |
+---------------------------------------------------------------------------------------------------------------------------------------------------------------------------------------------------------------------+
(4 rows)

!ok

#-------------------------------------------------------------------------
# TESTCASE: test_order_by TEST_ID: A25_B1 TYPE: POSITIVE TEST
#-------------------------------------------------------------------------
SELECT json_query(a_nested, '$[7][7]') c,
       count(*) cnt
FROM test_array
GROUP BY json_query(a_nested, '$[7][7]')
ORDER BY json_query(a_nested, '$[7][7]') ASC;
+-----------------------------------------------------------------------------------------------------------+-----+
| c                                                                                                         | cnt |
+-----------------------------------------------------------------------------------------------------------+-----+
| [[null,false,true],[null,2,1],[null,0.2,0.1],[null,"S2","S1"],[null,null,null],[],[null,"S1",0.1,1,true]] |   2 |
| [[true,false,null],[1,2,null],[0.1,0.2,null],["S1","S2",null],[null,null,null],[],[true,1,0.1,"S1",null]] |   2 |
+-----------------------------------------------------------------------------------------------------------+-----+
(2 rows)

!ok

#-------------------------------------------------------------------------
# TESTCASE: test_order_by TEST_ID: A25_B3 TYPE: POSITIVE TEST
#-------------------------------------------------------------------------
SELECT json_query(a_nested, '$[7][7]') c,
       count(*) cnt
FROM test_array
GROUP BY 1
ORDER BY 1 DESC;
+-----------------------------------------------------------------------------------------------------------+-----+
| c                                                                                                         | cnt |
+-----------------------------------------------------------------------------------------------------------+-----+
| [[true,false,null],[1,2,null],[0.1,0.2,null],["S1","S2",null],[null,null,null],[],[true,1,0.1,"S1",null]] |   2 |
| [[null,false,true],[null,2,1],[null,0.2,0.1],[null,"S2","S1"],[null,null,null],[],[null,"S1",0.1,1,true]] |   2 |
+-----------------------------------------------------------------------------------------------------------+-----+
(2 rows)

!ok

#-------------------------------------------------------------------------
# TESTCASE: test_order_by TEST_ID: A25_B5 TYPE: NEGATIVE TEST
#-------------------------------------------------------------------------
SELECT json_query(a_nested, '$[7][7]') c
FROM test_array
ORDER BY c ASC;
QueryInterruptedException
!error

#-------------------------------------------------------------------------
# TESTCASE: test_order_by TEST_ID: A25_B6 TYPE: NEGATIVE TEST
#-------------------------------------------------------------------------
SELECT json_query(a_nested, '$[7][7]') c
FROM test_array
ORDER BY 1 DESC;
QueryInterruptedException
!error

#-------------------------------------------------------------------------
# TESTCASE: test_order_by TEST_ID: A25_B7 TYPE: POSITIVE TEST
#-------------------------------------------------------------------------
SELECT c
FROM
  (SELECT json_query(a_nested, '$[7][7]') c
   FROM test_array
   ORDER BY c ASC);
+-----------------------------------------------------------------------------------------------------------+
| c                                                                                                         |
+-----------------------------------------------------------------------------------------------------------+
| [[null,false,true],[null,2,1],[null,0.2,0.1],[null,"S2","S1"],[null,null,null],[],[null,"S1",0.1,1,true]] |
| [[null,false,true],[null,2,1],[null,0.2,0.1],[null,"S2","S1"],[null,null,null],[],[null,"S1",0.1,1,true]] |
| [[true,false,null],[1,2,null],[0.1,0.2,null],["S1","S2",null],[null,null,null],[],[true,1,0.1,"S1",null]] |
| [[true,false,null],[1,2,null],[0.1,0.2,null],["S1","S2",null],[null,null,null],[],[true,1,0.1,"S1",null]] |
+-----------------------------------------------------------------------------------------------------------+
(4 rows)

!ok

#-------------------------------------------------------------------------
# TESTCASE: test_order_by TEST_ID: A25_B9 TYPE: POSITIVE TEST
#-------------------------------------------------------------------------
SELECT c
FROM
  (SELECT json_query(a_nested, '$[7][7]') c
   FROM test_array
   ORDER BY 1 DESC);
+-----------------------------------------------------------------------------------------------------------+
| c                                                                                                         |
+-----------------------------------------------------------------------------------------------------------+
| [[null,false,true],[null,2,1],[null,0.2,0.1],[null,"S2","S1"],[null,null,null],[],[null,"S1",0.1,1,true]] |
| [[null,false,true],[null,2,1],[null,0.2,0.1],[null,"S2","S1"],[null,null,null],[],[null,"S1",0.1,1,true]] |
| [[true,false,null],[1,2,null],[0.1,0.2,null],["S1","S2",null],[null,null,null],[],[true,1,0.1,"S1",null]] |
| [[true,false,null],[1,2,null],[0.1,0.2,null],["S1","S2",null],[null,null,null],[],[true,1,0.1,"S1",null]] |
+-----------------------------------------------------------------------------------------------------------+
(4 rows)

!ok

#-------------------------------------------------------------------------
# Total query count 139 Positive tests: 95 Negative tests: 44
#-------------------------------------------------------------------------
