!set dartQueryId 00000000-0000-0000-0000-000000000000
!set useApproximateCountDistinct false
!use druidtest://?componentSupplier=AllDruidEnginesComponentSupplier&datasets=sql/src/test/quidem/qatests/kttm_nested
!set outputformat mysql
SELECT count(*) cnt
FROM kttm_nested
WHERE client_ip IN ('107.13.54.103',
                    '99.9.55.22');
+-----+
| cnt |
+-----+
| 768 |
+-----+
(1 row)

!ok

#-------------------------------------------------------------------------
# TESTCASE: test_basics_test_group_by TEST_ID: A1_G1_Q1 TYPE: POSITIVE TEST
#-------------------------------------------------------------------------
SELECT server_ip,
       client_ip,
       timezone,
       cast(time_floor(__time, 'PT12H') AS char) t,
       row_number() OVER (PARTITION BY client_ip
                          ORDER BY server_ip, timezone) AS c
FROM
  (SELECT server_ip,
          client_ip,
          timezone,
          time_floor(__time, 'PT12H') __time,
          count(*)
   FROM kttm_nested
   GROUP BY server_ip,
            client_ip,
            timezone,
            time_floor(__time, 'PT12H'))
WHERE client_ip IN ('107.13.54.103',
                    '99.9.55.22');
+--------------+---------------+----------+---------------------+---+
| server_ip    | client_ip     | timezone | t                   | c |
+--------------+---------------+----------+---------------------+---+
| 172.31.11.5  | 107.13.54.103 | EDT      | 2019-08-25 00:00:00 | 1 |
| 172.31.11.5  | 107.13.54.103 | EDT      | 2019-08-25 12:00:00 | 2 |
| 172.31.11.5  | 107.13.54.103 | N/A      | 2019-08-25 12:00:00 | 3 |
| 172.31.11.5  | 99.9.55.22    | N/A      | 2019-08-25 12:00:00 | 1 |
| 172.31.57.89 | 107.13.54.103 | EDT      | 2019-08-25 00:00:00 | 4 |
| 172.31.57.89 | 107.13.54.103 | EDT      | 2019-08-25 12:00:00 | 5 |
| 172.31.57.89 | 107.13.54.103 | N/A      | 2019-08-25 12:00:00 | 6 |
| 172.31.57.89 | 99.9.55.22    | N/A      | 2019-08-25 12:00:00 | 2 |
+--------------+---------------+----------+---------------------+---+
(8 rows)

!ok

#-------------------------------------------------------------------------
# TESTCASE: test_basics_test_group_by TEST_ID: A1_G1_Q2 TYPE: POSITIVE TEST
#-------------------------------------------------------------------------
SELECT server_ip,
       client_ip,
       timezone,
       cast(time_floor(__time, 'PT12H') AS char) t,
       row_number() OVER w AS c
FROM
  (SELECT server_ip,
          client_ip,
          timezone,
          time_floor(__time, 'PT12H') __time,
          count(*)
   FROM kttm_nested
   GROUP BY server_ip,
            client_ip,
            timezone,
            time_floor(__time, 'PT12H'))
WHERE client_ip IN ('107.13.54.103',
                    '99.9.55.22') WINDOW w AS (PARTITION BY client_ip
                                               ORDER BY server_ip,
                                                        timezone);
+--------------+---------------+----------+---------------------+---+
| server_ip    | client_ip     | timezone | t                   | c |
+--------------+---------------+----------+---------------------+---+
| 172.31.11.5  | 107.13.54.103 | EDT      | 2019-08-25 00:00:00 | 1 |
| 172.31.11.5  | 107.13.54.103 | EDT      | 2019-08-25 12:00:00 | 2 |
| 172.31.11.5  | 107.13.54.103 | N/A      | 2019-08-25 12:00:00 | 3 |
| 172.31.11.5  | 99.9.55.22    | N/A      | 2019-08-25 12:00:00 | 1 |
| 172.31.57.89 | 107.13.54.103 | EDT      | 2019-08-25 00:00:00 | 4 |
| 172.31.57.89 | 107.13.54.103 | EDT      | 2019-08-25 12:00:00 | 5 |
| 172.31.57.89 | 107.13.54.103 | N/A      | 2019-08-25 12:00:00 | 6 |
| 172.31.57.89 | 99.9.55.22    | N/A      | 2019-08-25 12:00:00 | 2 |
+--------------+---------------+----------+---------------------+---+
(8 rows)

!ok

#-------------------------------------------------------------------------
# TESTCASE: test_basics_test_group_by TEST_ID: A1_G2_Q1 TYPE: POSITIVE TEST
#-------------------------------------------------------------------------
SELECT server_ip,
       client_ip,
       timezone,
       cast(time_floor(__time, 'PT12H') AS char) t,
       row_number() OVER (PARTITION BY client_ip
                          ORDER BY server_ip, timezone) AS c
FROM kttm_nested
WHERE client_ip IN ('107.13.54.103',
                    '99.9.55.22')
GROUP BY server_ip,
         client_ip,
         timezone,
         time_floor(__time, 'PT12H');
+--------------+---------------+----------+---------------------+---+
| server_ip    | client_ip     | timezone | t                   | c |
+--------------+---------------+----------+---------------------+---+
| 172.31.11.5  | 107.13.54.103 | EDT      | 2019-08-25 00:00:00 | 1 |
| 172.31.11.5  | 107.13.54.103 | EDT      | 2019-08-25 12:00:00 | 2 |
| 172.31.11.5  | 107.13.54.103 | N/A      | 2019-08-25 12:00:00 | 3 |
| 172.31.11.5  | 99.9.55.22    | N/A      | 2019-08-25 12:00:00 | 1 |
| 172.31.57.89 | 107.13.54.103 | EDT      | 2019-08-25 00:00:00 | 4 |
| 172.31.57.89 | 107.13.54.103 | EDT      | 2019-08-25 12:00:00 | 5 |
| 172.31.57.89 | 107.13.54.103 | N/A      | 2019-08-25 12:00:00 | 6 |
| 172.31.57.89 | 99.9.55.22    | N/A      | 2019-08-25 12:00:00 | 2 |
+--------------+---------------+----------+---------------------+---+
(8 rows)

!ok

#-------------------------------------------------------------------------
# TESTCASE: test_basics_test_group_by TEST_ID: A1_G2_Q2 TYPE: POSITIVE TEST
#-------------------------------------------------------------------------
SELECT server_ip,
       client_ip,
       timezone,
       cast(time_floor(__time, 'PT12H') AS char) t,
       row_number() OVER w AS c
FROM kttm_nested
WHERE client_ip IN ('107.13.54.103',
                    '99.9.55.22')
GROUP BY server_ip,
         client_ip,
         timezone,
         time_floor(__time, 'PT12H') WINDOW w AS (PARTITION BY client_ip
                                                  ORDER BY server_ip,
                                                           timezone);
+--------------+---------------+----------+---------------------+---+
| server_ip    | client_ip     | timezone | t                   | c |
+--------------+---------------+----------+---------------------+---+
| 172.31.11.5  | 107.13.54.103 | EDT      | 2019-08-25 00:00:00 | 1 |
| 172.31.11.5  | 107.13.54.103 | EDT      | 2019-08-25 12:00:00 | 2 |
| 172.31.11.5  | 107.13.54.103 | N/A      | 2019-08-25 12:00:00 | 3 |
| 172.31.11.5  | 99.9.55.22    | N/A      | 2019-08-25 12:00:00 | 1 |
| 172.31.57.89 | 107.13.54.103 | EDT      | 2019-08-25 00:00:00 | 4 |
| 172.31.57.89 | 107.13.54.103 | EDT      | 2019-08-25 12:00:00 | 5 |
| 172.31.57.89 | 107.13.54.103 | N/A      | 2019-08-25 12:00:00 | 6 |
| 172.31.57.89 | 99.9.55.22    | N/A      | 2019-08-25 12:00:00 | 2 |
+--------------+---------------+----------+---------------------+---+
(8 rows)

!ok

#-------------------------------------------------------------------------
# Total query count 5 Positive tests: 5 Negative tests: 0
#-------------------------------------------------------------------------
