!set dartQueryId 00000000-0000-0000-0000-000000000000
!set useApproximateCountDistinct false
!use druidtest://?componentSupplier=AllDruidEnginesComponentSupplier&datasets=sql/src/test/quidem/qatests/qaJsonCols/funcs_and_sql
!set outputformat mysql
SELECT count(*) cnt
FROM test_json_cols;
+-----+
| cnt |
+-----+
|   4 |
+-----+
(1 row)

!ok

#-------------------------------------------------------------------------
# TESTCASE: test_datatype_comp_ops TEST_ID: A001 TYPE: POSITIVE TEST
#-------------------------------------------------------------------------
SELECT (c1 = c1) c
FROM test_json_cols;
+------+
| c    |
+------+
| true |
| true |
| true |
| true |
+------+
(4 rows)

!ok

#-------------------------------------------------------------------------
# TESTCASE: test_datatype_comp_ops TEST_ID: A002 TYPE: POSITIVE TEST
#-------------------------------------------------------------------------
SELECT count(*) c
FROM test_json_cols
WHERE c1 = c1;
+---+
| c |
+---+
| 4 |
+---+
(1 row)

!ok

#-------------------------------------------------------------------------
# TESTCASE: test_datatype_comp_ops TEST_ID: A003 TYPE: POSITIVE TEST
#-------------------------------------------------------------------------
SELECT (c1 <> c1) c
FROM test_json_cols;
+-------+
| c     |
+-------+
| false |
| false |
| false |
| false |
+-------+
(4 rows)

!ok

#-------------------------------------------------------------------------
# TESTCASE: test_datatype_comp_ops TEST_ID: A004 TYPE: POSITIVE TEST
#-------------------------------------------------------------------------
SELECT count(*) c
FROM test_json_cols
WHERE c1 <> c1;
+---+
| c |
+---+
| 0 |
+---+
(1 row)

!ok

#-------------------------------------------------------------------------
# TESTCASE: test_datatype_comp_ops TEST_ID: A005 TYPE: NEGATIVE TEST
#-------------------------------------------------------------------------
SELECT (c1 > c2) c
FROM test_json_cols;
Cannot apply
!error

#-------------------------------------------------------------------------
# TESTCASE: test_datatype_comp_ops TEST_ID: A006 TYPE: NEGATIVE TEST
#-------------------------------------------------------------------------
SELECT count(*) c
FROM test_json_cols
WHERE c1 > c2;
Cannot apply
!error

#-------------------------------------------------------------------------
# TESTCASE: test_datatype_comp_ops TEST_ID: A007 TYPE: NEGATIVE TEST
#-------------------------------------------------------------------------
SELECT (c1 >= c2) c
FROM test_json_cols;
Cannot apply
!error

#-------------------------------------------------------------------------
# TESTCASE: test_datatype_comp_ops TEST_ID: A008 TYPE: NEGATIVE TEST
#-------------------------------------------------------------------------
SELECT count(*) c
FROM test_json_cols
WHERE c1 >= c2;
Cannot apply
!error

#-------------------------------------------------------------------------
# TESTCASE: test_datatype_comp_ops TEST_ID: A009 TYPE: NEGATIVE TEST
#-------------------------------------------------------------------------
SELECT (c1 < c2) c
FROM test_json_cols;
Cannot apply
!error

#-------------------------------------------------------------------------
# TESTCASE: test_datatype_comp_ops TEST_ID: A010 TYPE: NEGATIVE TEST
#-------------------------------------------------------------------------
SELECT count(*) c
FROM test_json_cols
WHERE c1 < c2;
Cannot apply
!error

#-------------------------------------------------------------------------
# TESTCASE: test_datatype_comp_ops TEST_ID: A011 TYPE: NEGATIVE TEST
#-------------------------------------------------------------------------
SELECT (c1 <= c2) c
FROM test_json_cols;
Cannot apply
!error

#-------------------------------------------------------------------------
# TESTCASE: test_datatype_comp_ops TEST_ID: A012 TYPE: NEGATIVE TEST
#-------------------------------------------------------------------------
SELECT count(*) c
FROM test_json_cols
WHERE c1 <= c2;
Cannot apply
!error

#-------------------------------------------------------------------------
# TESTCASE: test_datatype_comp_ops TEST_ID: A013 TYPE: NEGATIVE TEST
#-------------------------------------------------------------------------
SELECT (c1 BETWEEN c1 AND c2) c
FROM test_json_cols;
Cannot apply
!error

#-------------------------------------------------------------------------
# TESTCASE: test_datatype_comp_ops TEST_ID: A014 TYPE: NEGATIVE TEST
#-------------------------------------------------------------------------
SELECT count(*) c
FROM test_json_cols
WHERE c1 BETWEEN c1 AND c2;
Cannot apply
!error

#-------------------------------------------------------------------------
# TESTCASE: test_datatype_comp_ops TEST_ID: A015 TYPE: NEGATIVE TEST
#-------------------------------------------------------------------------
SELECT (c1 NOT BETWEEN c1 AND c2) c
FROM test_json_cols;
Cannot apply
!error

#-------------------------------------------------------------------------
# TESTCASE: test_datatype_comp_ops TEST_ID: A016 TYPE: NEGATIVE TEST
#-------------------------------------------------------------------------
SELECT count(*) c
FROM test_json_cols
WHERE c1 NOT BETWEEN c1 AND c2;
Cannot apply
!error

#-------------------------------------------------------------------------
# TESTCASE: test_datatype_comp_ops TEST_ID: A017 TYPE: NEGATIVE TEST
#-------------------------------------------------------------------------
SELECT (c1 like c2) c
FROM test_json_cols;
Cannot apply
!error

#-------------------------------------------------------------------------
# TESTCASE: test_datatype_comp_ops TEST_ID: A018 TYPE: NEGATIVE TEST
#-------------------------------------------------------------------------
SELECT count(*) c
FROM test_json_cols
WHERE c1 like c2;
Cannot apply
!error

#-------------------------------------------------------------------------
# TESTCASE: test_datatype_comp_ops TEST_ID: A019 TYPE: NEGATIVE TEST
#-------------------------------------------------------------------------
SELECT (c1 not like c2) c
FROM test_json_cols;
Cannot apply
!error

#-------------------------------------------------------------------------
# TESTCASE: test_datatype_comp_ops TEST_ID: A020 TYPE: NEGATIVE TEST
#-------------------------------------------------------------------------
SELECT count(*) c
FROM test_json_cols
WHERE c1 not like c2;
Cannot apply
!error

#-------------------------------------------------------------------------
# TESTCASE: test_datatype_comp_ops TEST_ID: A021 TYPE: POSITIVE TEST
#-------------------------------------------------------------------------
SELECT (c1 IS NULL) c
FROM test_json_cols;
+-------+
| c     |
+-------+
| false |
| false |
| false |
| false |
+-------+
(4 rows)

!ok

#-------------------------------------------------------------------------
# TESTCASE: test_datatype_comp_ops TEST_ID: A022 TYPE: POSITIVE TEST
#-------------------------------------------------------------------------
SELECT count(*) c
FROM test_json_cols
WHERE c1 IS NULL;
+---+
| c |
+---+
| 0 |
+---+
(1 row)

!ok

#-------------------------------------------------------------------------
# TESTCASE: test_datatype_comp_ops TEST_ID: A023 TYPE: POSITIVE TEST
#-------------------------------------------------------------------------
SELECT (c1 IS NOT NULL) c
FROM test_json_cols;
+------+
| c    |
+------+
| true |
| true |
| true |
| true |
+------+
(4 rows)

!ok

#-------------------------------------------------------------------------
# TESTCASE: test_datatype_comp_ops TEST_ID: A024 TYPE: POSITIVE TEST
#-------------------------------------------------------------------------
SELECT count(*) c
FROM test_json_cols
WHERE c1 IS NOT NULL;
+---+
| c |
+---+
| 4 |
+---+
(1 row)

!ok

#-------------------------------------------------------------------------
# TESTCASE: test_datatype_comp_ops TEST_ID: A025 TYPE: NEGATIVE TEST
#-------------------------------------------------------------------------
SELECT (c1 IS TRUE) c
FROM test_json_cols;
Cannot apply
!error

#-------------------------------------------------------------------------
# TESTCASE: test_datatype_comp_ops TEST_ID: A026 TYPE: NEGATIVE TEST
#-------------------------------------------------------------------------
SELECT count(*) c
FROM test_json_cols
WHERE c1 IS TRUE;
Cannot apply
!error

#-------------------------------------------------------------------------
# TESTCASE: test_datatype_comp_ops TEST_ID: A027 TYPE: NEGATIVE TEST
#-------------------------------------------------------------------------
SELECT (c1 IS NOT TRUE) c
FROM test_json_cols;
Cannot apply
!error

#-------------------------------------------------------------------------
# TESTCASE: test_datatype_comp_ops TEST_ID: A028 TYPE: NEGATIVE TEST
#-------------------------------------------------------------------------
SELECT count(*) c
FROM test_json_cols
WHERE c1 IS NOT TRUE;
Cannot apply
!error

#-------------------------------------------------------------------------
# TESTCASE: test_datatype_comp_ops TEST_ID: A029 TYPE: NEGATIVE TEST
#-------------------------------------------------------------------------
SELECT (c1 IS FALSE) c
FROM test_json_cols;
Cannot apply
!error

#-------------------------------------------------------------------------
# TESTCASE: test_datatype_comp_ops TEST_ID: A030 TYPE: NEGATIVE TEST
#-------------------------------------------------------------------------
SELECT count(*) c
FROM test_json_cols
WHERE c1 IS FALSE;
Cannot apply
!error

#-------------------------------------------------------------------------
# TESTCASE: test_datatype_comp_ops TEST_ID: A031 TYPE: NEGATIVE TEST
#-------------------------------------------------------------------------
SELECT (c1 IS NOT FALSE) c
FROM test_json_cols;
Cannot apply
!error

#-------------------------------------------------------------------------
# TESTCASE: test_datatype_comp_ops TEST_ID: A032 TYPE: NEGATIVE TEST
#-------------------------------------------------------------------------
SELECT count(*) c
FROM test_json_cols
WHERE c1 IS NOT FALSE;
Cannot apply
!error

#-------------------------------------------------------------------------
# TESTCASE: test_datatype_comp_ops TEST_ID: A033 TYPE: POSITIVE TEST
#-------------------------------------------------------------------------
SELECT (c1 IN (json_object(KEY 'a1' VALUE 'A', KEY 'a2' VALUE 1))) c
FROM test_json_cols;
+---+
| c |
+---+
|   |
|   |
|   |
|   |
+---+
(4 rows)

!ok

#-------------------------------------------------------------------------
# TESTCASE: test_datatype_comp_ops TEST_ID: A034 TYPE: POSITIVE TEST
#-------------------------------------------------------------------------
SELECT count(*) c
FROM test_json_cols
WHERE c1 IN (json_object(KEY 'a1' VALUE 'A', KEY 'a2' VALUE 1));
+---+
| c |
+---+
| 0 |
+---+
(1 row)

!ok

#-------------------------------------------------------------------------
# TESTCASE: test_datatype_comp_ops TEST_ID: A035 TYPE: POSITIVE TEST
#-------------------------------------------------------------------------
SELECT (c1 NOT IN (json_object(KEY 'a1' VALUE 'A', KEY 'a2' VALUE 1))) c
FROM test_json_cols;
+---+
| c |
+---+
|   |
|   |
|   |
|   |
+---+
(4 rows)

!ok

#-------------------------------------------------------------------------
# TESTCASE: test_datatype_comp_ops TEST_ID: A036 TYPE: POSITIVE TEST
#-------------------------------------------------------------------------
SELECT count(*) c
FROM test_json_cols
WHERE c1 NOT IN (json_object(KEY 'a1' VALUE 'A', KEY 'a2' VALUE 1));
+---+
| c |
+---+
| 4 |
+---+
(1 row)

!ok

#-------------------------------------------------------------------------
# TESTCASE: test_datatype_comp_ops TEST_ID: A037 TYPE: NEGATIVE TEST
#-------------------------------------------------------------------------
SELECT (c1 IN
          (SELECT c1
           FROM test_json_cols)) c
FROM test_json_cols;
Cannot join
!error

#-------------------------------------------------------------------------
# TESTCASE: test_datatype_comp_ops TEST_ID: A038 TYPE: NEGATIVE TEST
#-------------------------------------------------------------------------
SELECT count(*) c
FROM test_json_cols
WHERE c1 IN
    (SELECT c1
     FROM test_json_cols);
Cannot join
!error

#-------------------------------------------------------------------------
# TESTCASE: test_datatype_comp_ops TEST_ID: A039 TYPE: NEGATIVE TEST
#-------------------------------------------------------------------------
SELECT (c1 NOT IN
          (SELECT c1
           FROM test_json_cols)) c
FROM test_json_cols;
Cannot join
!error

#-------------------------------------------------------------------------
# TESTCASE: test_datatype_comp_ops TEST_ID: A040 TYPE: NEGATIVE TEST
#-------------------------------------------------------------------------
SELECT count(*) c
FROM test_json_cols
WHERE c1 NOT IN
    (SELECT c1
     FROM test_json_cols);
Cannot join
!error

#-------------------------------------------------------------------------
# TESTCASE: test_datatype_comp_ops TEST_ID: A041 TYPE: NEGATIVE TEST
#-------------------------------------------------------------------------
SELECT (c1
        AND c2) c
FROM test_json_cols;
Cannot apply
!error

#-------------------------------------------------------------------------
# TESTCASE: test_datatype_comp_ops TEST_ID: A042 TYPE: NEGATIVE TEST
#-------------------------------------------------------------------------
SELECT count(*) c
FROM test_json_cols
WHERE c1
  AND c2;
Cannot apply
!error

#-------------------------------------------------------------------------
# TESTCASE: test_datatype_comp_ops TEST_ID: A043 TYPE: NEGATIVE TEST
#-------------------------------------------------------------------------
SELECT (c1
        OR c2) c
FROM test_json_cols;
Cannot apply
!error

#-------------------------------------------------------------------------
# TESTCASE: test_datatype_comp_ops TEST_ID: A044 TYPE: NEGATIVE TEST
#-------------------------------------------------------------------------
SELECT count(*) c
FROM test_json_cols
WHERE c1
  OR c2;
Cannot apply
!error

#-------------------------------------------------------------------------
# TESTCASE: test_datatype_comp_ops TEST_ID: A045 TYPE: NEGATIVE TEST
#-------------------------------------------------------------------------
SELECT (NOT c1) c
FROM test_json_cols;
Cannot apply
!error

#-------------------------------------------------------------------------
# TESTCASE: test_datatype_comp_ops TEST_ID: A046 TYPE: NEGATIVE TEST
#-------------------------------------------------------------------------
SELECT count(*) c
FROM test_json_cols
WHERE NOT c1;
Cannot apply
!error

#-------------------------------------------------------------------------
# Total query count 47 Positive tests: 13 Negative tests: 34
#-------------------------------------------------------------------------
