!set dartQueryId 00000000-0000-0000-0000-000000000000
!set useApproximateCountDistinct false
!use druidtest://?componentSupplier=AllDruidEnginesComponentSupplier&datasets=sql/src/test/quidem/qatests/qaJsonCols/ingest/flatten_spec
!set outputformat mysql
SELECT count(*) cnt
FROM test_json_cols;
+-----+
| cnt |
+-----+
|   2 |
+-----+
(1 row)

!ok

#-------------------------------------------------------------------------
# TESTCASE: test_flatten_spec TEST_ID: G01 TYPE: POSITIVE TEST
#-------------------------------------------------------------------------
SELECT count(*) c
FROM
  (SELECT __time
   FROM test_json_cols
   GROUP BY __time);
+---+
| c |
+---+
| 2 |
+---+
(1 row)

!ok

#-------------------------------------------------------------------------
# TESTCASE: test_flatten_spec TEST_ID: G02 TYPE: POSITIVE TEST
#-------------------------------------------------------------------------
SELECT count(*) c
FROM test_json_cols
WHERE json_value(s_str, '$.') = 'A';
+---+
| c |
+---+
| 1 |
+---+
(1 row)

!ok

#-------------------------------------------------------------------------
# TESTCASE: test_flatten_spec TEST_ID: G03 TYPE: POSITIVE TEST
#-------------------------------------------------------------------------
SELECT count(*) c
FROM test_json_cols
WHERE json_value(s_num_int, '$.') = 1;
+---+
| c |
+---+
| 1 |
+---+
(1 row)

!ok

#-------------------------------------------------------------------------
# TESTCASE: test_flatten_spec TEST_ID: G04 TYPE: POSITIVE TEST
#-------------------------------------------------------------------------
SELECT count(*) c
FROM test_json_cols
WHERE json_value(s_num_float, '$.') = 0.1;
+---+
| c |
+---+
| 1 |
+---+
(1 row)

!ok

#-------------------------------------------------------------------------
# TESTCASE: test_flatten_spec TEST_ID: G05 TYPE: POSITIVE TEST
#-------------------------------------------------------------------------
SELECT count(*) c
FROM test_json_cols
WHERE json_value(s_bool, '$.') = 1;
+---+
| c |
+---+
| 1 |
+---+
(1 row)

!ok

#-------------------------------------------------------------------------
# TESTCASE: test_flatten_spec TEST_ID: G06 TYPE: POSITIVE TEST
#-------------------------------------------------------------------------
SELECT count(*) c
FROM test_json_cols
WHERE json_value(s_null, '$.') IS NULL;
+---+
| c |
+---+
| 2 |
+---+
(1 row)

!ok

#-------------------------------------------------------------------------
# TESTCASE: test_flatten_spec TEST_ID: G07 TYPE: POSITIVE TEST
#-------------------------------------------------------------------------
SELECT json_query(c_empty_obj, '$.') c
FROM test_json_cols;
+----+
| c  |
+----+
| {} |
|    |
+----+
(2 rows)

!ok

#-------------------------------------------------------------------------
# TESTCASE: test_flatten_spec TEST_ID: G08 TYPE: POSITIVE TEST
#-------------------------------------------------------------------------
SELECT json_query(c_empty_array, '$.') c
FROM test_json_cols;
+----+
| c  |
+----+
| [] |
|    |
+----+
(2 rows)

!ok

#-------------------------------------------------------------------------
# TESTCASE: test_flatten_spec TEST_ID: G09 TYPE: POSITIVE TEST
#-------------------------------------------------------------------------
SELECT json_query(c_empty_obj_nested, '$.') c
FROM test_json_cols;
+-----------------------------+
| c                           |
+-----------------------------+
| {"o1":{},"o2":[],"o3":null} |
|                             |
+-----------------------------+
(2 rows)

!ok

#-------------------------------------------------------------------------
# TESTCASE: test_flatten_spec TEST_ID: G10 TYPE: POSITIVE TEST
#-------------------------------------------------------------------------
SELECT json_query(c_empty_array_nested, '$.') c
FROM test_json_cols;
+--------------+
| c            |
+--------------+
| [{},[],null] |
|              |
+--------------+
(2 rows)

!ok

#-------------------------------------------------------------------------
# TESTCASE: test_flatten_spec TEST_ID: G11 TYPE: POSITIVE TEST
#-------------------------------------------------------------------------
SELECT count(*) c
FROM test_json_cols
WHERE s_str = 'A';
+---+
| c |
+---+
| 1 |
+---+
(1 row)

!ok

#-------------------------------------------------------------------------
# TESTCASE: test_flatten_spec TEST_ID: G12 TYPE: POSITIVE TEST
#-------------------------------------------------------------------------
SELECT count(*) c
FROM test_json_cols
WHERE s_num_int = 1;
+---+
| c |
+---+
| 1 |
+---+
(1 row)

!ok

#-------------------------------------------------------------------------
# TESTCASE: test_flatten_spec TEST_ID: G13 TYPE: POSITIVE TEST
#-------------------------------------------------------------------------
SELECT count(*) c
FROM test_json_cols
WHERE s_num_float = 0.1;
+---+
| c |
+---+
| 1 |
+---+
(1 row)

!ok

#-------------------------------------------------------------------------
# TESTCASE: test_flatten_spec TEST_ID: G14 TYPE: POSITIVE TEST
#-------------------------------------------------------------------------
SELECT count(*) c
FROM test_json_cols
WHERE s_bool = 1;
+---+
| c |
+---+
| 1 |
+---+
(1 row)

!ok

#-------------------------------------------------------------------------
# TESTCASE: test_flatten_spec TEST_ID: G15 TYPE: POSITIVE TEST
#-------------------------------------------------------------------------
SELECT count(*) c
FROM test_json_cols
WHERE s_null IS NULL;
+---+
| c |
+---+
| 2 |
+---+
(1 row)

!ok

#-------------------------------------------------------------------------
# TESTCASE: test_flatten_spec TEST_ID: G16 TYPE: POSITIVE TEST
#-------------------------------------------------------------------------
SELECT c_empty_obj
FROM test_json_cols;
+-------------+
| c_empty_obj |
+-------------+
| {}          |
|             |
+-------------+
(2 rows)

!ok

#-------------------------------------------------------------------------
# TESTCASE: test_flatten_spec TEST_ID: G17 TYPE: POSITIVE TEST
#-------------------------------------------------------------------------
SELECT c_empty_array
FROM test_json_cols;
+---------------+
| c_empty_array |
+---------------+
| []            |
|               |
+---------------+
(2 rows)

!ok

#-------------------------------------------------------------------------
# TESTCASE: test_flatten_spec TEST_ID: G18 TYPE: POSITIVE TEST
#-------------------------------------------------------------------------
SELECT c_empty_obj_nested
FROM test_json_cols;
+-----------------------------+
| c_empty_obj_nested          |
+-----------------------------+
| {"o1":{},"o2":[],"o3":null} |
|                             |
+-----------------------------+
(2 rows)

!ok

#-------------------------------------------------------------------------
# TESTCASE: test_flatten_spec TEST_ID: G19 TYPE: POSITIVE TEST
#-------------------------------------------------------------------------
SELECT c_empty_array_nested
FROM test_json_cols;
+----------------------+
| c_empty_array_nested |
+----------------------+
| [{},[],null]         |
|                      |
+----------------------+
(2 rows)

!ok

#-------------------------------------------------------------------------
# TESTCASE: test_flatten_spec TEST_ID: G20 TYPE: POSITIVE TEST
#-------------------------------------------------------------------------
SELECT count(*) c
FROM test_json_cols
WHERE json_value(c1, '$.a_str') = 'A';
+---+
| c |
+---+
| 1 |
+---+
(1 row)

!ok

#-------------------------------------------------------------------------
# TESTCASE: test_flatten_spec TEST_ID: G21 TYPE: POSITIVE TEST
#-------------------------------------------------------------------------
SELECT count(*) c
FROM test_json_cols
WHERE json_value(c1, '$.a_num_int') = 1;
+---+
| c |
+---+
| 1 |
+---+
(1 row)

!ok

#-------------------------------------------------------------------------
# TESTCASE: test_flatten_spec TEST_ID: G22 TYPE: POSITIVE TEST
#-------------------------------------------------------------------------
SELECT count(*) c
FROM test_json_cols
WHERE json_value(c1, '$.a_num_float') = 0.1;
+---+
| c |
+---+
| 1 |
+---+
(1 row)

!ok

#-------------------------------------------------------------------------
# TESTCASE: test_flatten_spec TEST_ID: G23 TYPE: POSITIVE TEST
#-------------------------------------------------------------------------
SELECT count(*) c
FROM test_json_cols
WHERE json_value(c1, '$.a_bool') = 1;
+---+
| c |
+---+
| 1 |
+---+
(1 row)

!ok

#-------------------------------------------------------------------------
# TESTCASE: test_flatten_spec TEST_ID: G24 TYPE: POSITIVE TEST
#-------------------------------------------------------------------------
SELECT count(*) c
FROM test_json_cols
WHERE json_value(c1, '$.a_null') IS NULL;
+---+
| c |
+---+
| 2 |
+---+
(1 row)

!ok

#-------------------------------------------------------------------------
# TESTCASE: test_flatten_spec TEST_ID: G25 TYPE: POSITIVE TEST
#-------------------------------------------------------------------------
SELECT json_query(c1, '$.a_empty_obj') c
FROM test_json_cols;
+----+
| c  |
+----+
| {} |
|    |
+----+
(2 rows)

!ok

#-------------------------------------------------------------------------
# TESTCASE: test_flatten_spec TEST_ID: G26 TYPE: POSITIVE TEST
#-------------------------------------------------------------------------
SELECT json_query(c1, '$.a_empty_array') c
FROM test_json_cols;
+----+
| c  |
+----+
| [] |
|    |
+----+
(2 rows)

!ok

#-------------------------------------------------------------------------
# TESTCASE: test_flatten_spec TEST_ID: G27 TYPE: POSITIVE TEST
#-------------------------------------------------------------------------
SELECT json_query(c1, '$.a_empty_obj_nested') c
FROM test_json_cols;
+-----------------------------+
| c                           |
+-----------------------------+
| {"o1":{},"o2":[],"o3":null} |
|                             |
+-----------------------------+
(2 rows)

!ok

#-------------------------------------------------------------------------
# TESTCASE: test_flatten_spec TEST_ID: G28 TYPE: POSITIVE TEST
#-------------------------------------------------------------------------
SELECT json_query(c1, '$.a_empty_array_nested') c
FROM test_json_cols;
+--------------+
| c            |
+--------------+
| [{},[],null] |
|              |
+--------------+
(2 rows)

!ok

#-------------------------------------------------------------------------
# TESTCASE: test_flatten_spec TEST_ID: G29 TYPE: POSITIVE TEST
#-------------------------------------------------------------------------
SELECT count(*) c
FROM test_json_cols
WHERE json_value(c1, '$.a_obj.a_str') = 'A';
+---+
| c |
+---+
| 1 |
+---+
(1 row)

!ok

#-------------------------------------------------------------------------
# TESTCASE: test_flatten_spec TEST_ID: G30 TYPE: POSITIVE TEST
#-------------------------------------------------------------------------
SELECT count(*) c
FROM test_json_cols
WHERE json_value(c1, '$.a_obj.a_num_int') = 1;
+---+
| c |
+---+
| 1 |
+---+
(1 row)

!ok

#-------------------------------------------------------------------------
# TESTCASE: test_flatten_spec TEST_ID: G31 TYPE: POSITIVE TEST
#-------------------------------------------------------------------------
SELECT count(*) c
FROM test_json_cols
WHERE json_value(c1, '$.a_obj.a_num_float') = 0.1;
+---+
| c |
+---+
| 1 |
+---+
(1 row)

!ok

#-------------------------------------------------------------------------
# TESTCASE: test_flatten_spec TEST_ID: G32 TYPE: POSITIVE TEST
#-------------------------------------------------------------------------
SELECT count(*) c
FROM test_json_cols
WHERE json_value(c1, '$.a_obj.a_bool') = 1;
+---+
| c |
+---+
| 1 |
+---+
(1 row)

!ok

#-------------------------------------------------------------------------
# TESTCASE: test_flatten_spec TEST_ID: G33 TYPE: POSITIVE TEST
#-------------------------------------------------------------------------
SELECT count(*) c
FROM test_json_cols
WHERE json_value(c1, '$.a_obj.a_null') IS NULL;
+---+
| c |
+---+
| 2 |
+---+
(1 row)

!ok

#-------------------------------------------------------------------------
# TESTCASE: test_flatten_spec TEST_ID: G34 TYPE: POSITIVE TEST
#-------------------------------------------------------------------------
SELECT json_query(c1, '$.a_obj.a_empty_obj') c
FROM test_json_cols;
+----+
| c  |
+----+
| {} |
|    |
+----+
(2 rows)

!ok

#-------------------------------------------------------------------------
# TESTCASE: test_flatten_spec TEST_ID: G35 TYPE: POSITIVE TEST
#-------------------------------------------------------------------------
SELECT json_query(c1, '$.a_obj.a_empty_array') c
FROM test_json_cols;
+----+
| c  |
+----+
| [] |
|    |
+----+
(2 rows)

!ok

#-------------------------------------------------------------------------
# TESTCASE: test_flatten_spec TEST_ID: G36 TYPE: POSITIVE TEST
#-------------------------------------------------------------------------
SELECT json_query(c1, '$.a_obj.a_empty_obj_nested') c
FROM test_json_cols;
+-----------------------------+
| c                           |
+-----------------------------+
| {"o1":{},"o2":[],"o3":null} |
|                             |
+-----------------------------+
(2 rows)

!ok

#-------------------------------------------------------------------------
# TESTCASE: test_flatten_spec TEST_ID: G37 TYPE: POSITIVE TEST
#-------------------------------------------------------------------------
SELECT json_query(c1, '$.a_obj.a_empty_array_nested') c
FROM test_json_cols;
+--------------+
| c            |
+--------------+
| [{},[],null] |
|              |
+--------------+
(2 rows)

!ok

#-------------------------------------------------------------------------
# TESTCASE: test_flatten_spec TEST_ID: G38 TYPE: POSITIVE TEST
#-------------------------------------------------------------------------
SELECT count(*) c
FROM test_json_cols
WHERE json_value(c1, '$.a_obj.a_obj.a_str') IS NULL;
+---+
| c |
+---+
| 2 |
+---+
(1 row)

!ok

#-------------------------------------------------------------------------
# TESTCASE: test_flatten_spec TEST_ID: G39 TYPE: POSITIVE TEST
#-------------------------------------------------------------------------
SELECT count(*) c
FROM test_json_cols
WHERE json_value(c1, '$.a_obj.a_array[0].a_str') IS NULL;
+---+
| c |
+---+
| 2 |
+---+
(1 row)

!ok

#-------------------------------------------------------------------------
# TESTCASE: test_flatten_spec TEST_ID: G40 TYPE: POSITIVE TEST
#-------------------------------------------------------------------------
SELECT count(*) c
FROM test_json_cols
WHERE json_value(c2, '$.b_obj.b_str') IS NULL;
+---+
| c |
+---+
| 2 |
+---+
(1 row)

!ok

#-------------------------------------------------------------------------
# TESTCASE: test_flatten_spec TEST_ID: G41 TYPE: POSITIVE TEST
#-------------------------------------------------------------------------
SELECT count(*) c
FROM test_json_cols
WHERE json_value(c2, '$.b_array[1].b_str') IS NULL;
+---+
| c |
+---+
| 2 |
+---+
(1 row)

!ok

#-------------------------------------------------------------------------
# TESTCASE: test_flatten_spec TEST_ID: G42 TYPE: POSITIVE TEST
#-------------------------------------------------------------------------
SELECT count(*) c
FROM test_json_cols
WHERE json_value(t_obj, '$.a_str') = 'A';
+---+
| c |
+---+
| 0 |
+---+
(1 row)

!ok

#-------------------------------------------------------------------------
# TESTCASE: test_flatten_spec TEST_ID: G43 TYPE: POSITIVE TEST
#-------------------------------------------------------------------------
SELECT count(*) c
FROM test_json_cols
WHERE json_value(t_obj, '$.a_num_int') = 1;
+---+
| c |
+---+
| 0 |
+---+
(1 row)

!ok

#-------------------------------------------------------------------------
# TESTCASE: test_flatten_spec TEST_ID: G44 TYPE: POSITIVE TEST
#-------------------------------------------------------------------------
SELECT count(*) c
FROM test_json_cols
WHERE json_value(t_obj, '$.a_num_float') = 0.1;
+---+
| c |
+---+
| 0 |
+---+
(1 row)

!ok

#-------------------------------------------------------------------------
# TESTCASE: test_flatten_spec TEST_ID: G45 TYPE: POSITIVE TEST
#-------------------------------------------------------------------------
SELECT count(*) c
FROM test_json_cols
WHERE json_value(t_obj, '$.a_bool') = 1;
+---+
| c |
+---+
| 0 |
+---+
(1 row)

!ok

#-------------------------------------------------------------------------
# TESTCASE: test_flatten_spec TEST_ID: G46 TYPE: POSITIVE TEST
#-------------------------------------------------------------------------
SELECT count(*) c
FROM test_json_cols
WHERE json_value(t_obj, '$.a_null') IS NULL;
+---+
| c |
+---+
| 2 |
+---+
(1 row)

!ok

#-------------------------------------------------------------------------
# TESTCASE: test_flatten_spec TEST_ID: G47 TYPE: POSITIVE TEST
#-------------------------------------------------------------------------
SELECT json_query(t_obj, '$.a_empty_obj') c
FROM test_json_cols;
+---+
| c |
+---+
|   |
|   |
+---+
(2 rows)

!ok

#-------------------------------------------------------------------------
# TESTCASE: test_flatten_spec TEST_ID: G48 TYPE: POSITIVE TEST
#-------------------------------------------------------------------------
SELECT json_query(t_obj, '$.a_empty_array') c
FROM test_json_cols;
+---+
| c |
+---+
|   |
|   |
+---+
(2 rows)

!ok

#-------------------------------------------------------------------------
# TESTCASE: test_flatten_spec TEST_ID: G49 TYPE: POSITIVE TEST
#-------------------------------------------------------------------------
SELECT json_query(t_obj, '$.a_empty_obj_nested') c
FROM test_json_cols;
+---+
| c |
+---+
|   |
|   |
+---+
(2 rows)

!ok

#-------------------------------------------------------------------------
# TESTCASE: test_flatten_spec TEST_ID: G50 TYPE: POSITIVE TEST
#-------------------------------------------------------------------------
SELECT json_query(t_obj, '$.a_empty_array_nested') c
FROM test_json_cols;
+---+
| c |
+---+
|   |
|   |
+---+
(2 rows)

!ok

#-------------------------------------------------------------------------
# TESTCASE: test_flatten_spec TEST_ID: G51 TYPE: POSITIVE TEST
#-------------------------------------------------------------------------
SELECT count(*) c
FROM test_json_cols
WHERE json_value(t_obj, '$.a_obj.a_str') IS NULL;
+---+
| c |
+---+
| 2 |
+---+
(1 row)

!ok

#-------------------------------------------------------------------------
# TESTCASE: test_flatten_spec TEST_ID: G52 TYPE: POSITIVE TEST
#-------------------------------------------------------------------------
SELECT count(*) c
FROM test_json_cols
WHERE json_value(t_obj, '$.a_array[0].a_str') IS NULL;
+---+
| c |
+---+
| 2 |
+---+
(1 row)

!ok

#-------------------------------------------------------------------------
# TESTCASE: test_flatten_spec TEST_ID: G53 TYPE: POSITIVE TEST
#-------------------------------------------------------------------------
SELECT count(*) c
FROM test_json_cols
WHERE json_value(t_array, '$.a_str') = 'A';
+---+
| c |
+---+
| 0 |
+---+
(1 row)

!ok

#-------------------------------------------------------------------------
# TESTCASE: test_flatten_spec TEST_ID: G54 TYPE: POSITIVE TEST
#-------------------------------------------------------------------------
SELECT count(*) c
FROM test_json_cols
WHERE json_value(t_array, '$.a_num_int') = 1;
+---+
| c |
+---+
| 0 |
+---+
(1 row)

!ok

#-------------------------------------------------------------------------
# TESTCASE: test_flatten_spec TEST_ID: G55 TYPE: POSITIVE TEST
#-------------------------------------------------------------------------
SELECT count(*) c
FROM test_json_cols
WHERE json_value(t_array, '$.a_num_float') = 0.1;
+---+
| c |
+---+
| 0 |
+---+
(1 row)

!ok

#-------------------------------------------------------------------------
# TESTCASE: test_flatten_spec TEST_ID: G56 TYPE: POSITIVE TEST
#-------------------------------------------------------------------------
SELECT count(*) c
FROM test_json_cols
WHERE json_value(t_array, '$.a_bool') = 1;
+---+
| c |
+---+
| 0 |
+---+
(1 row)

!ok

#-------------------------------------------------------------------------
# TESTCASE: test_flatten_spec TEST_ID: G57 TYPE: POSITIVE TEST
#-------------------------------------------------------------------------
SELECT count(*) c
FROM test_json_cols
WHERE json_value(t_array, '$.a_null') IS NULL;
+---+
| c |
+---+
| 2 |
+---+
(1 row)

!ok

#-------------------------------------------------------------------------
# TESTCASE: test_flatten_spec TEST_ID: G58 TYPE: POSITIVE TEST
#-------------------------------------------------------------------------
SELECT json_query(t_array, '$.a_empty_obj') c
FROM test_json_cols;
+---+
| c |
+---+
|   |
|   |
+---+
(2 rows)

!ok

#-------------------------------------------------------------------------
# TESTCASE: test_flatten_spec TEST_ID: G59 TYPE: POSITIVE TEST
#-------------------------------------------------------------------------
SELECT json_query(t_array, '$.a_empty_array') c
FROM test_json_cols;
+---+
| c |
+---+
|   |
|   |
+---+
(2 rows)

!ok

#-------------------------------------------------------------------------
# TESTCASE: test_flatten_spec TEST_ID: G60 TYPE: POSITIVE TEST
#-------------------------------------------------------------------------
SELECT json_query(t_array, '$.a_empty_obj_nested') c
FROM test_json_cols;
+---+
| c |
+---+
|   |
|   |
+---+
(2 rows)

!ok

#-------------------------------------------------------------------------
# TESTCASE: test_flatten_spec TEST_ID: G61 TYPE: POSITIVE TEST
#-------------------------------------------------------------------------
SELECT json_query(t_array, '$.a_empty_array_nested') c
FROM test_json_cols;
+---+
| c |
+---+
|   |
|   |
+---+
(2 rows)

!ok

#-------------------------------------------------------------------------
# TESTCASE: test_flatten_spec TEST_ID: G62 TYPE: POSITIVE TEST
#-------------------------------------------------------------------------
SELECT count(*) c
FROM test_json_cols
WHERE json_value(t_array, '$.a_obj.a_str') IS NULL;
+---+
| c |
+---+
| 2 |
+---+
(1 row)

!ok

#-------------------------------------------------------------------------
# TESTCASE: test_flatten_spec TEST_ID: G63 TYPE: POSITIVE TEST
#-------------------------------------------------------------------------
SELECT count(*) c
FROM test_json_cols
WHERE json_value(t_array, '$.a_obj.a_str') IS NULL;
+---+
| c |
+---+
| 2 |
+---+
(1 row)

!ok

#-------------------------------------------------------------------------
# TESTCASE: test_flatten_spec TEST_ID: G64 TYPE: POSITIVE TEST
#-------------------------------------------------------------------------
SELECT count(*) c
FROM test_json_cols
WHERE json_value(t_array, '$.a_array[0].a_str') IS NULL;
+---+
| c |
+---+
| 2 |
+---+
(1 row)

!ok

#-------------------------------------------------------------------------
# TESTCASE: test_flatten_spec TEST_ID: G65 TYPE: POSITIVE TEST
#-------------------------------------------------------------------------
SELECT count(*) c
FROM test_json_cols
WHERE json_value(t_str1, '$.') = 'A';
+---+
| c |
+---+
| 0 |
+---+
(1 row)

!ok

#-------------------------------------------------------------------------
# TESTCASE: test_flatten_spec TEST_ID: G66 TYPE: POSITIVE TEST
#-------------------------------------------------------------------------
SELECT count(*) c
FROM test_json_cols
WHERE json_value(t_num_int1, '$.') = 1;
+---+
| c |
+---+
| 0 |
+---+
(1 row)

!ok

#-------------------------------------------------------------------------
# TESTCASE: test_flatten_spec TEST_ID: G67 TYPE: POSITIVE TEST
#-------------------------------------------------------------------------
SELECT count(*) c
FROM test_json_cols
WHERE json_value(t_num_float1, '$.') = 0.1;
+---+
| c |
+---+
| 0 |
+---+
(1 row)

!ok

#-------------------------------------------------------------------------
# TESTCASE: test_flatten_spec TEST_ID: G68 TYPE: POSITIVE TEST
#-------------------------------------------------------------------------
SELECT count(*) c
FROM test_json_cols
WHERE json_value(t_bool1, '$.') = 1;
+---+
| c |
+---+
| 0 |
+---+
(1 row)

!ok

#-------------------------------------------------------------------------
# TESTCASE: test_flatten_spec TEST_ID: G69 TYPE: POSITIVE TEST
#-------------------------------------------------------------------------
SELECT count(*) c
FROM test_json_cols
WHERE json_value(t_null1, '$.') IS NULL;
+---+
| c |
+---+
| 2 |
+---+
(1 row)

!ok

#-------------------------------------------------------------------------
# TESTCASE: test_flatten_spec TEST_ID: G70 TYPE: POSITIVE TEST
#-------------------------------------------------------------------------
SELECT json_query(t_empty_obj, '$.') c
FROM test_json_cols;
+---+
| c |
+---+
|   |
|   |
+---+
(2 rows)

!ok

#-------------------------------------------------------------------------
# TESTCASE: test_flatten_spec TEST_ID: G71 TYPE: POSITIVE TEST
#-------------------------------------------------------------------------
SELECT json_query(t_empty_array, '$.') c
FROM test_json_cols;
+---+
| c |
+---+
|   |
|   |
+---+
(2 rows)

!ok

#-------------------------------------------------------------------------
# TESTCASE: test_flatten_spec TEST_ID: G72 TYPE: POSITIVE TEST
#-------------------------------------------------------------------------
SELECT count(*) c
FROM test_json_cols
WHERE t_str1 = 'A';
+---+
| c |
+---+
| 0 |
+---+
(1 row)

!ok

#-------------------------------------------------------------------------
# TESTCASE: test_flatten_spec TEST_ID: G73 TYPE: POSITIVE TEST
#-------------------------------------------------------------------------
SELECT count(*) c
FROM test_json_cols
WHERE t_num_int1 = 1;
+---+
| c |
+---+
| 0 |
+---+
(1 row)

!ok

#-------------------------------------------------------------------------
# TESTCASE: test_flatten_spec TEST_ID: G74 TYPE: POSITIVE TEST
#-------------------------------------------------------------------------
SELECT count(*) c
FROM test_json_cols
WHERE t_num_float1 = 0.1;
+---+
| c |
+---+
| 0 |
+---+
(1 row)

!ok

#-------------------------------------------------------------------------
# TESTCASE: test_flatten_spec TEST_ID: G75 TYPE: POSITIVE TEST
#-------------------------------------------------------------------------
SELECT count(*) c
FROM test_json_cols
WHERE t_bool1 = 1;
+---+
| c |
+---+
| 0 |
+---+
(1 row)

!ok

#-------------------------------------------------------------------------
# TESTCASE: test_flatten_spec TEST_ID: G76 TYPE: POSITIVE TEST
#-------------------------------------------------------------------------
SELECT count(*) c
FROM test_json_cols
WHERE t_null1 IS NULL;
+---+
| c |
+---+
| 2 |
+---+
(1 row)

!ok

#-------------------------------------------------------------------------
# TESTCASE: test_flatten_spec TEST_ID: G77 TYPE: POSITIVE TEST
#-------------------------------------------------------------------------
SELECT t_empty_obj
FROM test_json_cols;
+-------------+
| t_empty_obj |
+-------------+
|             |
|             |
+-------------+
(2 rows)

!ok

#-------------------------------------------------------------------------
# TESTCASE: test_flatten_spec TEST_ID: G78 TYPE: POSITIVE TEST
#-------------------------------------------------------------------------
SELECT t_empty_array
FROM test_json_cols;
+---------------+
| t_empty_array |
+---------------+
|               |
|               |
+---------------+
(2 rows)

!ok

#-------------------------------------------------------------------------
# TESTCASE: test_flatten_spec TEST_ID: G79 TYPE: POSITIVE TEST
#-------------------------------------------------------------------------
SELECT count(*) c
FROM test_json_cols
WHERE json_value(t_str2, '$.') = 'A';
+---+
| c |
+---+
| 0 |
+---+
(1 row)

!ok

#-------------------------------------------------------------------------
# TESTCASE: test_flatten_spec TEST_ID: G80 TYPE: POSITIVE TEST
#-------------------------------------------------------------------------
SELECT count(*) c
FROM test_json_cols
WHERE json_value(t_num_int2, '$.') = 1;
+---+
| c |
+---+
| 0 |
+---+
(1 row)

!ok

#-------------------------------------------------------------------------
# TESTCASE: test_flatten_spec TEST_ID: G81 TYPE: POSITIVE TEST
#-------------------------------------------------------------------------
SELECT count(*) c
FROM test_json_cols
WHERE json_value(t_num_float2, '$.') = 0.1;
+---+
| c |
+---+
| 0 |
+---+
(1 row)

!ok

#-------------------------------------------------------------------------
# TESTCASE: test_flatten_spec TEST_ID: G82 TYPE: POSITIVE TEST
#-------------------------------------------------------------------------
SELECT count(*) c
FROM test_json_cols
WHERE json_value(t_bool2, '$.') = 1;
+---+
| c |
+---+
| 0 |
+---+
(1 row)

!ok

#-------------------------------------------------------------------------
# TESTCASE: test_flatten_spec TEST_ID: G83 TYPE: POSITIVE TEST
#-------------------------------------------------------------------------
SELECT count(*) c
FROM test_json_cols
WHERE json_value(t_null2, '$.') IS NULL;
+---+
| c |
+---+
| 2 |
+---+
(1 row)

!ok

#-------------------------------------------------------------------------
# TESTCASE: test_flatten_spec TEST_ID: G84 TYPE: POSITIVE TEST
#-------------------------------------------------------------------------
SELECT count(*) c
FROM test_json_cols
WHERE t_str2 = 'A';
+---+
| c |
+---+
| 0 |
+---+
(1 row)

!ok

#-------------------------------------------------------------------------
# TESTCASE: test_flatten_spec TEST_ID: G85 TYPE: POSITIVE TEST
#-------------------------------------------------------------------------
SELECT count(*) c
FROM test_json_cols
WHERE t_num_int2 = 1;
+---+
| c |
+---+
| 0 |
+---+
(1 row)

!ok

#-------------------------------------------------------------------------
# TESTCASE: test_flatten_spec TEST_ID: G86 TYPE: POSITIVE TEST
#-------------------------------------------------------------------------
SELECT count(*) c
FROM test_json_cols
WHERE t_num_float2 = 0.1;
+---+
| c |
+---+
| 0 |
+---+
(1 row)

!ok

#-------------------------------------------------------------------------
# TESTCASE: test_flatten_spec TEST_ID: G87 TYPE: POSITIVE TEST
#-------------------------------------------------------------------------
SELECT count(*) c
FROM test_json_cols
WHERE t_bool2 = 1;
+---+
| c |
+---+
| 0 |
+---+
(1 row)

!ok

#-------------------------------------------------------------------------
# TESTCASE: test_flatten_spec TEST_ID: G88 TYPE: POSITIVE TEST
#-------------------------------------------------------------------------
SELECT count(*) c
FROM test_json_cols
WHERE t_null2 IS NULL;
+---+
| c |
+---+
| 2 |
+---+
(1 row)

!ok

#-------------------------------------------------------------------------
# TESTCASE: test_flatten_spec TEST_ID: G89 TYPE: POSITIVE TEST
#-------------------------------------------------------------------------
SELECT count(*) c
FROM test_json_cols
WHERE json_value(t_new, '$.c1.a_obj.a_str') = 'A';
+---+
| c |
+---+
| 0 |
+---+
(1 row)

!ok

#-------------------------------------------------------------------------
# TESTCASE: test_flatten_spec TEST_ID: G90 TYPE: POSITIVE TEST
#-------------------------------------------------------------------------
SELECT count(*) c
FROM test_json_cols
WHERE json_value(t_new, '$.c1.a_obj.a_num_int') = 1;
+---+
| c |
+---+
| 0 |
+---+
(1 row)

!ok

#-------------------------------------------------------------------------
# TESTCASE: test_flatten_spec TEST_ID: G91 TYPE: POSITIVE TEST
#-------------------------------------------------------------------------
SELECT count(*) c
FROM test_json_cols
WHERE json_value(t_new, '$.c1.a_obj.a_num_float') = 0.1;
+---+
| c |
+---+
| 0 |
+---+
(1 row)

!ok

#-------------------------------------------------------------------------
# TESTCASE: test_flatten_spec TEST_ID: G92 TYPE: POSITIVE TEST
#-------------------------------------------------------------------------
SELECT count(*) c
FROM test_json_cols
WHERE json_value(t_new, '$.c1.a_obj.a_bool') = 1;
+---+
| c |
+---+
| 0 |
+---+
(1 row)

!ok

#-------------------------------------------------------------------------
# TESTCASE: test_flatten_spec TEST_ID: G93 TYPE: POSITIVE TEST
#-------------------------------------------------------------------------
SELECT count(*) c
FROM test_json_cols
WHERE json_value(t_new, '$.c1.a_obj.a_null') IS NULL;
+---+
| c |
+---+
| 2 |
+---+
(1 row)

!ok

#-------------------------------------------------------------------------
# TESTCASE: test_flatten_spec TEST_ID: G94 TYPE: POSITIVE TEST
#-------------------------------------------------------------------------
SELECT json_query(t_new, '$.c1.a_obj.a_empty_obj') c
FROM test_json_cols;
+---+
| c |
+---+
|   |
|   |
+---+
(2 rows)

!ok

#-------------------------------------------------------------------------
# TESTCASE: test_flatten_spec TEST_ID: G95 TYPE: POSITIVE TEST
#-------------------------------------------------------------------------
SELECT json_query(t_new, '$.c1.a_obj.a_empty_array') c
FROM test_json_cols;
+---+
| c |
+---+
|   |
|   |
+---+
(2 rows)

!ok

#-------------------------------------------------------------------------
# TESTCASE: test_flatten_spec TEST_ID: G96 TYPE: POSITIVE TEST
#-------------------------------------------------------------------------
SELECT json_query(t_new, '$.c1.a_obj.a_empty_obj_nested') c
FROM test_json_cols;
+---+
| c |
+---+
|   |
|   |
+---+
(2 rows)

!ok

#-------------------------------------------------------------------------
# TESTCASE: test_flatten_spec TEST_ID: G97 TYPE: POSITIVE TEST
#-------------------------------------------------------------------------
SELECT json_query(t_new, '$.c1.a_obj.a_empty_array_nested') c
FROM test_json_cols;
+---+
| c |
+---+
|   |
|   |
+---+
(2 rows)

!ok

#-------------------------------------------------------------------------
# TESTCASE: test_flatten_spec TEST_ID: G98 TYPE: POSITIVE TEST
#-------------------------------------------------------------------------
SELECT count(*) c
FROM test_json_cols
WHERE json_value(t_new, '$.c1.a_obj.a_obj.a_str') IS NULL;
+---+
| c |
+---+
| 2 |
+---+
(1 row)

!ok

#-------------------------------------------------------------------------
# TESTCASE: test_flatten_spec TEST_ID: G99 TYPE: POSITIVE TEST
#-------------------------------------------------------------------------
SELECT sum(cnt) s
FROM test_json_cols;
+---+
| s |
+---+
| 4 |
+---+
(1 row)

!ok

#-------------------------------------------------------------------------
# Total query count 100 Positive tests: 100 Negative tests: 0
#-------------------------------------------------------------------------
