!set dartQueryId 00000000-0000-0000-0000-000000000000
!set useApproximateCountDistinct false
!use druidtest://?componentSupplier=AllDruidEnginesComponentSupplier&datasets=sql/src/test/quidem/qatests/qaUnnest/array
!set outputformat mysql
SELECT *
FROM test_unnest;
+-------------------------+-------+--------+--------------+--------------+------------------+----------------+--------------------+---------+--------------------------+-------------------------------------------------------------------------------------------------------------------------------------------------------------------------------------------------------------------------------------------------------------------------------------------------------------------------------+
| __time                  | s_int | s_null | a_bool       | a_int        | a_float          | a_str          | a_null             | a_empty | a_mixed                  | a_nested                                                                                                                                                                                                                                                                                                                      |
+-------------------------+-------+--------+--------------+--------------+------------------+----------------+--------------------+---------+--------------------------+-------------------------------------------------------------------------------------------------------------------------------------------------------------------------------------------------------------------------------------------------------------------------------------------------------------------------------+
| 2022-01-01 00:00:00.000 |     1 |        | [1, 0, null] | [1, 2, null] | [0.1, 0.2, null] | [S1, S2, null] | [null, null, null] | []      | [true, 1, 0.1, S1, null] | [[true,false,null],[1,2,null],[0.1,0.2,null],["S1","S2",null],[null,null,null],[],[true,1,0.1,"S1",null],[[true,false,null],[1,2,null],[0.1,0.2,null],["S1","S2",null],[null,null,null],[],[true,1,0.1,"S1",null],[[true,false,null],[1,2,null],[0.1,0.2,null],["S1","S2",null],[null,null,null],[],[true,1,0.1,"S1",null]]]] |
| 2022-02-01 00:00:00.000 |     2 |        | [null, 1, 0] | [null, 1, 2] | [null, 0.1, 0.2] | [null, S1, S2] | [null, null, null] | []      | [null, true, 1, 0.1, S1] | [[null,true,false],[null,1,2],[null,0.1,0.2],[null,"S1","S2"],[null,null,null],[],[null,true,1,0.1,"S1"],[[null,true,false],[null,1,2],[null,0.1,0.2],[null,"S1","S2"],[null,null,null],[],[null,true,1,0.1,"S1"],[[null,true,false],[null,1,2],[null,0.1,0.2],[null,"S1","S2"],[null,null,null],[],[null,true,1,0.1,"S1"]]]] |
| 2022-03-01 00:00:00.000 |       |        | [0, null, 1] | [2, null, 1] | [0.2, null, 0.1] | [S2, null, S1] | [null, null, null] | []      | [S1, null, true, 1, 0.1] | [[false,null,true],[2,null,1],[0.2,null,0.1],["S2",null,"S1"],[null,null,null],[],["S1",null,true,1,0.1],[[false,null,true],[2,null,1],[0.2,null,0.1],["S2",null,"S1"],[null,null,null],[],["S1",null,true,1,0.1],[[false,null,true],[2,null,1],[0.2,null,0.1],["S2",null,"S1"],[null,null,null],[],["S1",null,true,1,0.1]]]] |
+-------------------------+-------+--------+--------------+--------------+------------------+----------------+--------------------+---------+--------------------------+-------------------------------------------------------------------------------------------------------------------------------------------------------------------------------------------------------------------------------------------------------------------------------------------------------------------------------+
(3 rows)

!ok

#-------------------------------------------------------------------------
# TESTCASE: test_col_general TEST_ID: A1_B1 TYPE: NEGATIVE TEST
#-------------------------------------------------------------------------
SELECT c
FROM test_unnest,
     unnest(doesnt_exist) AS u(c);
not found
!error

#-------------------------------------------------------------------------
# TESTCASE: test_col_general TEST_ID: A1_B2 TYPE: NEGATIVE TEST
#-------------------------------------------------------------------------
SELECT c
FROM test_unnest,
     unnest(doesnt_exist) AS u(c)
GROUP BY c;
not found
!error

#-------------------------------------------------------------------------
# TESTCASE: test_col_general TEST_ID: A1_B3 TYPE: NEGATIVE TEST
#-------------------------------------------------------------------------
SELECT *
FROM test_unnest,
     unnest(a_int) AS u(a_int);
is ambiguous
!error

#-------------------------------------------------------------------------
# TESTCASE: test_col_general TEST_ID: A1_B4 TYPE: NEGATIVE TEST
#-------------------------------------------------------------------------
SELECT *
FROM test_unnest,
     unnest(a_int) AS u(a_int)
GROUP BY c;
is ambiguous
!error

#-------------------------------------------------------------------------
# TESTCASE: test_col_general TEST_ID: A1_B5 TYPE: NEGATIVE TEST
#-------------------------------------------------------------------------
SELECT s_int0
FROM test_unnest,
     unnest(a_int) AS u(s_int);
not found in any table
!error

#-------------------------------------------------------------------------
# TESTCASE: test_col_general TEST_ID: A1_B6 TYPE: POSITIVE TEST
#-------------------------------------------------------------------------
SELECT u.s_int
FROM test_unnest,
     unnest(a_int) AS u(s_int);
+-------+
| s_int |
+-------+
|     1 |
|     1 |
|     1 |
|     2 |
|     2 |
|     2 |
|       |
|       |
|       |
+-------+
(9 rows)

!ok

#-------------------------------------------------------------------------
# TESTCASE: test_col_general TEST_ID: A1_B7 TYPE: POSITIVE TEST
#-------------------------------------------------------------------------
SELECT count(*)
FROM
  (SELECT u.s_int
   FROM test_unnest,
        unnest(a_int) AS u(s_int));
+--------+
| EXPR$0 |
+--------+
|      9 |
+--------+
(1 row)

!ok

#-------------------------------------------------------------------------
# TESTCASE: test_col_general TEST_ID: A1_B8 TYPE: POSITIVE TEST
#-------------------------------------------------------------------------
SELECT count(*)
FROM test_unnest,
     unnest(a_int) AS u(s_int);
+--------+
| EXPR$0 |
+--------+
|      9 |
+--------+
(1 row)

!ok

#-------------------------------------------------------------------------
# TESTCASE: test_col_general TEST_ID: A1_B9 TYPE: POSITIVE TEST
#-------------------------------------------------------------------------
SELECT s_int0
FROM
  (SELECT *
   FROM test_unnest,
        unnest(a_int) AS u(s_int));
+--------+
| s_int0 |
+--------+
|      1 |
|      1 |
|      1 |
|      2 |
|      2 |
|      2 |
|        |
|        |
|        |
+--------+
(9 rows)

!ok

#-------------------------------------------------------------------------
# TESTCASE: test_col_general TEST_ID: A1_B10 TYPE: POSITIVE TEST
#-------------------------------------------------------------------------
SELECT count(*) cnt
FROM
  (SELECT *
   FROM test_unnest,
        unnest(a_int) AS u(s_int));
+-----+
| cnt |
+-----+
|   9 |
+-----+
(1 row)

!ok

#-------------------------------------------------------------------------
# TESTCASE: test_col_general TEST_ID: A1_B11 TYPE: NEGATIVE TEST
#-------------------------------------------------------------------------
SELECT u.s_int
FROM
  (SELECT *
   FROM test_unnest,
        unnest(a_int) AS u(s_int));
not found
!error

#-------------------------------------------------------------------------
# TESTCASE: test_col_general TEST_ID: A1_B12 TYPE: NEGATIVE TEST
#-------------------------------------------------------------------------
SELECT s_int0,
       count(*) cnt
FROM test_unnest,
     unnest(a_int) AS u(s_int)
GROUP BY s_int0;
not found in any table
!error

#-------------------------------------------------------------------------
# TESTCASE: test_col_general TEST_ID: A1_B13 TYPE: POSITIVE TEST
#-------------------------------------------------------------------------
SELECT u.s_int,
       count(*) cnt
FROM test_unnest,
     unnest(a_int) AS u(s_int)
GROUP BY u.s_int;
+-------+-----+
| s_int | cnt |
+-------+-----+
|     1 |   3 |
|     2 |   3 |
|       |   3 |
+-------+-----+
(3 rows)

!ok

#-------------------------------------------------------------------------
# TESTCASE: test_col_general TEST_ID: A1_B14 TYPE: NEGATIVE TEST
#-------------------------------------------------------------------------
SELECT c
FROM test_unnest,
     strlen(unnest(a_int)) AS u(c);
unexpected token
!error

#-------------------------------------------------------------------------
# TESTCASE: test_col_general TEST_ID: A1_B15 TYPE: NEGATIVE TEST
#-------------------------------------------------------------------------
SELECT c
FROM test_unnest,
     strlen(unnest(a_int)) AS u(c)
GROUP BY c;
unexpected token
!error

#-------------------------------------------------------------------------
# TESTCASE: test_col_general TEST_ID: A1_B16 TYPE: POSITIVE TEST
#-------------------------------------------------------------------------
SELECT c
FROM test_unnest,
     unnest(array_slice(a_int, 0, 2)) AS u(c);
+---+
| c |
+---+
| 1 |
| 1 |
| 2 |
| 2 |
|   |
|   |
+---+
(6 rows)

!ok

#-------------------------------------------------------------------------
# TESTCASE: test_col_general TEST_ID: A1_B17 TYPE: POSITIVE TEST
#-------------------------------------------------------------------------
SELECT c
FROM test_unnest,
     unnest(array_slice(a_int, 0, 2)) AS u(c)
GROUP BY c;
+---+
| c |
+---+
| 1 |
| 2 |
|   |
+---+
(3 rows)

!ok

#-------------------------------------------------------------------------
# TESTCASE: test_col_general TEST_ID: A1_B18 TYPE: POSITIVE TEST
#-------------------------------------------------------------------------
SELECT c
FROM test_unnest,
     unnest(array_append(a_int, 9)) AS u(c);
+---+
| c |
+---+
| 1 |
| 1 |
| 1 |
| 2 |
| 2 |
| 2 |
| 9 |
| 9 |
| 9 |
|   |
|   |
|   |
+---+
(12 rows)

!ok

#-------------------------------------------------------------------------
# TESTCASE: test_col_general TEST_ID: A1_B19 TYPE: POSITIVE TEST
#-------------------------------------------------------------------------
SELECT c
FROM test_unnest,
     unnest(array_append(a_int, 9)) AS u(c)
GROUP BY c;
+---+
| c |
+---+
| 1 |
| 2 |
| 9 |
|   |
+---+
(4 rows)

!ok

#-------------------------------------------------------------------------
# TESTCASE: test_col_general TEST_ID: A1_B20 TYPE: POSITIVE TEST
#-------------------------------------------------------------------------
SELECT (c || 'Z') col
FROM test_unnest,
     unnest(a_int) AS u(c);
+-----+
| col |
+-----+
| 1Z  |
| 1Z  |
| 1Z  |
| 2Z  |
| 2Z  |
| 2Z  |
|     |
|     |
|     |
+-----+
(9 rows)

!ok

#-------------------------------------------------------------------------
# TESTCASE: test_col_general TEST_ID: A1_B21 TYPE: POSITIVE TEST
#-------------------------------------------------------------------------
SELECT (c || 'Z') col
FROM test_unnest,
     unnest(a_int) AS u(c)
GROUP BY c;
+-----+
| col |
+-----+
| 1Z  |
| 2Z  |
|     |
+-----+
(3 rows)

!ok

#-------------------------------------------------------------------------
# TESTCASE: test_col_general TEST_ID: A1_B22 TYPE: POSITIVE TEST
#-------------------------------------------------------------------------
SELECT length(c) col
FROM test_unnest,
     unnest(a_int) AS u(c);
+-----+
| col |
+-----+
|   1 |
|   1 |
|   1 |
|   1 |
|   1 |
|   1 |
|     |
|     |
|     |
+-----+
(9 rows)

!ok

#-------------------------------------------------------------------------
# TESTCASE: test_col_general TEST_ID: A1_B23 TYPE: POSITIVE TEST
#-------------------------------------------------------------------------
SELECT length(c) col
FROM test_unnest,
     unnest(a_int) AS u(c)
GROUP BY c;
+-----+
| col |
+-----+
|   1 |
|   1 |
|     |
+-----+
(3 rows)

!ok

#-------------------------------------------------------------------------
# TESTCASE: test_col_general TEST_ID: A1_B24 TYPE: POSITIVE TEST
#-------------------------------------------------------------------------
SELECT length(c || 'Z') col
FROM test_unnest,
     unnest(a_int) AS u(c);
+-----+
| col |
+-----+
|   2 |
|   2 |
|   2 |
|   2 |
|   2 |
|   2 |
|     |
|     |
|     |
+-----+
(9 rows)

!ok

#-------------------------------------------------------------------------
# TESTCASE: test_col_general TEST_ID: A1_B25 TYPE: POSITIVE TEST
#-------------------------------------------------------------------------
SELECT length(c || 'Z') col
FROM test_unnest,
     unnest(a_int) AS u(c)
GROUP BY c;
+-----+
| col |
+-----+
|   2 |
|   2 |
|     |
+-----+
(3 rows)

!ok

#-------------------------------------------------------------------------
# TESTCASE: test_col_general TEST_ID: A1_B26 TYPE: POSITIVE TEST
#-------------------------------------------------------------------------
SELECT length(c || c) col
FROM test_unnest,
     unnest(a_int) AS u(c);
+-----+
| col |
+-----+
|   2 |
|   2 |
|   2 |
|   2 |
|   2 |
|   2 |
|     |
|     |
|     |
+-----+
(9 rows)

!ok

#-------------------------------------------------------------------------
# TESTCASE: test_col_general TEST_ID: A1_B27 TYPE: POSITIVE TEST
#-------------------------------------------------------------------------
SELECT length(c || c) col
FROM test_unnest,
     unnest(a_int) AS u(c)
GROUP BY c;
+-----+
| col |
+-----+
|   2 |
|   2 |
|     |
+-----+
(3 rows)

!ok

#-------------------------------------------------------------------------
# TESTCASE: test_col_general TEST_ID: A1_B28 TYPE: NEGATIVE TEST
#-------------------------------------------------------------------------
SELECT c,
       a_int AS new_col
FROM test_unnest,
     unnest(new_col) AS u(c);
not found in any table
!error

#-------------------------------------------------------------------------
# TESTCASE: test_col_general TEST_ID: A1_B29 TYPE: POSITIVE TEST
#-------------------------------------------------------------------------
SELECT c
FROM
  (SELECT a_int AS new_col
   FROM test_unnest) t1,
     unnest(new_col) AS u(c);
+---+
| c |
+---+
| 1 |
| 1 |
| 1 |
| 2 |
| 2 |
| 2 |
|   |
|   |
|   |
+---+
(9 rows)

!ok

#-------------------------------------------------------------------------
# TESTCASE: test_col_general TEST_ID: A1_B30 TYPE: POSITIVE TEST
#-------------------------------------------------------------------------
SELECT c AS new_col
FROM test_unnest,
     unnest(a_int) AS u(c);
+---------+
| new_col |
+---------+
|       1 |
|       1 |
|       1 |
|       2 |
|       2 |
|       2 |
|         |
|         |
|         |
+---------+
(9 rows)

!ok

#-------------------------------------------------------------------------
# Total query count 31 Positive tests: 21 Negative tests: 10
#-------------------------------------------------------------------------
