!set useApproximateCountDistinct false
!use druidtest://?componentSupplier=StandardComponentSupplier&datasets=sql/src/test/quidem/qatests/qaUnnest/mv
!set outputformat mysql
SELECT *
FROM test_unnest;
+-------------------------+-------+--------+---------+----------+------------------------------------------------+------------------------+--------------------------------------+----------------------------------+--------------------------------------+----------------------------------+-----------------------------+
| __time                  | c_str | c_long | c_float | c_double | c_mv_complex                                   | c_mv_num               | c_mv_complex_with_null_and_empty_val | c_mv_num_with_null_and_empty_val | c_mv_complex_with_null_and_empty_row | c_mv_num_with_null_and_empty_row | c_mv_all_null_and_empty_val |
+-------------------------+-------+--------+---------+----------+------------------------------------------------+------------------------+--------------------------------------+----------------------------------+--------------------------------------+----------------------------------+-----------------------------+
| 2022-01-01 00:00:00.000 |       |      1 |     0.1 |      0.1 | ["my_null","my_empty","1","[2]","[3, [4, 5]]"] | ["-1","0","1","2","3"] | [null,"","1","[2]","[3, [4, 5]]"]    | [null,"","1","2","3"]            |                                      |                                  | [null,"",null,"",null]      |
| 2022-01-01 00:00:00.000 | str2  |      2 |     0.2 |      0.2 | ["my_null","my_empty","1","[2]","[3, [4, 5]]"] | ["-1","0","1","2","3"] | [null,"","1","[2]","[3, [4, 5]]"]    | [null,"","1","2","3"]            | [null,"","1","[2]","[3, [4, 5]]"]    | [null,"","1","2","3"]            | [null,"",null,"",null]      |
| 2022-01-01 00:00:00.000 | str3  |      3 |     0.3 |      0.3 | ["my_null","my_empty","1","[2]","[3, [4, 5]]"] | ["-1","0","1","2","3"] | [null,"","1","[2]","[3, [4, 5]]"]    | [null,"","1","2","3"]            | [null,"","1","[2]","[3, [4, 5]]"]    | [null,"","1","2","3"]            | [null,"",null,"",null]      |
| 2022-01-01 00:00:00.000 | str4  |      4 |     0.4 |      0.4 | ["my_null","my_empty","1","[2]","[3, [4, 5]]"] | ["-1","0","1","2","3"] | [null,"","1","[2]","[3, [4, 5]]"]    | [null,"","1","2","3"]            | [null,"","1","[2]","[3, [4, 5]]"]    | [null,"","1","2","3"]            | [null,"",null,"",null]      |
| 2022-01-01 00:00:00.000 |       |      0 |     0.0 |      0.0 | ["my_null","my_empty","1","[2]","[3, [4, 5]]"] | ["-1","0","1","2","3"] | [null,"","1","[2]","[3, [4, 5]]"]    | [null,"","1","2","3"]            |                                      |                                  | [null,"",null,"",null]      |
+-------------------------+-------+--------+---------+----------+------------------------------------------------+------------------------+--------------------------------------+----------------------------------+--------------------------------------+----------------------------------+-----------------------------+
(5 rows)

!ok

#-------------------------------------------------------------------------
# TESTCASE: test_order_by TEST_ID: A1_B1 TYPE: POSITIVE TEST
#-------------------------------------------------------------------------
SELECT c,
       count(*) cnt
FROM test_unnest,
     unnest(mv_to_array(c_mv_complex)) AS u(c)
GROUP BY c
ORDER BY c ASC;
+-------------+-----+
| c           | cnt |
+-------------+-----+
| 1           |   5 |
| [2]         |   5 |
| [3, [4, 5]] |   5 |
| my_empty    |   5 |
| my_null     |   5 |
+-------------+-----+
(5 rows)

!ok

#-------------------------------------------------------------------------
# TESTCASE: test_order_by TEST_ID: A1_B2 TYPE: POSITIVE TEST
#-------------------------------------------------------------------------
SELECT c,
       count(*) cnt
FROM test_unnest,
     unnest(mv_to_array(c_mv_complex)) AS u(c)
GROUP BY c
ORDER BY 1 DESC;
+-------------+-----+
| c           | cnt |
+-------------+-----+
| my_null     |   5 |
| my_empty    |   5 |
| [3, [4, 5]] |   5 |
| [2]         |   5 |
| 1           |   5 |
+-------------+-----+
(5 rows)

!ok

#-------------------------------------------------------------------------
# TESTCASE: test_order_by TEST_ID: A1_B3 TYPE: NEGATIVE TEST
#-------------------------------------------------------------------------
SELECT c
FROM test_unnest,
     unnest(mv_to_array(c_mv_complex)) AS u(c)
ORDER BY c ASC;
CannotBuildQueryException
!error

#-------------------------------------------------------------------------
# TESTCASE: test_order_by TEST_ID: A1_B4 TYPE: NEGATIVE TEST
#-------------------------------------------------------------------------
SELECT c
FROM test_unnest,
     unnest(mv_to_array(c_mv_complex)) AS u(c)
ORDER BY 1 DESC;
CannotBuildQueryException
!error

#-------------------------------------------------------------------------
# TESTCASE: test_order_by TEST_ID: A1_B5 TYPE: POSITIVE TEST
#-------------------------------------------------------------------------
SELECT c
FROM
  (SELECT c
   FROM test_unnest,
        unnest(mv_to_array(c_mv_complex)) AS u(c)
   ORDER BY c ASC);
+-------------+
| c           |
+-------------+
| 1           |
| 1           |
| 1           |
| 1           |
| 1           |
| [2]         |
| [2]         |
| [2]         |
| [2]         |
| [2]         |
| [3, [4, 5]] |
| [3, [4, 5]] |
| [3, [4, 5]] |
| [3, [4, 5]] |
| [3, [4, 5]] |
| my_empty    |
| my_empty    |
| my_empty    |
| my_empty    |
| my_empty    |
| my_null     |
| my_null     |
| my_null     |
| my_null     |
| my_null     |
+-------------+
(25 rows)

!ok

#-------------------------------------------------------------------------
# TESTCASE: test_order_by TEST_ID: A1_B6 TYPE: POSITIVE TEST
#-------------------------------------------------------------------------
SELECT c
FROM
  (SELECT c
   FROM test_unnest,
        unnest(mv_to_array(c_mv_complex)) AS u(c)
   ORDER BY 1 DESC);
+-------------+
| c           |
+-------------+
| 1           |
| 1           |
| 1           |
| 1           |
| 1           |
| [2]         |
| [2]         |
| [2]         |
| [2]         |
| [2]         |
| [3, [4, 5]] |
| [3, [4, 5]] |
| [3, [4, 5]] |
| [3, [4, 5]] |
| [3, [4, 5]] |
| my_empty    |
| my_empty    |
| my_empty    |
| my_empty    |
| my_empty    |
| my_null     |
| my_null     |
| my_null     |
| my_null     |
| my_null     |
+-------------+
(25 rows)

!ok

#-------------------------------------------------------------------------
# TESTCASE: test_order_by TEST_ID: A1_B7 TYPE: POSITIVE TEST
#-------------------------------------------------------------------------
SELECT __time,
       count(*) cnt
FROM test_unnest,
     unnest(mv_to_array(c_mv_complex)) AS u(c)
GROUP BY __time
ORDER BY __time ASC;
+-------------------------+-----+
| __time                  | cnt |
+-------------------------+-----+
| 2022-01-01 00:00:00.000 |  25 |
+-------------------------+-----+
(1 row)

!ok

#-------------------------------------------------------------------------
# TESTCASE: test_order_by TEST_ID: A1_B8 TYPE: POSITIVE TEST
#-------------------------------------------------------------------------
SELECT __time,
       count(*) cnt
FROM test_unnest,
     unnest(mv_to_array(c_mv_complex)) AS u(c)
GROUP BY __time
ORDER BY __time DESC;
+-------------------------+-----+
| __time                  | cnt |
+-------------------------+-----+
| 2022-01-01 00:00:00.000 |  25 |
+-------------------------+-----+
(1 row)

!ok

#-------------------------------------------------------------------------
# TESTCASE: test_order_by TEST_ID: A1_B9 TYPE: POSITIVE TEST
#-------------------------------------------------------------------------
SELECT __time
FROM test_unnest,
     unnest(mv_to_array(c_mv_complex)) AS u(c)
ORDER BY __time ASC;
+-------------------------+
| __time                  |
+-------------------------+
| 2022-01-01 00:00:00.000 |
| 2022-01-01 00:00:00.000 |
| 2022-01-01 00:00:00.000 |
| 2022-01-01 00:00:00.000 |
| 2022-01-01 00:00:00.000 |
| 2022-01-01 00:00:00.000 |
| 2022-01-01 00:00:00.000 |
| 2022-01-01 00:00:00.000 |
| 2022-01-01 00:00:00.000 |
| 2022-01-01 00:00:00.000 |
| 2022-01-01 00:00:00.000 |
| 2022-01-01 00:00:00.000 |
| 2022-01-01 00:00:00.000 |
| 2022-01-01 00:00:00.000 |
| 2022-01-01 00:00:00.000 |
| 2022-01-01 00:00:00.000 |
| 2022-01-01 00:00:00.000 |
| 2022-01-01 00:00:00.000 |
| 2022-01-01 00:00:00.000 |
| 2022-01-01 00:00:00.000 |
| 2022-01-01 00:00:00.000 |
| 2022-01-01 00:00:00.000 |
| 2022-01-01 00:00:00.000 |
| 2022-01-01 00:00:00.000 |
| 2022-01-01 00:00:00.000 |
+-------------------------+
(25 rows)

!ok

#-------------------------------------------------------------------------
# TESTCASE: test_order_by TEST_ID: A1_B10 TYPE: POSITIVE TEST
#-------------------------------------------------------------------------
SELECT __time
FROM test_unnest,
     unnest(mv_to_array(c_mv_complex)) AS u(c)
ORDER BY 1 DESC;
+-------------------------+
| __time                  |
+-------------------------+
| 2022-01-01 00:00:00.000 |
| 2022-01-01 00:00:00.000 |
| 2022-01-01 00:00:00.000 |
| 2022-01-01 00:00:00.000 |
| 2022-01-01 00:00:00.000 |
| 2022-01-01 00:00:00.000 |
| 2022-01-01 00:00:00.000 |
| 2022-01-01 00:00:00.000 |
| 2022-01-01 00:00:00.000 |
| 2022-01-01 00:00:00.000 |
| 2022-01-01 00:00:00.000 |
| 2022-01-01 00:00:00.000 |
| 2022-01-01 00:00:00.000 |
| 2022-01-01 00:00:00.000 |
| 2022-01-01 00:00:00.000 |
| 2022-01-01 00:00:00.000 |
| 2022-01-01 00:00:00.000 |
| 2022-01-01 00:00:00.000 |
| 2022-01-01 00:00:00.000 |
| 2022-01-01 00:00:00.000 |
| 2022-01-01 00:00:00.000 |
| 2022-01-01 00:00:00.000 |
| 2022-01-01 00:00:00.000 |
| 2022-01-01 00:00:00.000 |
| 2022-01-01 00:00:00.000 |
+-------------------------+
(25 rows)

!ok

#-------------------------------------------------------------------------
# TESTCASE: test_order_by TEST_ID: A1_B11 TYPE: POSITIVE TEST
#-------------------------------------------------------------------------
SELECT __time
FROM
  (SELECT __time
   FROM test_unnest,
        unnest(mv_to_array(c_mv_complex)) AS u(c)
   ORDER BY __time ASC);
+-------------------------+
| __time                  |
+-------------------------+
| 2022-01-01 00:00:00.000 |
| 2022-01-01 00:00:00.000 |
| 2022-01-01 00:00:00.000 |
| 2022-01-01 00:00:00.000 |
| 2022-01-01 00:00:00.000 |
| 2022-01-01 00:00:00.000 |
| 2022-01-01 00:00:00.000 |
| 2022-01-01 00:00:00.000 |
| 2022-01-01 00:00:00.000 |
| 2022-01-01 00:00:00.000 |
| 2022-01-01 00:00:00.000 |
| 2022-01-01 00:00:00.000 |
| 2022-01-01 00:00:00.000 |
| 2022-01-01 00:00:00.000 |
| 2022-01-01 00:00:00.000 |
| 2022-01-01 00:00:00.000 |
| 2022-01-01 00:00:00.000 |
| 2022-01-01 00:00:00.000 |
| 2022-01-01 00:00:00.000 |
| 2022-01-01 00:00:00.000 |
| 2022-01-01 00:00:00.000 |
| 2022-01-01 00:00:00.000 |
| 2022-01-01 00:00:00.000 |
| 2022-01-01 00:00:00.000 |
| 2022-01-01 00:00:00.000 |
+-------------------------+
(25 rows)

!ok

#-------------------------------------------------------------------------
# TESTCASE: test_order_by TEST_ID: A1_B12 TYPE: POSITIVE TEST
#-------------------------------------------------------------------------
SELECT __time
FROM
  (SELECT __time
   FROM test_unnest,
        unnest(mv_to_array(c_mv_complex)) AS u(c)
   ORDER BY 1 DESC);
+-------------------------+
| __time                  |
+-------------------------+
| 2022-01-01 00:00:00.000 |
| 2022-01-01 00:00:00.000 |
| 2022-01-01 00:00:00.000 |
| 2022-01-01 00:00:00.000 |
| 2022-01-01 00:00:00.000 |
| 2022-01-01 00:00:00.000 |
| 2022-01-01 00:00:00.000 |
| 2022-01-01 00:00:00.000 |
| 2022-01-01 00:00:00.000 |
| 2022-01-01 00:00:00.000 |
| 2022-01-01 00:00:00.000 |
| 2022-01-01 00:00:00.000 |
| 2022-01-01 00:00:00.000 |
| 2022-01-01 00:00:00.000 |
| 2022-01-01 00:00:00.000 |
| 2022-01-01 00:00:00.000 |
| 2022-01-01 00:00:00.000 |
| 2022-01-01 00:00:00.000 |
| 2022-01-01 00:00:00.000 |
| 2022-01-01 00:00:00.000 |
| 2022-01-01 00:00:00.000 |
| 2022-01-01 00:00:00.000 |
| 2022-01-01 00:00:00.000 |
| 2022-01-01 00:00:00.000 |
| 2022-01-01 00:00:00.000 |
+-------------------------+
(25 rows)

!ok

#-------------------------------------------------------------------------
# TESTCASE: test_order_by TEST_ID: A1_B13 TYPE: POSITIVE TEST
#-------------------------------------------------------------------------
SELECT c_str,
       count(*) cnt
FROM test_unnest,
     unnest(mv_to_array(c_mv_complex)) AS u(c)
GROUP BY c_str
ORDER BY c_str ASC;
+-------+-----+
| c_str | cnt |
+-------+-----+
|       |   5 |
|       |   5 |
| str2  |   5 |
| str3  |   5 |
| str4  |   5 |
+-------+-----+
(5 rows)

!ok

#-------------------------------------------------------------------------
# TESTCASE: test_order_by TEST_ID: A1_B14 TYPE: POSITIVE TEST
#-------------------------------------------------------------------------
SELECT c_str,
       count(*) cnt
FROM test_unnest,
     unnest(mv_to_array(c_mv_complex)) AS u(c)
GROUP BY c_str
ORDER BY 1 DESC;
+-------+-----+
| c_str | cnt |
+-------+-----+
| str4  |   5 |
| str3  |   5 |
| str2  |   5 |
|       |   5 |
|       |   5 |
+-------+-----+
(5 rows)

!ok

#-------------------------------------------------------------------------
# TESTCASE: test_order_by TEST_ID: A1_B15 TYPE: NEGATIVE TEST
#-------------------------------------------------------------------------
SELECT c_str
FROM test_unnest,
     unnest(mv_to_array(c_mv_complex)) AS u(c)
ORDER BY c_str ASC;
CannotBuildQueryException
!error

#-------------------------------------------------------------------------
# TESTCASE: test_order_by TEST_ID: A1_B16 TYPE: NEGATIVE TEST
#-------------------------------------------------------------------------
SELECT c_str
FROM test_unnest,
     unnest(mv_to_array(c_mv_complex)) AS u(c)
ORDER BY 1 DESC;
CannotBuildQueryException
!error

#-------------------------------------------------------------------------
# TESTCASE: test_order_by TEST_ID: A1_B17 TYPE: POSITIVE TEST
#-------------------------------------------------------------------------
SELECT c_str
FROM
  (SELECT c_str
   FROM test_unnest,
        unnest(mv_to_array(c_mv_complex)) AS u(c)
   ORDER BY c_str ASC);
+-------+
| c_str |
+-------+
|       |
|       |
|       |
|       |
|       |
| str2  |
| str2  |
| str2  |
| str2  |
| str2  |
| str3  |
| str3  |
| str3  |
| str3  |
| str3  |
| str4  |
| str4  |
| str4  |
| str4  |
| str4  |
|       |
|       |
|       |
|       |
|       |
+-------+
(25 rows)

!ok

#-------------------------------------------------------------------------
# TESTCASE: test_order_by TEST_ID: A1_B18 TYPE: POSITIVE TEST
#-------------------------------------------------------------------------
SELECT c_str
FROM
  (SELECT c_str
   FROM test_unnest,
        unnest(mv_to_array(c_mv_complex)) AS u(c)
   ORDER BY 1 DESC);
+-------+
| c_str |
+-------+
|       |
|       |
|       |
|       |
|       |
| str2  |
| str2  |
| str2  |
| str2  |
| str2  |
| str3  |
| str3  |
| str3  |
| str3  |
| str3  |
| str4  |
| str4  |
| str4  |
| str4  |
| str4  |
|       |
|       |
|       |
|       |
|       |
+-------+
(25 rows)

!ok

#-------------------------------------------------------------------------
# TESTCASE: test_order_by TEST_ID: A2_B1 TYPE: POSITIVE TEST
#-------------------------------------------------------------------------
SELECT c,
       count(*) cnt
FROM test_unnest,
     unnest(mv_to_array(c_mv_num)) AS u(c)
GROUP BY c
ORDER BY c ASC;
+----+-----+
| c  | cnt |
+----+-----+
| -1 |   5 |
| 0  |   5 |
| 1  |   5 |
| 2  |   5 |
| 3  |   5 |
+----+-----+
(5 rows)

!ok

#-------------------------------------------------------------------------
# TESTCASE: test_order_by TEST_ID: A2_B2 TYPE: POSITIVE TEST
#-------------------------------------------------------------------------
SELECT c,
       count(*) cnt
FROM test_unnest,
     unnest(mv_to_array(c_mv_num)) AS u(c)
GROUP BY c
ORDER BY 1 DESC;
+----+-----+
| c  | cnt |
+----+-----+
| 3  |   5 |
| 2  |   5 |
| 1  |   5 |
| 0  |   5 |
| -1 |   5 |
+----+-----+
(5 rows)

!ok

#-------------------------------------------------------------------------
# TESTCASE: test_order_by TEST_ID: A2_B3 TYPE: NEGATIVE TEST
#-------------------------------------------------------------------------
SELECT c
FROM test_unnest,
     unnest(mv_to_array(c_mv_num)) AS u(c)
ORDER BY c ASC;
CannotBuildQueryException
!error

#-------------------------------------------------------------------------
# TESTCASE: test_order_by TEST_ID: A2_B4 TYPE: NEGATIVE TEST
#-------------------------------------------------------------------------
SELECT c
FROM test_unnest,
     unnest(mv_to_array(c_mv_num)) AS u(c)
ORDER BY 1 DESC;
CannotBuildQueryException
!error

#-------------------------------------------------------------------------
# TESTCASE: test_order_by TEST_ID: A2_B5 TYPE: POSITIVE TEST
#-------------------------------------------------------------------------
SELECT c
FROM
  (SELECT c
   FROM test_unnest,
        unnest(mv_to_array(c_mv_num)) AS u(c)
   ORDER BY c ASC);
+----+
| c  |
+----+
| -1 |
| -1 |
| -1 |
| -1 |
| -1 |
| 0  |
| 0  |
| 0  |
| 0  |
| 0  |
| 1  |
| 1  |
| 1  |
| 1  |
| 1  |
| 2  |
| 2  |
| 2  |
| 2  |
| 2  |
| 3  |
| 3  |
| 3  |
| 3  |
| 3  |
+----+
(25 rows)

!ok

#-------------------------------------------------------------------------
# TESTCASE: test_order_by TEST_ID: A2_B6 TYPE: POSITIVE TEST
#-------------------------------------------------------------------------
SELECT c
FROM
  (SELECT c
   FROM test_unnest,
        unnest(mv_to_array(c_mv_num)) AS u(c)
   ORDER BY 1 DESC);
+----+
| c  |
+----+
| -1 |
| -1 |
| -1 |
| -1 |
| -1 |
| 0  |
| 0  |
| 0  |
| 0  |
| 0  |
| 1  |
| 1  |
| 1  |
| 1  |
| 1  |
| 2  |
| 2  |
| 2  |
| 2  |
| 2  |
| 3  |
| 3  |
| 3  |
| 3  |
| 3  |
+----+
(25 rows)

!ok

#-------------------------------------------------------------------------
# TESTCASE: test_order_by TEST_ID: A2_B7 TYPE: POSITIVE TEST
#-------------------------------------------------------------------------
SELECT __time,
       count(*) cnt
FROM test_unnest,
     unnest(mv_to_array(c_mv_num)) AS u(c)
GROUP BY __time
ORDER BY __time ASC;
+-------------------------+-----+
| __time                  | cnt |
+-------------------------+-----+
| 2022-01-01 00:00:00.000 |  25 |
+-------------------------+-----+
(1 row)

!ok

#-------------------------------------------------------------------------
# TESTCASE: test_order_by TEST_ID: A2_B8 TYPE: POSITIVE TEST
#-------------------------------------------------------------------------
SELECT __time,
       count(*) cnt
FROM test_unnest,
     unnest(mv_to_array(c_mv_num)) AS u(c)
GROUP BY __time
ORDER BY __time DESC;
+-------------------------+-----+
| __time                  | cnt |
+-------------------------+-----+
| 2022-01-01 00:00:00.000 |  25 |
+-------------------------+-----+
(1 row)

!ok

#-------------------------------------------------------------------------
# TESTCASE: test_order_by TEST_ID: A2_B9 TYPE: POSITIVE TEST
#-------------------------------------------------------------------------
SELECT __time
FROM test_unnest,
     unnest(mv_to_array(c_mv_num)) AS u(c)
ORDER BY __time ASC;
+-------------------------+
| __time                  |
+-------------------------+
| 2022-01-01 00:00:00.000 |
| 2022-01-01 00:00:00.000 |
| 2022-01-01 00:00:00.000 |
| 2022-01-01 00:00:00.000 |
| 2022-01-01 00:00:00.000 |
| 2022-01-01 00:00:00.000 |
| 2022-01-01 00:00:00.000 |
| 2022-01-01 00:00:00.000 |
| 2022-01-01 00:00:00.000 |
| 2022-01-01 00:00:00.000 |
| 2022-01-01 00:00:00.000 |
| 2022-01-01 00:00:00.000 |
| 2022-01-01 00:00:00.000 |
| 2022-01-01 00:00:00.000 |
| 2022-01-01 00:00:00.000 |
| 2022-01-01 00:00:00.000 |
| 2022-01-01 00:00:00.000 |
| 2022-01-01 00:00:00.000 |
| 2022-01-01 00:00:00.000 |
| 2022-01-01 00:00:00.000 |
| 2022-01-01 00:00:00.000 |
| 2022-01-01 00:00:00.000 |
| 2022-01-01 00:00:00.000 |
| 2022-01-01 00:00:00.000 |
| 2022-01-01 00:00:00.000 |
+-------------------------+
(25 rows)

!ok

#-------------------------------------------------------------------------
# TESTCASE: test_order_by TEST_ID: A2_B10 TYPE: POSITIVE TEST
#-------------------------------------------------------------------------
SELECT __time
FROM test_unnest,
     unnest(mv_to_array(c_mv_num)) AS u(c)
ORDER BY 1 DESC;
+-------------------------+
| __time                  |
+-------------------------+
| 2022-01-01 00:00:00.000 |
| 2022-01-01 00:00:00.000 |
| 2022-01-01 00:00:00.000 |
| 2022-01-01 00:00:00.000 |
| 2022-01-01 00:00:00.000 |
| 2022-01-01 00:00:00.000 |
| 2022-01-01 00:00:00.000 |
| 2022-01-01 00:00:00.000 |
| 2022-01-01 00:00:00.000 |
| 2022-01-01 00:00:00.000 |
| 2022-01-01 00:00:00.000 |
| 2022-01-01 00:00:00.000 |
| 2022-01-01 00:00:00.000 |
| 2022-01-01 00:00:00.000 |
| 2022-01-01 00:00:00.000 |
| 2022-01-01 00:00:00.000 |
| 2022-01-01 00:00:00.000 |
| 2022-01-01 00:00:00.000 |
| 2022-01-01 00:00:00.000 |
| 2022-01-01 00:00:00.000 |
| 2022-01-01 00:00:00.000 |
| 2022-01-01 00:00:00.000 |
| 2022-01-01 00:00:00.000 |
| 2022-01-01 00:00:00.000 |
| 2022-01-01 00:00:00.000 |
+-------------------------+
(25 rows)

!ok

#-------------------------------------------------------------------------
# TESTCASE: test_order_by TEST_ID: A2_B11 TYPE: POSITIVE TEST
#-------------------------------------------------------------------------
SELECT __time
FROM
  (SELECT __time
   FROM test_unnest,
        unnest(mv_to_array(c_mv_num)) AS u(c)
   ORDER BY __time ASC);
+-------------------------+
| __time                  |
+-------------------------+
| 2022-01-01 00:00:00.000 |
| 2022-01-01 00:00:00.000 |
| 2022-01-01 00:00:00.000 |
| 2022-01-01 00:00:00.000 |
| 2022-01-01 00:00:00.000 |
| 2022-01-01 00:00:00.000 |
| 2022-01-01 00:00:00.000 |
| 2022-01-01 00:00:00.000 |
| 2022-01-01 00:00:00.000 |
| 2022-01-01 00:00:00.000 |
| 2022-01-01 00:00:00.000 |
| 2022-01-01 00:00:00.000 |
| 2022-01-01 00:00:00.000 |
| 2022-01-01 00:00:00.000 |
| 2022-01-01 00:00:00.000 |
| 2022-01-01 00:00:00.000 |
| 2022-01-01 00:00:00.000 |
| 2022-01-01 00:00:00.000 |
| 2022-01-01 00:00:00.000 |
| 2022-01-01 00:00:00.000 |
| 2022-01-01 00:00:00.000 |
| 2022-01-01 00:00:00.000 |
| 2022-01-01 00:00:00.000 |
| 2022-01-01 00:00:00.000 |
| 2022-01-01 00:00:00.000 |
+-------------------------+
(25 rows)

!ok

#-------------------------------------------------------------------------
# TESTCASE: test_order_by TEST_ID: A2_B12 TYPE: POSITIVE TEST
#-------------------------------------------------------------------------
SELECT __time
FROM
  (SELECT __time
   FROM test_unnest,
        unnest(mv_to_array(c_mv_num)) AS u(c)
   ORDER BY 1 DESC);
+-------------------------+
| __time                  |
+-------------------------+
| 2022-01-01 00:00:00.000 |
| 2022-01-01 00:00:00.000 |
| 2022-01-01 00:00:00.000 |
| 2022-01-01 00:00:00.000 |
| 2022-01-01 00:00:00.000 |
| 2022-01-01 00:00:00.000 |
| 2022-01-01 00:00:00.000 |
| 2022-01-01 00:00:00.000 |
| 2022-01-01 00:00:00.000 |
| 2022-01-01 00:00:00.000 |
| 2022-01-01 00:00:00.000 |
| 2022-01-01 00:00:00.000 |
| 2022-01-01 00:00:00.000 |
| 2022-01-01 00:00:00.000 |
| 2022-01-01 00:00:00.000 |
| 2022-01-01 00:00:00.000 |
| 2022-01-01 00:00:00.000 |
| 2022-01-01 00:00:00.000 |
| 2022-01-01 00:00:00.000 |
| 2022-01-01 00:00:00.000 |
| 2022-01-01 00:00:00.000 |
| 2022-01-01 00:00:00.000 |
| 2022-01-01 00:00:00.000 |
| 2022-01-01 00:00:00.000 |
| 2022-01-01 00:00:00.000 |
+-------------------------+
(25 rows)

!ok

#-------------------------------------------------------------------------
# TESTCASE: test_order_by TEST_ID: A2_B13 TYPE: POSITIVE TEST
#-------------------------------------------------------------------------
SELECT c_str,
       count(*) cnt
FROM test_unnest,
     unnest(mv_to_array(c_mv_num)) AS u(c)
GROUP BY c_str
ORDER BY c_str ASC;
+-------+-----+
| c_str | cnt |
+-------+-----+
|       |   5 |
|       |   5 |
| str2  |   5 |
| str3  |   5 |
| str4  |   5 |
+-------+-----+
(5 rows)

!ok

#-------------------------------------------------------------------------
# TESTCASE: test_order_by TEST_ID: A2_B14 TYPE: POSITIVE TEST
#-------------------------------------------------------------------------
SELECT c_str,
       count(*) cnt
FROM test_unnest,
     unnest(mv_to_array(c_mv_num)) AS u(c)
GROUP BY c_str
ORDER BY 1 DESC;
+-------+-----+
| c_str | cnt |
+-------+-----+
| str4  |   5 |
| str3  |   5 |
| str2  |   5 |
|       |   5 |
|       |   5 |
+-------+-----+
(5 rows)

!ok

#-------------------------------------------------------------------------
# TESTCASE: test_order_by TEST_ID: A2_B15 TYPE: NEGATIVE TEST
#-------------------------------------------------------------------------
SELECT c_str
FROM test_unnest,
     unnest(mv_to_array(c_mv_num)) AS u(c)
ORDER BY c_str ASC;
CannotBuildQueryException
!error

#-------------------------------------------------------------------------
# TESTCASE: test_order_by TEST_ID: A2_B16 TYPE: NEGATIVE TEST
#-------------------------------------------------------------------------
SELECT c_str
FROM test_unnest,
     unnest(mv_to_array(c_mv_num)) AS u(c)
ORDER BY 1 DESC;
CannotBuildQueryException
!error

#-------------------------------------------------------------------------
# TESTCASE: test_order_by TEST_ID: A2_B17 TYPE: POSITIVE TEST
#-------------------------------------------------------------------------
SELECT c_str
FROM
  (SELECT c_str
   FROM test_unnest,
        unnest(mv_to_array(c_mv_num)) AS u(c)
   ORDER BY c_str ASC);
+-------+
| c_str |
+-------+
|       |
|       |
|       |
|       |
|       |
| str2  |
| str2  |
| str2  |
| str2  |
| str2  |
| str3  |
| str3  |
| str3  |
| str3  |
| str3  |
| str4  |
| str4  |
| str4  |
| str4  |
| str4  |
|       |
|       |
|       |
|       |
|       |
+-------+
(25 rows)

!ok

#-------------------------------------------------------------------------
# TESTCASE: test_order_by TEST_ID: A2_B18 TYPE: POSITIVE TEST
#-------------------------------------------------------------------------
SELECT c_str
FROM
  (SELECT c_str
   FROM test_unnest,
        unnest(mv_to_array(c_mv_num)) AS u(c)
   ORDER BY 1 DESC);
+-------+
| c_str |
+-------+
|       |
|       |
|       |
|       |
|       |
| str2  |
| str2  |
| str2  |
| str2  |
| str2  |
| str3  |
| str3  |
| str3  |
| str3  |
| str3  |
| str4  |
| str4  |
| str4  |
| str4  |
| str4  |
|       |
|       |
|       |
|       |
|       |
+-------+
(25 rows)

!ok

#-------------------------------------------------------------------------
# TESTCASE: test_order_by TEST_ID: A3_B1 TYPE: POSITIVE TEST
#-------------------------------------------------------------------------
SELECT c,
       count(*) cnt
FROM test_unnest,
     unnest(mv_to_array(c_mv_complex_with_null_and_empty_val)) AS u(c)
GROUP BY c
ORDER BY c ASC;
+-------------+-----+
| c           | cnt |
+-------------+-----+
|             |   5 |
|             |   5 |
| 1           |   5 |
| [2]         |   5 |
| [3, [4, 5]] |   5 |
+-------------+-----+
(5 rows)

!ok

#-------------------------------------------------------------------------
# TESTCASE: test_order_by TEST_ID: A3_B2 TYPE: POSITIVE TEST
#-------------------------------------------------------------------------
SELECT c,
       count(*) cnt
FROM test_unnest,
     unnest(mv_to_array(c_mv_complex_with_null_and_empty_val)) AS u(c)
GROUP BY c
ORDER BY 1 DESC;
+-------------+-----+
| c           | cnt |
+-------------+-----+
| [3, [4, 5]] |   5 |
| [2]         |   5 |
| 1           |   5 |
|             |   5 |
|             |   5 |
+-------------+-----+
(5 rows)

!ok

#-------------------------------------------------------------------------
# TESTCASE: test_order_by TEST_ID: A3_B3 TYPE: NEGATIVE TEST
#-------------------------------------------------------------------------
SELECT c
FROM test_unnest,
     unnest(mv_to_array(c_mv_complex_with_null_and_empty_val)) AS u(c)
ORDER BY c ASC;
CannotBuildQueryException
!error

#-------------------------------------------------------------------------
# TESTCASE: test_order_by TEST_ID: A3_B4 TYPE: NEGATIVE TEST
#-------------------------------------------------------------------------
SELECT c
FROM test_unnest,
     unnest(mv_to_array(c_mv_complex_with_null_and_empty_val)) AS u(c)
ORDER BY 1 DESC;
CannotBuildQueryException
!error

#-------------------------------------------------------------------------
# TESTCASE: test_order_by TEST_ID: A3_B5 TYPE: POSITIVE TEST
#-------------------------------------------------------------------------
SELECT c
FROM
  (SELECT c
   FROM test_unnest,
        unnest(mv_to_array(c_mv_complex_with_null_and_empty_val)) AS u(c)
   ORDER BY c ASC);
+-------------+
| c           |
+-------------+
|             |
|             |
|             |
|             |
|             |
| 1           |
| 1           |
| 1           |
| 1           |
| 1           |
| [2]         |
| [2]         |
| [2]         |
| [2]         |
| [2]         |
| [3, [4, 5]] |
| [3, [4, 5]] |
| [3, [4, 5]] |
| [3, [4, 5]] |
| [3, [4, 5]] |
|             |
|             |
|             |
|             |
|             |
+-------------+
(25 rows)

!ok

#-------------------------------------------------------------------------
# TESTCASE: test_order_by TEST_ID: A3_B6 TYPE: POSITIVE TEST
#-------------------------------------------------------------------------
SELECT c
FROM
  (SELECT c
   FROM test_unnest,
        unnest(mv_to_array(c_mv_complex_with_null_and_empty_val)) AS u(c)
   ORDER BY 1 DESC);
+-------------+
| c           |
+-------------+
|             |
|             |
|             |
|             |
|             |
| 1           |
| 1           |
| 1           |
| 1           |
| 1           |
| [2]         |
| [2]         |
| [2]         |
| [2]         |
| [2]         |
| [3, [4, 5]] |
| [3, [4, 5]] |
| [3, [4, 5]] |
| [3, [4, 5]] |
| [3, [4, 5]] |
|             |
|             |
|             |
|             |
|             |
+-------------+
(25 rows)

!ok

#-------------------------------------------------------------------------
# TESTCASE: test_order_by TEST_ID: A3_B7 TYPE: POSITIVE TEST
#-------------------------------------------------------------------------
SELECT __time,
       count(*) cnt
FROM test_unnest,
     unnest(mv_to_array(c_mv_complex_with_null_and_empty_val)) AS u(c)
GROUP BY __time
ORDER BY __time ASC;
+-------------------------+-----+
| __time                  | cnt |
+-------------------------+-----+
| 2022-01-01 00:00:00.000 |  25 |
+-------------------------+-----+
(1 row)

!ok

#-------------------------------------------------------------------------
# TESTCASE: test_order_by TEST_ID: A3_B8 TYPE: POSITIVE TEST
#-------------------------------------------------------------------------
SELECT __time,
       count(*) cnt
FROM test_unnest,
     unnest(mv_to_array(c_mv_complex_with_null_and_empty_val)) AS u(c)
GROUP BY __time
ORDER BY __time DESC;
+-------------------------+-----+
| __time                  | cnt |
+-------------------------+-----+
| 2022-01-01 00:00:00.000 |  25 |
+-------------------------+-----+
(1 row)

!ok

#-------------------------------------------------------------------------
# TESTCASE: test_order_by TEST_ID: A3_B9 TYPE: POSITIVE TEST
#-------------------------------------------------------------------------
SELECT __time
FROM test_unnest,
     unnest(mv_to_array(c_mv_complex_with_null_and_empty_val)) AS u(c)
ORDER BY __time ASC;
+-------------------------+
| __time                  |
+-------------------------+
| 2022-01-01 00:00:00.000 |
| 2022-01-01 00:00:00.000 |
| 2022-01-01 00:00:00.000 |
| 2022-01-01 00:00:00.000 |
| 2022-01-01 00:00:00.000 |
| 2022-01-01 00:00:00.000 |
| 2022-01-01 00:00:00.000 |
| 2022-01-01 00:00:00.000 |
| 2022-01-01 00:00:00.000 |
| 2022-01-01 00:00:00.000 |
| 2022-01-01 00:00:00.000 |
| 2022-01-01 00:00:00.000 |
| 2022-01-01 00:00:00.000 |
| 2022-01-01 00:00:00.000 |
| 2022-01-01 00:00:00.000 |
| 2022-01-01 00:00:00.000 |
| 2022-01-01 00:00:00.000 |
| 2022-01-01 00:00:00.000 |
| 2022-01-01 00:00:00.000 |
| 2022-01-01 00:00:00.000 |
| 2022-01-01 00:00:00.000 |
| 2022-01-01 00:00:00.000 |
| 2022-01-01 00:00:00.000 |
| 2022-01-01 00:00:00.000 |
| 2022-01-01 00:00:00.000 |
+-------------------------+
(25 rows)

!ok

#-------------------------------------------------------------------------
# TESTCASE: test_order_by TEST_ID: A3_B10 TYPE: POSITIVE TEST
#-------------------------------------------------------------------------
SELECT __time
FROM test_unnest,
     unnest(mv_to_array(c_mv_complex_with_null_and_empty_val)) AS u(c)
ORDER BY 1 DESC;
+-------------------------+
| __time                  |
+-------------------------+
| 2022-01-01 00:00:00.000 |
| 2022-01-01 00:00:00.000 |
| 2022-01-01 00:00:00.000 |
| 2022-01-01 00:00:00.000 |
| 2022-01-01 00:00:00.000 |
| 2022-01-01 00:00:00.000 |
| 2022-01-01 00:00:00.000 |
| 2022-01-01 00:00:00.000 |
| 2022-01-01 00:00:00.000 |
| 2022-01-01 00:00:00.000 |
| 2022-01-01 00:00:00.000 |
| 2022-01-01 00:00:00.000 |
| 2022-01-01 00:00:00.000 |
| 2022-01-01 00:00:00.000 |
| 2022-01-01 00:00:00.000 |
| 2022-01-01 00:00:00.000 |
| 2022-01-01 00:00:00.000 |
| 2022-01-01 00:00:00.000 |
| 2022-01-01 00:00:00.000 |
| 2022-01-01 00:00:00.000 |
| 2022-01-01 00:00:00.000 |
| 2022-01-01 00:00:00.000 |
| 2022-01-01 00:00:00.000 |
| 2022-01-01 00:00:00.000 |
| 2022-01-01 00:00:00.000 |
+-------------------------+
(25 rows)

!ok

#-------------------------------------------------------------------------
# TESTCASE: test_order_by TEST_ID: A3_B11 TYPE: POSITIVE TEST
#-------------------------------------------------------------------------
SELECT __time
FROM
  (SELECT __time
   FROM test_unnest,
        unnest(mv_to_array(c_mv_complex_with_null_and_empty_val)) AS u(c)
   ORDER BY __time ASC);
+-------------------------+
| __time                  |
+-------------------------+
| 2022-01-01 00:00:00.000 |
| 2022-01-01 00:00:00.000 |
| 2022-01-01 00:00:00.000 |
| 2022-01-01 00:00:00.000 |
| 2022-01-01 00:00:00.000 |
| 2022-01-01 00:00:00.000 |
| 2022-01-01 00:00:00.000 |
| 2022-01-01 00:00:00.000 |
| 2022-01-01 00:00:00.000 |
| 2022-01-01 00:00:00.000 |
| 2022-01-01 00:00:00.000 |
| 2022-01-01 00:00:00.000 |
| 2022-01-01 00:00:00.000 |
| 2022-01-01 00:00:00.000 |
| 2022-01-01 00:00:00.000 |
| 2022-01-01 00:00:00.000 |
| 2022-01-01 00:00:00.000 |
| 2022-01-01 00:00:00.000 |
| 2022-01-01 00:00:00.000 |
| 2022-01-01 00:00:00.000 |
| 2022-01-01 00:00:00.000 |
| 2022-01-01 00:00:00.000 |
| 2022-01-01 00:00:00.000 |
| 2022-01-01 00:00:00.000 |
| 2022-01-01 00:00:00.000 |
+-------------------------+
(25 rows)

!ok

#-------------------------------------------------------------------------
# TESTCASE: test_order_by TEST_ID: A3_B12 TYPE: POSITIVE TEST
#-------------------------------------------------------------------------
SELECT __time
FROM
  (SELECT __time
   FROM test_unnest,
        unnest(mv_to_array(c_mv_complex_with_null_and_empty_val)) AS u(c)
   ORDER BY 1 DESC);
+-------------------------+
| __time                  |
+-------------------------+
| 2022-01-01 00:00:00.000 |
| 2022-01-01 00:00:00.000 |
| 2022-01-01 00:00:00.000 |
| 2022-01-01 00:00:00.000 |
| 2022-01-01 00:00:00.000 |
| 2022-01-01 00:00:00.000 |
| 2022-01-01 00:00:00.000 |
| 2022-01-01 00:00:00.000 |
| 2022-01-01 00:00:00.000 |
| 2022-01-01 00:00:00.000 |
| 2022-01-01 00:00:00.000 |
| 2022-01-01 00:00:00.000 |
| 2022-01-01 00:00:00.000 |
| 2022-01-01 00:00:00.000 |
| 2022-01-01 00:00:00.000 |
| 2022-01-01 00:00:00.000 |
| 2022-01-01 00:00:00.000 |
| 2022-01-01 00:00:00.000 |
| 2022-01-01 00:00:00.000 |
| 2022-01-01 00:00:00.000 |
| 2022-01-01 00:00:00.000 |
| 2022-01-01 00:00:00.000 |
| 2022-01-01 00:00:00.000 |
| 2022-01-01 00:00:00.000 |
| 2022-01-01 00:00:00.000 |
+-------------------------+
(25 rows)

!ok

#-------------------------------------------------------------------------
# TESTCASE: test_order_by TEST_ID: A3_B13 TYPE: POSITIVE TEST
#-------------------------------------------------------------------------
SELECT c_str,
       count(*) cnt
FROM test_unnest,
     unnest(mv_to_array(c_mv_complex_with_null_and_empty_val)) AS u(c)
GROUP BY c_str
ORDER BY c_str ASC;
+-------+-----+
| c_str | cnt |
+-------+-----+
|       |   5 |
|       |   5 |
| str2  |   5 |
| str3  |   5 |
| str4  |   5 |
+-------+-----+
(5 rows)

!ok

#-------------------------------------------------------------------------
# TESTCASE: test_order_by TEST_ID: A3_B14 TYPE: POSITIVE TEST
#-------------------------------------------------------------------------
SELECT c_str,
       count(*) cnt
FROM test_unnest,
     unnest(mv_to_array(c_mv_complex_with_null_and_empty_val)) AS u(c)
GROUP BY c_str
ORDER BY 1 DESC;
+-------+-----+
| c_str | cnt |
+-------+-----+
| str4  |   5 |
| str3  |   5 |
| str2  |   5 |
|       |   5 |
|       |   5 |
+-------+-----+
(5 rows)

!ok

#-------------------------------------------------------------------------
# TESTCASE: test_order_by TEST_ID: A3_B15 TYPE: NEGATIVE TEST
#-------------------------------------------------------------------------
SELECT c_str
FROM test_unnest,
     unnest(mv_to_array(c_mv_complex_with_null_and_empty_val)) AS u(c)
ORDER BY c_str ASC;
CannotBuildQueryException
!error

#-------------------------------------------------------------------------
# TESTCASE: test_order_by TEST_ID: A3_B16 TYPE: NEGATIVE TEST
#-------------------------------------------------------------------------
SELECT c_str
FROM test_unnest,
     unnest(mv_to_array(c_mv_complex_with_null_and_empty_val)) AS u(c)
ORDER BY 1 DESC;
CannotBuildQueryException
!error

#-------------------------------------------------------------------------
# TESTCASE: test_order_by TEST_ID: A3_B17 TYPE: POSITIVE TEST
#-------------------------------------------------------------------------
SELECT c_str
FROM
  (SELECT c_str
   FROM test_unnest,
        unnest(mv_to_array(c_mv_complex_with_null_and_empty_val)) AS u(c)
   ORDER BY c_str ASC);
+-------+
| c_str |
+-------+
|       |
|       |
|       |
|       |
|       |
| str2  |
| str2  |
| str2  |
| str2  |
| str2  |
| str3  |
| str3  |
| str3  |
| str3  |
| str3  |
| str4  |
| str4  |
| str4  |
| str4  |
| str4  |
|       |
|       |
|       |
|       |
|       |
+-------+
(25 rows)

!ok

#-------------------------------------------------------------------------
# TESTCASE: test_order_by TEST_ID: A3_B18 TYPE: POSITIVE TEST
#-------------------------------------------------------------------------
SELECT c_str
FROM
  (SELECT c_str
   FROM test_unnest,
        unnest(mv_to_array(c_mv_complex_with_null_and_empty_val)) AS u(c)
   ORDER BY 1 DESC);
+-------+
| c_str |
+-------+
|       |
|       |
|       |
|       |
|       |
| str2  |
| str2  |
| str2  |
| str2  |
| str2  |
| str3  |
| str3  |
| str3  |
| str3  |
| str3  |
| str4  |
| str4  |
| str4  |
| str4  |
| str4  |
|       |
|       |
|       |
|       |
|       |
+-------+
(25 rows)

!ok

#-------------------------------------------------------------------------
# TESTCASE: test_order_by TEST_ID: A4_B1 TYPE: POSITIVE TEST
#-------------------------------------------------------------------------
SELECT c,
       count(*) cnt
FROM test_unnest,
     unnest(mv_to_array(c_mv_num_with_null_and_empty_val)) AS u(c)
GROUP BY c
ORDER BY c ASC;
+---+-----+
| c | cnt |
+---+-----+
|   |   5 |
|   |   5 |
| 1 |   5 |
| 2 |   5 |
| 3 |   5 |
+---+-----+
(5 rows)

!ok

#-------------------------------------------------------------------------
# TESTCASE: test_order_by TEST_ID: A4_B2 TYPE: POSITIVE TEST
#-------------------------------------------------------------------------
SELECT c,
       count(*) cnt
FROM test_unnest,
     unnest(mv_to_array(c_mv_num_with_null_and_empty_val)) AS u(c)
GROUP BY c
ORDER BY 1 DESC;
+---+-----+
| c | cnt |
+---+-----+
| 3 |   5 |
| 2 |   5 |
| 1 |   5 |
|   |   5 |
|   |   5 |
+---+-----+
(5 rows)

!ok

#-------------------------------------------------------------------------
# TESTCASE: test_order_by TEST_ID: A4_B3 TYPE: NEGATIVE TEST
#-------------------------------------------------------------------------
SELECT c
FROM test_unnest,
     unnest(mv_to_array(c_mv_num_with_null_and_empty_val)) AS u(c)
ORDER BY c ASC;
CannotBuildQueryException
!error

#-------------------------------------------------------------------------
# TESTCASE: test_order_by TEST_ID: A4_B4 TYPE: NEGATIVE TEST
#-------------------------------------------------------------------------
SELECT c
FROM test_unnest,
     unnest(mv_to_array(c_mv_num_with_null_and_empty_val)) AS u(c)
ORDER BY 1 DESC;
CannotBuildQueryException
!error

#-------------------------------------------------------------------------
# TESTCASE: test_order_by TEST_ID: A4_B5 TYPE: POSITIVE TEST
#-------------------------------------------------------------------------
SELECT c
FROM
  (SELECT c
   FROM test_unnest,
        unnest(mv_to_array(c_mv_num_with_null_and_empty_val)) AS u(c)
   ORDER BY c ASC);
+---+
| c |
+---+
|   |
|   |
|   |
|   |
|   |
| 1 |
| 1 |
| 1 |
| 1 |
| 1 |
| 2 |
| 2 |
| 2 |
| 2 |
| 2 |
| 3 |
| 3 |
| 3 |
| 3 |
| 3 |
|   |
|   |
|   |
|   |
|   |
+---+
(25 rows)

!ok

#-------------------------------------------------------------------------
# TESTCASE: test_order_by TEST_ID: A4_B6 TYPE: POSITIVE TEST
#-------------------------------------------------------------------------
SELECT c
FROM
  (SELECT c
   FROM test_unnest,
        unnest(mv_to_array(c_mv_num_with_null_and_empty_val)) AS u(c)
   ORDER BY 1 DESC);
+---+
| c |
+---+
|   |
|   |
|   |
|   |
|   |
| 1 |
| 1 |
| 1 |
| 1 |
| 1 |
| 2 |
| 2 |
| 2 |
| 2 |
| 2 |
| 3 |
| 3 |
| 3 |
| 3 |
| 3 |
|   |
|   |
|   |
|   |
|   |
+---+
(25 rows)

!ok

#-------------------------------------------------------------------------
# TESTCASE: test_order_by TEST_ID: A4_B7 TYPE: POSITIVE TEST
#-------------------------------------------------------------------------
SELECT __time,
       count(*) cnt
FROM test_unnest,
     unnest(mv_to_array(c_mv_num_with_null_and_empty_val)) AS u(c)
GROUP BY __time
ORDER BY __time ASC;
+-------------------------+-----+
| __time                  | cnt |
+-------------------------+-----+
| 2022-01-01 00:00:00.000 |  25 |
+-------------------------+-----+
(1 row)

!ok

#-------------------------------------------------------------------------
# TESTCASE: test_order_by TEST_ID: A4_B8 TYPE: POSITIVE TEST
#-------------------------------------------------------------------------
SELECT __time,
       count(*) cnt
FROM test_unnest,
     unnest(mv_to_array(c_mv_num_with_null_and_empty_val)) AS u(c)
GROUP BY __time
ORDER BY __time DESC;
+-------------------------+-----+
| __time                  | cnt |
+-------------------------+-----+
| 2022-01-01 00:00:00.000 |  25 |
+-------------------------+-----+
(1 row)

!ok

#-------------------------------------------------------------------------
# TESTCASE: test_order_by TEST_ID: A4_B9 TYPE: POSITIVE TEST
#-------------------------------------------------------------------------
SELECT __time
FROM test_unnest,
     unnest(mv_to_array(c_mv_num_with_null_and_empty_val)) AS u(c)
ORDER BY __time ASC;
+-------------------------+
| __time                  |
+-------------------------+
| 2022-01-01 00:00:00.000 |
| 2022-01-01 00:00:00.000 |
| 2022-01-01 00:00:00.000 |
| 2022-01-01 00:00:00.000 |
| 2022-01-01 00:00:00.000 |
| 2022-01-01 00:00:00.000 |
| 2022-01-01 00:00:00.000 |
| 2022-01-01 00:00:00.000 |
| 2022-01-01 00:00:00.000 |
| 2022-01-01 00:00:00.000 |
| 2022-01-01 00:00:00.000 |
| 2022-01-01 00:00:00.000 |
| 2022-01-01 00:00:00.000 |
| 2022-01-01 00:00:00.000 |
| 2022-01-01 00:00:00.000 |
| 2022-01-01 00:00:00.000 |
| 2022-01-01 00:00:00.000 |
| 2022-01-01 00:00:00.000 |
| 2022-01-01 00:00:00.000 |
| 2022-01-01 00:00:00.000 |
| 2022-01-01 00:00:00.000 |
| 2022-01-01 00:00:00.000 |
| 2022-01-01 00:00:00.000 |
| 2022-01-01 00:00:00.000 |
| 2022-01-01 00:00:00.000 |
+-------------------------+
(25 rows)

!ok

#-------------------------------------------------------------------------
# TESTCASE: test_order_by TEST_ID: A4_B10 TYPE: POSITIVE TEST
#-------------------------------------------------------------------------
SELECT __time
FROM test_unnest,
     unnest(mv_to_array(c_mv_num_with_null_and_empty_val)) AS u(c)
ORDER BY 1 DESC;
+-------------------------+
| __time                  |
+-------------------------+
| 2022-01-01 00:00:00.000 |
| 2022-01-01 00:00:00.000 |
| 2022-01-01 00:00:00.000 |
| 2022-01-01 00:00:00.000 |
| 2022-01-01 00:00:00.000 |
| 2022-01-01 00:00:00.000 |
| 2022-01-01 00:00:00.000 |
| 2022-01-01 00:00:00.000 |
| 2022-01-01 00:00:00.000 |
| 2022-01-01 00:00:00.000 |
| 2022-01-01 00:00:00.000 |
| 2022-01-01 00:00:00.000 |
| 2022-01-01 00:00:00.000 |
| 2022-01-01 00:00:00.000 |
| 2022-01-01 00:00:00.000 |
| 2022-01-01 00:00:00.000 |
| 2022-01-01 00:00:00.000 |
| 2022-01-01 00:00:00.000 |
| 2022-01-01 00:00:00.000 |
| 2022-01-01 00:00:00.000 |
| 2022-01-01 00:00:00.000 |
| 2022-01-01 00:00:00.000 |
| 2022-01-01 00:00:00.000 |
| 2022-01-01 00:00:00.000 |
| 2022-01-01 00:00:00.000 |
+-------------------------+
(25 rows)

!ok

#-------------------------------------------------------------------------
# TESTCASE: test_order_by TEST_ID: A4_B11 TYPE: POSITIVE TEST
#-------------------------------------------------------------------------
SELECT __time
FROM
  (SELECT __time
   FROM test_unnest,
        unnest(mv_to_array(c_mv_num_with_null_and_empty_val)) AS u(c)
   ORDER BY __time ASC);
+-------------------------+
| __time                  |
+-------------------------+
| 2022-01-01 00:00:00.000 |
| 2022-01-01 00:00:00.000 |
| 2022-01-01 00:00:00.000 |
| 2022-01-01 00:00:00.000 |
| 2022-01-01 00:00:00.000 |
| 2022-01-01 00:00:00.000 |
| 2022-01-01 00:00:00.000 |
| 2022-01-01 00:00:00.000 |
| 2022-01-01 00:00:00.000 |
| 2022-01-01 00:00:00.000 |
| 2022-01-01 00:00:00.000 |
| 2022-01-01 00:00:00.000 |
| 2022-01-01 00:00:00.000 |
| 2022-01-01 00:00:00.000 |
| 2022-01-01 00:00:00.000 |
| 2022-01-01 00:00:00.000 |
| 2022-01-01 00:00:00.000 |
| 2022-01-01 00:00:00.000 |
| 2022-01-01 00:00:00.000 |
| 2022-01-01 00:00:00.000 |
| 2022-01-01 00:00:00.000 |
| 2022-01-01 00:00:00.000 |
| 2022-01-01 00:00:00.000 |
| 2022-01-01 00:00:00.000 |
| 2022-01-01 00:00:00.000 |
+-------------------------+
(25 rows)

!ok

#-------------------------------------------------------------------------
# TESTCASE: test_order_by TEST_ID: A4_B12 TYPE: POSITIVE TEST
#-------------------------------------------------------------------------
SELECT __time
FROM
  (SELECT __time
   FROM test_unnest,
        unnest(mv_to_array(c_mv_num_with_null_and_empty_val)) AS u(c)
   ORDER BY 1 DESC);
+-------------------------+
| __time                  |
+-------------------------+
| 2022-01-01 00:00:00.000 |
| 2022-01-01 00:00:00.000 |
| 2022-01-01 00:00:00.000 |
| 2022-01-01 00:00:00.000 |
| 2022-01-01 00:00:00.000 |
| 2022-01-01 00:00:00.000 |
| 2022-01-01 00:00:00.000 |
| 2022-01-01 00:00:00.000 |
| 2022-01-01 00:00:00.000 |
| 2022-01-01 00:00:00.000 |
| 2022-01-01 00:00:00.000 |
| 2022-01-01 00:00:00.000 |
| 2022-01-01 00:00:00.000 |
| 2022-01-01 00:00:00.000 |
| 2022-01-01 00:00:00.000 |
| 2022-01-01 00:00:00.000 |
| 2022-01-01 00:00:00.000 |
| 2022-01-01 00:00:00.000 |
| 2022-01-01 00:00:00.000 |
| 2022-01-01 00:00:00.000 |
| 2022-01-01 00:00:00.000 |
| 2022-01-01 00:00:00.000 |
| 2022-01-01 00:00:00.000 |
| 2022-01-01 00:00:00.000 |
| 2022-01-01 00:00:00.000 |
+-------------------------+
(25 rows)

!ok

#-------------------------------------------------------------------------
# TESTCASE: test_order_by TEST_ID: A4_B13 TYPE: POSITIVE TEST
#-------------------------------------------------------------------------
SELECT c_str,
       count(*) cnt
FROM test_unnest,
     unnest(mv_to_array(c_mv_num_with_null_and_empty_val)) AS u(c)
GROUP BY c_str
ORDER BY c_str ASC;
+-------+-----+
| c_str | cnt |
+-------+-----+
|       |   5 |
|       |   5 |
| str2  |   5 |
| str3  |   5 |
| str4  |   5 |
+-------+-----+
(5 rows)

!ok

#-------------------------------------------------------------------------
# TESTCASE: test_order_by TEST_ID: A4_B14 TYPE: POSITIVE TEST
#-------------------------------------------------------------------------
SELECT c_str,
       count(*) cnt
FROM test_unnest,
     unnest(mv_to_array(c_mv_num_with_null_and_empty_val)) AS u(c)
GROUP BY c_str
ORDER BY 1 DESC;
+-------+-----+
| c_str | cnt |
+-------+-----+
| str4  |   5 |
| str3  |   5 |
| str2  |   5 |
|       |   5 |
|       |   5 |
+-------+-----+
(5 rows)

!ok

#-------------------------------------------------------------------------
# TESTCASE: test_order_by TEST_ID: A4_B15 TYPE: NEGATIVE TEST
#-------------------------------------------------------------------------
SELECT c_str
FROM test_unnest,
     unnest(mv_to_array(c_mv_num_with_null_and_empty_val)) AS u(c)
ORDER BY c_str ASC;
CannotBuildQueryException
!error

#-------------------------------------------------------------------------
# TESTCASE: test_order_by TEST_ID: A4_B16 TYPE: NEGATIVE TEST
#-------------------------------------------------------------------------
SELECT c_str
FROM test_unnest,
     unnest(mv_to_array(c_mv_num_with_null_and_empty_val)) AS u(c)
ORDER BY 1 DESC;
CannotBuildQueryException
!error

#-------------------------------------------------------------------------
# TESTCASE: test_order_by TEST_ID: A4_B17 TYPE: POSITIVE TEST
#-------------------------------------------------------------------------
SELECT c_str
FROM
  (SELECT c_str
   FROM test_unnest,
        unnest(mv_to_array(c_mv_num_with_null_and_empty_val)) AS u(c)
   ORDER BY c_str ASC);
+-------+
| c_str |
+-------+
|       |
|       |
|       |
|       |
|       |
| str2  |
| str2  |
| str2  |
| str2  |
| str2  |
| str3  |
| str3  |
| str3  |
| str3  |
| str3  |
| str4  |
| str4  |
| str4  |
| str4  |
| str4  |
|       |
|       |
|       |
|       |
|       |
+-------+
(25 rows)

!ok

#-------------------------------------------------------------------------
# TESTCASE: test_order_by TEST_ID: A4_B18 TYPE: POSITIVE TEST
#-------------------------------------------------------------------------
SELECT c_str
FROM
  (SELECT c_str
   FROM test_unnest,
        unnest(mv_to_array(c_mv_num_with_null_and_empty_val)) AS u(c)
   ORDER BY 1 DESC);
+-------+
| c_str |
+-------+
|       |
|       |
|       |
|       |
|       |
| str2  |
| str2  |
| str2  |
| str2  |
| str2  |
| str3  |
| str3  |
| str3  |
| str3  |
| str3  |
| str4  |
| str4  |
| str4  |
| str4  |
| str4  |
|       |
|       |
|       |
|       |
|       |
+-------+
(25 rows)

!ok

#-------------------------------------------------------------------------
# TESTCASE: test_order_by TEST_ID: A5_B1 TYPE: POSITIVE TEST
#-------------------------------------------------------------------------
SELECT c,
       count(*) cnt
FROM test_unnest,
     unnest(mv_to_array(c_mv_complex_with_null_and_empty_row)) AS u(c)
GROUP BY c
ORDER BY c ASC;
+-------------+-----+
| c           | cnt |
+-------------+-----+
|             |   5 |
|             |   3 |
| 1           |   3 |
| [2]         |   3 |
| [3, [4, 5]] |   3 |
+-------------+-----+
(5 rows)

!ok

#-------------------------------------------------------------------------
# TESTCASE: test_order_by TEST_ID: A5_B2 TYPE: POSITIVE TEST
#-------------------------------------------------------------------------
SELECT c,
       count(*) cnt
FROM test_unnest,
     unnest(mv_to_array(c_mv_complex_with_null_and_empty_row)) AS u(c)
GROUP BY c
ORDER BY 1 DESC;
+-------------+-----+
| c           | cnt |
+-------------+-----+
| [3, [4, 5]] |   3 |
| [2]         |   3 |
| 1           |   3 |
|             |   3 |
|             |   5 |
+-------------+-----+
(5 rows)

!ok

#-------------------------------------------------------------------------
# TESTCASE: test_order_by TEST_ID: A5_B3 TYPE: NEGATIVE TEST
#-------------------------------------------------------------------------
SELECT c
FROM test_unnest,
     unnest(mv_to_array(c_mv_complex_with_null_and_empty_row)) AS u(c)
ORDER BY c ASC;
CannotBuildQueryException
!error

#-------------------------------------------------------------------------
# TESTCASE: test_order_by TEST_ID: A5_B4 TYPE: NEGATIVE TEST
#-------------------------------------------------------------------------
SELECT c
FROM test_unnest,
     unnest(mv_to_array(c_mv_complex_with_null_and_empty_row)) AS u(c)
ORDER BY 1 DESC;
CannotBuildQueryException
!error

#-------------------------------------------------------------------------
# TESTCASE: test_order_by TEST_ID: A5_B5 TYPE: POSITIVE TEST
#-------------------------------------------------------------------------
SELECT c
FROM
  (SELECT c
   FROM test_unnest,
        unnest(mv_to_array(c_mv_complex_with_null_and_empty_row)) AS u(c)
   ORDER BY c ASC);
+-------------+
| c           |
+-------------+
|             |
|             |
|             |
| 1           |
| 1           |
| 1           |
| [2]         |
| [2]         |
| [2]         |
| [3, [4, 5]] |
| [3, [4, 5]] |
| [3, [4, 5]] |
|             |
|             |
|             |
|             |
|             |
+-------------+
(17 rows)

!ok

#-------------------------------------------------------------------------
# TESTCASE: test_order_by TEST_ID: A5_B6 TYPE: POSITIVE TEST
#-------------------------------------------------------------------------
SELECT c
FROM
  (SELECT c
   FROM test_unnest,
        unnest(mv_to_array(c_mv_complex_with_null_and_empty_row)) AS u(c)
   ORDER BY 1 DESC);
+-------------+
| c           |
+-------------+
|             |
|             |
|             |
| 1           |
| 1           |
| 1           |
| [2]         |
| [2]         |
| [2]         |
| [3, [4, 5]] |
| [3, [4, 5]] |
| [3, [4, 5]] |
|             |
|             |
|             |
|             |
|             |
+-------------+
(17 rows)

!ok

#-------------------------------------------------------------------------
# TESTCASE: test_order_by TEST_ID: A5_B7 TYPE: POSITIVE TEST
#-------------------------------------------------------------------------
SELECT __time,
       count(*) cnt
FROM test_unnest,
     unnest(mv_to_array(c_mv_complex_with_null_and_empty_row)) AS u(c)
GROUP BY __time
ORDER BY __time ASC;
+-------------------------+-----+
| __time                  | cnt |
+-------------------------+-----+
| 2022-01-01 00:00:00.000 |  17 |
+-------------------------+-----+
(1 row)

!ok

#-------------------------------------------------------------------------
# TESTCASE: test_order_by TEST_ID: A5_B8 TYPE: POSITIVE TEST
#-------------------------------------------------------------------------
SELECT __time,
       count(*) cnt
FROM test_unnest,
     unnest(mv_to_array(c_mv_complex_with_null_and_empty_row)) AS u(c)
GROUP BY __time
ORDER BY __time DESC;
+-------------------------+-----+
| __time                  | cnt |
+-------------------------+-----+
| 2022-01-01 00:00:00.000 |  17 |
+-------------------------+-----+
(1 row)

!ok

#-------------------------------------------------------------------------
# TESTCASE: test_order_by TEST_ID: A5_B9 TYPE: POSITIVE TEST
#-------------------------------------------------------------------------
SELECT __time
FROM test_unnest,
     unnest(mv_to_array(c_mv_complex_with_null_and_empty_row)) AS u(c)
ORDER BY __time ASC;
+-------------------------+
| __time                  |
+-------------------------+
| 2022-01-01 00:00:00.000 |
| 2022-01-01 00:00:00.000 |
| 2022-01-01 00:00:00.000 |
| 2022-01-01 00:00:00.000 |
| 2022-01-01 00:00:00.000 |
| 2022-01-01 00:00:00.000 |
| 2022-01-01 00:00:00.000 |
| 2022-01-01 00:00:00.000 |
| 2022-01-01 00:00:00.000 |
| 2022-01-01 00:00:00.000 |
| 2022-01-01 00:00:00.000 |
| 2022-01-01 00:00:00.000 |
| 2022-01-01 00:00:00.000 |
| 2022-01-01 00:00:00.000 |
| 2022-01-01 00:00:00.000 |
| 2022-01-01 00:00:00.000 |
| 2022-01-01 00:00:00.000 |
+-------------------------+
(17 rows)

!ok

#-------------------------------------------------------------------------
# TESTCASE: test_order_by TEST_ID: A5_B10 TYPE: POSITIVE TEST
#-------------------------------------------------------------------------
SELECT __time
FROM test_unnest,
     unnest(mv_to_array(c_mv_complex_with_null_and_empty_row)) AS u(c)
ORDER BY 1 DESC;
+-------------------------+
| __time                  |
+-------------------------+
| 2022-01-01 00:00:00.000 |
| 2022-01-01 00:00:00.000 |
| 2022-01-01 00:00:00.000 |
| 2022-01-01 00:00:00.000 |
| 2022-01-01 00:00:00.000 |
| 2022-01-01 00:00:00.000 |
| 2022-01-01 00:00:00.000 |
| 2022-01-01 00:00:00.000 |
| 2022-01-01 00:00:00.000 |
| 2022-01-01 00:00:00.000 |
| 2022-01-01 00:00:00.000 |
| 2022-01-01 00:00:00.000 |
| 2022-01-01 00:00:00.000 |
| 2022-01-01 00:00:00.000 |
| 2022-01-01 00:00:00.000 |
| 2022-01-01 00:00:00.000 |
| 2022-01-01 00:00:00.000 |
+-------------------------+
(17 rows)

!ok

#-------------------------------------------------------------------------
# TESTCASE: test_order_by TEST_ID: A5_B11 TYPE: POSITIVE TEST
#-------------------------------------------------------------------------
SELECT __time
FROM
  (SELECT __time
   FROM test_unnest,
        unnest(mv_to_array(c_mv_complex_with_null_and_empty_row)) AS u(c)
   ORDER BY __time ASC);
+-------------------------+
| __time                  |
+-------------------------+
| 2022-01-01 00:00:00.000 |
| 2022-01-01 00:00:00.000 |
| 2022-01-01 00:00:00.000 |
| 2022-01-01 00:00:00.000 |
| 2022-01-01 00:00:00.000 |
| 2022-01-01 00:00:00.000 |
| 2022-01-01 00:00:00.000 |
| 2022-01-01 00:00:00.000 |
| 2022-01-01 00:00:00.000 |
| 2022-01-01 00:00:00.000 |
| 2022-01-01 00:00:00.000 |
| 2022-01-01 00:00:00.000 |
| 2022-01-01 00:00:00.000 |
| 2022-01-01 00:00:00.000 |
| 2022-01-01 00:00:00.000 |
| 2022-01-01 00:00:00.000 |
| 2022-01-01 00:00:00.000 |
+-------------------------+
(17 rows)

!ok

#-------------------------------------------------------------------------
# TESTCASE: test_order_by TEST_ID: A5_B12 TYPE: POSITIVE TEST
#-------------------------------------------------------------------------
SELECT __time
FROM
  (SELECT __time
   FROM test_unnest,
        unnest(mv_to_array(c_mv_complex_with_null_and_empty_row)) AS u(c)
   ORDER BY 1 DESC);
+-------------------------+
| __time                  |
+-------------------------+
| 2022-01-01 00:00:00.000 |
| 2022-01-01 00:00:00.000 |
| 2022-01-01 00:00:00.000 |
| 2022-01-01 00:00:00.000 |
| 2022-01-01 00:00:00.000 |
| 2022-01-01 00:00:00.000 |
| 2022-01-01 00:00:00.000 |
| 2022-01-01 00:00:00.000 |
| 2022-01-01 00:00:00.000 |
| 2022-01-01 00:00:00.000 |
| 2022-01-01 00:00:00.000 |
| 2022-01-01 00:00:00.000 |
| 2022-01-01 00:00:00.000 |
| 2022-01-01 00:00:00.000 |
| 2022-01-01 00:00:00.000 |
| 2022-01-01 00:00:00.000 |
| 2022-01-01 00:00:00.000 |
+-------------------------+
(17 rows)

!ok

#-------------------------------------------------------------------------
# TESTCASE: test_order_by TEST_ID: A5_B13 TYPE: POSITIVE TEST
#-------------------------------------------------------------------------
SELECT c_str,
       count(*) cnt
FROM test_unnest,
     unnest(mv_to_array(c_mv_complex_with_null_and_empty_row)) AS u(c)
GROUP BY c_str
ORDER BY c_str ASC;
+-------+-----+
| c_str | cnt |
+-------+-----+
|       |   1 |
|       |   1 |
| str2  |   5 |
| str3  |   5 |
| str4  |   5 |
+-------+-----+
(5 rows)

!ok

#-------------------------------------------------------------------------
# TESTCASE: test_order_by TEST_ID: A5_B14 TYPE: POSITIVE TEST
#-------------------------------------------------------------------------
SELECT c_str,
       count(*) cnt
FROM test_unnest,
     unnest(mv_to_array(c_mv_complex_with_null_and_empty_row)) AS u(c)
GROUP BY c_str
ORDER BY 1 DESC;
+-------+-----+
| c_str | cnt |
+-------+-----+
| str4  |   5 |
| str3  |   5 |
| str2  |   5 |
|       |   1 |
|       |   1 |
+-------+-----+
(5 rows)

!ok

#-------------------------------------------------------------------------
# TESTCASE: test_order_by TEST_ID: A5_B15 TYPE: NEGATIVE TEST
#-------------------------------------------------------------------------
SELECT c_str
FROM test_unnest,
     unnest(mv_to_array(c_mv_complex_with_null_and_empty_row)) AS u(c)
ORDER BY c_str ASC;
CannotBuildQueryException
!error

#-------------------------------------------------------------------------
# TESTCASE: test_order_by TEST_ID: A5_B16 TYPE: NEGATIVE TEST
#-------------------------------------------------------------------------
SELECT c_str
FROM test_unnest,
     unnest(mv_to_array(c_mv_complex_with_null_and_empty_row)) AS u(c)
ORDER BY 1 DESC;
CannotBuildQueryException
!error

#-------------------------------------------------------------------------
# TESTCASE: test_order_by TEST_ID: A5_B17 TYPE: POSITIVE TEST
#-------------------------------------------------------------------------
SELECT c_str
FROM
  (SELECT c_str
   FROM test_unnest,
        unnest(mv_to_array(c_mv_complex_with_null_and_empty_row)) AS u(c)
   ORDER BY c_str ASC);
+-------+
| c_str |
+-------+
|       |
| str2  |
| str2  |
| str2  |
| str2  |
| str2  |
| str3  |
| str3  |
| str3  |
| str3  |
| str3  |
| str4  |
| str4  |
| str4  |
| str4  |
| str4  |
|       |
+-------+
(17 rows)

!ok

#-------------------------------------------------------------------------
# TESTCASE: test_order_by TEST_ID: A5_B18 TYPE: POSITIVE TEST
#-------------------------------------------------------------------------
SELECT c_str
FROM
  (SELECT c_str
   FROM test_unnest,
        unnest(mv_to_array(c_mv_complex_with_null_and_empty_row)) AS u(c)
   ORDER BY 1 DESC);
+-------+
| c_str |
+-------+
|       |
| str2  |
| str2  |
| str2  |
| str2  |
| str2  |
| str3  |
| str3  |
| str3  |
| str3  |
| str3  |
| str4  |
| str4  |
| str4  |
| str4  |
| str4  |
|       |
+-------+
(17 rows)

!ok

#-------------------------------------------------------------------------
# TESTCASE: test_order_by TEST_ID: A6_B1 TYPE: POSITIVE TEST
#-------------------------------------------------------------------------
SELECT c,
       count(*) cnt
FROM test_unnest,
     unnest(mv_to_array(c_mv_num_with_null_and_empty_row)) AS u(c)
GROUP BY c
ORDER BY c ASC;
+---+-----+
| c | cnt |
+---+-----+
|   |   5 |
|   |   3 |
| 1 |   3 |
| 2 |   3 |
| 3 |   3 |
+---+-----+
(5 rows)

!ok

#-------------------------------------------------------------------------
# TESTCASE: test_order_by TEST_ID: A6_B2 TYPE: POSITIVE TEST
#-------------------------------------------------------------------------
SELECT c,
       count(*) cnt
FROM test_unnest,
     unnest(mv_to_array(c_mv_num_with_null_and_empty_row)) AS u(c)
GROUP BY c
ORDER BY 1 DESC;
+---+-----+
| c | cnt |
+---+-----+
| 3 |   3 |
| 2 |   3 |
| 1 |   3 |
|   |   3 |
|   |   5 |
+---+-----+
(5 rows)

!ok

#-------------------------------------------------------------------------
# TESTCASE: test_order_by TEST_ID: A6_B3 TYPE: NEGATIVE TEST
#-------------------------------------------------------------------------
SELECT c
FROM test_unnest,
     unnest(mv_to_array(c_mv_num_with_null_and_empty_row)) AS u(c)
ORDER BY c ASC;
CannotBuildQueryException
!error

#-------------------------------------------------------------------------
# TESTCASE: test_order_by TEST_ID: A6_B4 TYPE: NEGATIVE TEST
#-------------------------------------------------------------------------
SELECT c
FROM test_unnest,
     unnest(mv_to_array(c_mv_num_with_null_and_empty_row)) AS u(c)
ORDER BY 1 DESC;
CannotBuildQueryException
!error

#-------------------------------------------------------------------------
# TESTCASE: test_order_by TEST_ID: A6_B5 TYPE: POSITIVE TEST
#-------------------------------------------------------------------------
SELECT c
FROM
  (SELECT c
   FROM test_unnest,
        unnest(mv_to_array(c_mv_num_with_null_and_empty_row)) AS u(c)
   ORDER BY c ASC);
+---+
| c |
+---+
|   |
|   |
|   |
| 1 |
| 1 |
| 1 |
| 2 |
| 2 |
| 2 |
| 3 |
| 3 |
| 3 |
|   |
|   |
|   |
|   |
|   |
+---+
(17 rows)

!ok

#-------------------------------------------------------------------------
# TESTCASE: test_order_by TEST_ID: A6_B6 TYPE: POSITIVE TEST
#-------------------------------------------------------------------------
SELECT c
FROM
  (SELECT c
   FROM test_unnest,
        unnest(mv_to_array(c_mv_num_with_null_and_empty_row)) AS u(c)
   ORDER BY 1 DESC);
+---+
| c |
+---+
|   |
|   |
|   |
| 1 |
| 1 |
| 1 |
| 2 |
| 2 |
| 2 |
| 3 |
| 3 |
| 3 |
|   |
|   |
|   |
|   |
|   |
+---+
(17 rows)

!ok

#-------------------------------------------------------------------------
# TESTCASE: test_order_by TEST_ID: A6_B7 TYPE: POSITIVE TEST
#-------------------------------------------------------------------------
SELECT __time,
       count(*) cnt
FROM test_unnest,
     unnest(mv_to_array(c_mv_num_with_null_and_empty_row)) AS u(c)
GROUP BY __time
ORDER BY __time ASC;
+-------------------------+-----+
| __time                  | cnt |
+-------------------------+-----+
| 2022-01-01 00:00:00.000 |  17 |
+-------------------------+-----+
(1 row)

!ok

#-------------------------------------------------------------------------
# TESTCASE: test_order_by TEST_ID: A6_B8 TYPE: POSITIVE TEST
#-------------------------------------------------------------------------
SELECT __time,
       count(*) cnt
FROM test_unnest,
     unnest(mv_to_array(c_mv_num_with_null_and_empty_row)) AS u(c)
GROUP BY __time
ORDER BY __time DESC;
+-------------------------+-----+
| __time                  | cnt |
+-------------------------+-----+
| 2022-01-01 00:00:00.000 |  17 |
+-------------------------+-----+
(1 row)

!ok

#-------------------------------------------------------------------------
# TESTCASE: test_order_by TEST_ID: A6_B9 TYPE: POSITIVE TEST
#-------------------------------------------------------------------------
SELECT __time
FROM test_unnest,
     unnest(mv_to_array(c_mv_num_with_null_and_empty_row)) AS u(c)
ORDER BY __time ASC;
+-------------------------+
| __time                  |
+-------------------------+
| 2022-01-01 00:00:00.000 |
| 2022-01-01 00:00:00.000 |
| 2022-01-01 00:00:00.000 |
| 2022-01-01 00:00:00.000 |
| 2022-01-01 00:00:00.000 |
| 2022-01-01 00:00:00.000 |
| 2022-01-01 00:00:00.000 |
| 2022-01-01 00:00:00.000 |
| 2022-01-01 00:00:00.000 |
| 2022-01-01 00:00:00.000 |
| 2022-01-01 00:00:00.000 |
| 2022-01-01 00:00:00.000 |
| 2022-01-01 00:00:00.000 |
| 2022-01-01 00:00:00.000 |
| 2022-01-01 00:00:00.000 |
| 2022-01-01 00:00:00.000 |
| 2022-01-01 00:00:00.000 |
+-------------------------+
(17 rows)

!ok

#-------------------------------------------------------------------------
# TESTCASE: test_order_by TEST_ID: A6_B10 TYPE: POSITIVE TEST
#-------------------------------------------------------------------------
SELECT __time
FROM test_unnest,
     unnest(mv_to_array(c_mv_num_with_null_and_empty_row)) AS u(c)
ORDER BY 1 DESC;
+-------------------------+
| __time                  |
+-------------------------+
| 2022-01-01 00:00:00.000 |
| 2022-01-01 00:00:00.000 |
| 2022-01-01 00:00:00.000 |
| 2022-01-01 00:00:00.000 |
| 2022-01-01 00:00:00.000 |
| 2022-01-01 00:00:00.000 |
| 2022-01-01 00:00:00.000 |
| 2022-01-01 00:00:00.000 |
| 2022-01-01 00:00:00.000 |
| 2022-01-01 00:00:00.000 |
| 2022-01-01 00:00:00.000 |
| 2022-01-01 00:00:00.000 |
| 2022-01-01 00:00:00.000 |
| 2022-01-01 00:00:00.000 |
| 2022-01-01 00:00:00.000 |
| 2022-01-01 00:00:00.000 |
| 2022-01-01 00:00:00.000 |
+-------------------------+
(17 rows)

!ok

#-------------------------------------------------------------------------
# TESTCASE: test_order_by TEST_ID: A6_B11 TYPE: POSITIVE TEST
#-------------------------------------------------------------------------
SELECT __time
FROM
  (SELECT __time
   FROM test_unnest,
        unnest(mv_to_array(c_mv_num_with_null_and_empty_row)) AS u(c)
   ORDER BY __time ASC);
+-------------------------+
| __time                  |
+-------------------------+
| 2022-01-01 00:00:00.000 |
| 2022-01-01 00:00:00.000 |
| 2022-01-01 00:00:00.000 |
| 2022-01-01 00:00:00.000 |
| 2022-01-01 00:00:00.000 |
| 2022-01-01 00:00:00.000 |
| 2022-01-01 00:00:00.000 |
| 2022-01-01 00:00:00.000 |
| 2022-01-01 00:00:00.000 |
| 2022-01-01 00:00:00.000 |
| 2022-01-01 00:00:00.000 |
| 2022-01-01 00:00:00.000 |
| 2022-01-01 00:00:00.000 |
| 2022-01-01 00:00:00.000 |
| 2022-01-01 00:00:00.000 |
| 2022-01-01 00:00:00.000 |
| 2022-01-01 00:00:00.000 |
+-------------------------+
(17 rows)

!ok

#-------------------------------------------------------------------------
# TESTCASE: test_order_by TEST_ID: A6_B12 TYPE: POSITIVE TEST
#-------------------------------------------------------------------------
SELECT __time
FROM
  (SELECT __time
   FROM test_unnest,
        unnest(mv_to_array(c_mv_num_with_null_and_empty_row)) AS u(c)
   ORDER BY 1 DESC);
+-------------------------+
| __time                  |
+-------------------------+
| 2022-01-01 00:00:00.000 |
| 2022-01-01 00:00:00.000 |
| 2022-01-01 00:00:00.000 |
| 2022-01-01 00:00:00.000 |
| 2022-01-01 00:00:00.000 |
| 2022-01-01 00:00:00.000 |
| 2022-01-01 00:00:00.000 |
| 2022-01-01 00:00:00.000 |
| 2022-01-01 00:00:00.000 |
| 2022-01-01 00:00:00.000 |
| 2022-01-01 00:00:00.000 |
| 2022-01-01 00:00:00.000 |
| 2022-01-01 00:00:00.000 |
| 2022-01-01 00:00:00.000 |
| 2022-01-01 00:00:00.000 |
| 2022-01-01 00:00:00.000 |
| 2022-01-01 00:00:00.000 |
+-------------------------+
(17 rows)

!ok

#-------------------------------------------------------------------------
# TESTCASE: test_order_by TEST_ID: A6_B13 TYPE: POSITIVE TEST
#-------------------------------------------------------------------------
SELECT c_str,
       count(*) cnt
FROM test_unnest,
     unnest(mv_to_array(c_mv_num_with_null_and_empty_row)) AS u(c)
GROUP BY c_str
ORDER BY c_str ASC;
+-------+-----+
| c_str | cnt |
+-------+-----+
|       |   1 |
|       |   1 |
| str2  |   5 |
| str3  |   5 |
| str4  |   5 |
+-------+-----+
(5 rows)

!ok

#-------------------------------------------------------------------------
# TESTCASE: test_order_by TEST_ID: A6_B14 TYPE: POSITIVE TEST
#-------------------------------------------------------------------------
SELECT c_str,
       count(*) cnt
FROM test_unnest,
     unnest(mv_to_array(c_mv_num_with_null_and_empty_row)) AS u(c)
GROUP BY c_str
ORDER BY 1 DESC;
+-------+-----+
| c_str | cnt |
+-------+-----+
| str4  |   5 |
| str3  |   5 |
| str2  |   5 |
|       |   1 |
|       |   1 |
+-------+-----+
(5 rows)

!ok

#-------------------------------------------------------------------------
# TESTCASE: test_order_by TEST_ID: A6_B15 TYPE: NEGATIVE TEST
#-------------------------------------------------------------------------
SELECT c_str
FROM test_unnest,
     unnest(mv_to_array(c_mv_num_with_null_and_empty_row)) AS u(c)
ORDER BY c_str ASC;
CannotBuildQueryException
!error

#-------------------------------------------------------------------------
# TESTCASE: test_order_by TEST_ID: A6_B16 TYPE: NEGATIVE TEST
#-------------------------------------------------------------------------
SELECT c_str
FROM test_unnest,
     unnest(mv_to_array(c_mv_num_with_null_and_empty_row)) AS u(c)
ORDER BY 1 DESC;
CannotBuildQueryException
!error

#-------------------------------------------------------------------------
# TESTCASE: test_order_by TEST_ID: A6_B17 TYPE: POSITIVE TEST
#-------------------------------------------------------------------------
SELECT c_str
FROM
  (SELECT c_str
   FROM test_unnest,
        unnest(mv_to_array(c_mv_num_with_null_and_empty_row)) AS u(c)
   ORDER BY c_str ASC);
+-------+
| c_str |
+-------+
|       |
| str2  |
| str2  |
| str2  |
| str2  |
| str2  |
| str3  |
| str3  |
| str3  |
| str3  |
| str3  |
| str4  |
| str4  |
| str4  |
| str4  |
| str4  |
|       |
+-------+
(17 rows)

!ok

#-------------------------------------------------------------------------
# TESTCASE: test_order_by TEST_ID: A6_B18 TYPE: POSITIVE TEST
#-------------------------------------------------------------------------
SELECT c_str
FROM
  (SELECT c_str
   FROM test_unnest,
        unnest(mv_to_array(c_mv_num_with_null_and_empty_row)) AS u(c)
   ORDER BY 1 DESC);
+-------+
| c_str |
+-------+
|       |
| str2  |
| str2  |
| str2  |
| str2  |
| str2  |
| str3  |
| str3  |
| str3  |
| str3  |
| str3  |
| str4  |
| str4  |
| str4  |
| str4  |
| str4  |
|       |
+-------+
(17 rows)

!ok

#-------------------------------------------------------------------------
# TESTCASE: test_order_by TEST_ID: A7_B1 TYPE: POSITIVE TEST
#-------------------------------------------------------------------------
SELECT c,
       count(*) cnt
FROM test_unnest,
     unnest(mv_to_array(c_mv_all_null_and_empty_val)) AS u(c)
GROUP BY c
ORDER BY c ASC;
+---+-----+
| c | cnt |
+---+-----+
|   |  15 |
|   |  10 |
+---+-----+
(2 rows)

!ok

#-------------------------------------------------------------------------
# TESTCASE: test_order_by TEST_ID: A7_B2 TYPE: POSITIVE TEST
#-------------------------------------------------------------------------
SELECT c,
       count(*) cnt
FROM test_unnest,
     unnest(mv_to_array(c_mv_all_null_and_empty_val)) AS u(c)
GROUP BY c
ORDER BY 1 DESC;
+---+-----+
| c | cnt |
+---+-----+
|   |  10 |
|   |  15 |
+---+-----+
(2 rows)

!ok

#-------------------------------------------------------------------------
# TESTCASE: test_order_by TEST_ID: A7_B3 TYPE: NEGATIVE TEST
#-------------------------------------------------------------------------
SELECT c
FROM test_unnest,
     unnest(mv_to_array(c_mv_all_null_and_empty_val)) AS u(c)
ORDER BY c ASC;
CannotBuildQueryException
!error

#-------------------------------------------------------------------------
# TESTCASE: test_order_by TEST_ID: A7_B4 TYPE: NEGATIVE TEST
#-------------------------------------------------------------------------
SELECT c
FROM test_unnest,
     unnest(mv_to_array(c_mv_all_null_and_empty_val)) AS u(c)
ORDER BY 1 DESC;
CannotBuildQueryException
!error

#-------------------------------------------------------------------------
# TESTCASE: test_order_by TEST_ID: A7_B5 TYPE: POSITIVE TEST
#-------------------------------------------------------------------------
SELECT c
FROM
  (SELECT c
   FROM test_unnest,
        unnest(mv_to_array(c_mv_all_null_and_empty_val)) AS u(c)
   ORDER BY c ASC);
+---+
| c |
+---+
|   |
|   |
|   |
|   |
|   |
|   |
|   |
|   |
|   |
|   |
|   |
|   |
|   |
|   |
|   |
|   |
|   |
|   |
|   |
|   |
|   |
|   |
|   |
|   |
|   |
+---+
(25 rows)

!ok

#-------------------------------------------------------------------------
# TESTCASE: test_order_by TEST_ID: A7_B6 TYPE: POSITIVE TEST
#-------------------------------------------------------------------------
SELECT c
FROM
  (SELECT c
   FROM test_unnest,
        unnest(mv_to_array(c_mv_all_null_and_empty_val)) AS u(c)
   ORDER BY 1 DESC);
+---+
| c |
+---+
|   |
|   |
|   |
|   |
|   |
|   |
|   |
|   |
|   |
|   |
|   |
|   |
|   |
|   |
|   |
|   |
|   |
|   |
|   |
|   |
|   |
|   |
|   |
|   |
|   |
+---+
(25 rows)

!ok

#-------------------------------------------------------------------------
# TESTCASE: test_order_by TEST_ID: A7_B7 TYPE: POSITIVE TEST
#-------------------------------------------------------------------------
SELECT __time,
       count(*) cnt
FROM test_unnest,
     unnest(mv_to_array(c_mv_all_null_and_empty_val)) AS u(c)
GROUP BY __time
ORDER BY __time ASC;
+-------------------------+-----+
| __time                  | cnt |
+-------------------------+-----+
| 2022-01-01 00:00:00.000 |  25 |
+-------------------------+-----+
(1 row)

!ok

#-------------------------------------------------------------------------
# TESTCASE: test_order_by TEST_ID: A7_B8 TYPE: POSITIVE TEST
#-------------------------------------------------------------------------
SELECT __time,
       count(*) cnt
FROM test_unnest,
     unnest(mv_to_array(c_mv_all_null_and_empty_val)) AS u(c)
GROUP BY __time
ORDER BY __time DESC;
+-------------------------+-----+
| __time                  | cnt |
+-------------------------+-----+
| 2022-01-01 00:00:00.000 |  25 |
+-------------------------+-----+
(1 row)

!ok

#-------------------------------------------------------------------------
# TESTCASE: test_order_by TEST_ID: A7_B9 TYPE: POSITIVE TEST
#-------------------------------------------------------------------------
SELECT __time
FROM test_unnest,
     unnest(mv_to_array(c_mv_all_null_and_empty_val)) AS u(c)
ORDER BY __time ASC;
+-------------------------+
| __time                  |
+-------------------------+
| 2022-01-01 00:00:00.000 |
| 2022-01-01 00:00:00.000 |
| 2022-01-01 00:00:00.000 |
| 2022-01-01 00:00:00.000 |
| 2022-01-01 00:00:00.000 |
| 2022-01-01 00:00:00.000 |
| 2022-01-01 00:00:00.000 |
| 2022-01-01 00:00:00.000 |
| 2022-01-01 00:00:00.000 |
| 2022-01-01 00:00:00.000 |
| 2022-01-01 00:00:00.000 |
| 2022-01-01 00:00:00.000 |
| 2022-01-01 00:00:00.000 |
| 2022-01-01 00:00:00.000 |
| 2022-01-01 00:00:00.000 |
| 2022-01-01 00:00:00.000 |
| 2022-01-01 00:00:00.000 |
| 2022-01-01 00:00:00.000 |
| 2022-01-01 00:00:00.000 |
| 2022-01-01 00:00:00.000 |
| 2022-01-01 00:00:00.000 |
| 2022-01-01 00:00:00.000 |
| 2022-01-01 00:00:00.000 |
| 2022-01-01 00:00:00.000 |
| 2022-01-01 00:00:00.000 |
+-------------------------+
(25 rows)

!ok

#-------------------------------------------------------------------------
# TESTCASE: test_order_by TEST_ID: A7_B10 TYPE: POSITIVE TEST
#-------------------------------------------------------------------------
SELECT __time
FROM test_unnest,
     unnest(mv_to_array(c_mv_all_null_and_empty_val)) AS u(c)
ORDER BY 1 DESC;
+-------------------------+
| __time                  |
+-------------------------+
| 2022-01-01 00:00:00.000 |
| 2022-01-01 00:00:00.000 |
| 2022-01-01 00:00:00.000 |
| 2022-01-01 00:00:00.000 |
| 2022-01-01 00:00:00.000 |
| 2022-01-01 00:00:00.000 |
| 2022-01-01 00:00:00.000 |
| 2022-01-01 00:00:00.000 |
| 2022-01-01 00:00:00.000 |
| 2022-01-01 00:00:00.000 |
| 2022-01-01 00:00:00.000 |
| 2022-01-01 00:00:00.000 |
| 2022-01-01 00:00:00.000 |
| 2022-01-01 00:00:00.000 |
| 2022-01-01 00:00:00.000 |
| 2022-01-01 00:00:00.000 |
| 2022-01-01 00:00:00.000 |
| 2022-01-01 00:00:00.000 |
| 2022-01-01 00:00:00.000 |
| 2022-01-01 00:00:00.000 |
| 2022-01-01 00:00:00.000 |
| 2022-01-01 00:00:00.000 |
| 2022-01-01 00:00:00.000 |
| 2022-01-01 00:00:00.000 |
| 2022-01-01 00:00:00.000 |
+-------------------------+
(25 rows)

!ok

#-------------------------------------------------------------------------
# TESTCASE: test_order_by TEST_ID: A7_B11 TYPE: POSITIVE TEST
#-------------------------------------------------------------------------
SELECT __time
FROM
  (SELECT __time
   FROM test_unnest,
        unnest(mv_to_array(c_mv_all_null_and_empty_val)) AS u(c)
   ORDER BY __time ASC);
+-------------------------+
| __time                  |
+-------------------------+
| 2022-01-01 00:00:00.000 |
| 2022-01-01 00:00:00.000 |
| 2022-01-01 00:00:00.000 |
| 2022-01-01 00:00:00.000 |
| 2022-01-01 00:00:00.000 |
| 2022-01-01 00:00:00.000 |
| 2022-01-01 00:00:00.000 |
| 2022-01-01 00:00:00.000 |
| 2022-01-01 00:00:00.000 |
| 2022-01-01 00:00:00.000 |
| 2022-01-01 00:00:00.000 |
| 2022-01-01 00:00:00.000 |
| 2022-01-01 00:00:00.000 |
| 2022-01-01 00:00:00.000 |
| 2022-01-01 00:00:00.000 |
| 2022-01-01 00:00:00.000 |
| 2022-01-01 00:00:00.000 |
| 2022-01-01 00:00:00.000 |
| 2022-01-01 00:00:00.000 |
| 2022-01-01 00:00:00.000 |
| 2022-01-01 00:00:00.000 |
| 2022-01-01 00:00:00.000 |
| 2022-01-01 00:00:00.000 |
| 2022-01-01 00:00:00.000 |
| 2022-01-01 00:00:00.000 |
+-------------------------+
(25 rows)

!ok

#-------------------------------------------------------------------------
# TESTCASE: test_order_by TEST_ID: A7_B12 TYPE: POSITIVE TEST
#-------------------------------------------------------------------------
SELECT __time
FROM
  (SELECT __time
   FROM test_unnest,
        unnest(mv_to_array(c_mv_all_null_and_empty_val)) AS u(c)
   ORDER BY 1 DESC);
+-------------------------+
| __time                  |
+-------------------------+
| 2022-01-01 00:00:00.000 |
| 2022-01-01 00:00:00.000 |
| 2022-01-01 00:00:00.000 |
| 2022-01-01 00:00:00.000 |
| 2022-01-01 00:00:00.000 |
| 2022-01-01 00:00:00.000 |
| 2022-01-01 00:00:00.000 |
| 2022-01-01 00:00:00.000 |
| 2022-01-01 00:00:00.000 |
| 2022-01-01 00:00:00.000 |
| 2022-01-01 00:00:00.000 |
| 2022-01-01 00:00:00.000 |
| 2022-01-01 00:00:00.000 |
| 2022-01-01 00:00:00.000 |
| 2022-01-01 00:00:00.000 |
| 2022-01-01 00:00:00.000 |
| 2022-01-01 00:00:00.000 |
| 2022-01-01 00:00:00.000 |
| 2022-01-01 00:00:00.000 |
| 2022-01-01 00:00:00.000 |
| 2022-01-01 00:00:00.000 |
| 2022-01-01 00:00:00.000 |
| 2022-01-01 00:00:00.000 |
| 2022-01-01 00:00:00.000 |
| 2022-01-01 00:00:00.000 |
+-------------------------+
(25 rows)

!ok

#-------------------------------------------------------------------------
# TESTCASE: test_order_by TEST_ID: A7_B13 TYPE: POSITIVE TEST
#-------------------------------------------------------------------------
SELECT c_str,
       count(*) cnt
FROM test_unnest,
     unnest(mv_to_array(c_mv_all_null_and_empty_val)) AS u(c)
GROUP BY c_str
ORDER BY c_str ASC;
+-------+-----+
| c_str | cnt |
+-------+-----+
|       |   5 |
|       |   5 |
| str2  |   5 |
| str3  |   5 |
| str4  |   5 |
+-------+-----+
(5 rows)

!ok

#-------------------------------------------------------------------------
# TESTCASE: test_order_by TEST_ID: A7_B14 TYPE: POSITIVE TEST
#-------------------------------------------------------------------------
SELECT c_str,
       count(*) cnt
FROM test_unnest,
     unnest(mv_to_array(c_mv_all_null_and_empty_val)) AS u(c)
GROUP BY c_str
ORDER BY 1 DESC;
+-------+-----+
| c_str | cnt |
+-------+-----+
| str4  |   5 |
| str3  |   5 |
| str2  |   5 |
|       |   5 |
|       |   5 |
+-------+-----+
(5 rows)

!ok

#-------------------------------------------------------------------------
# TESTCASE: test_order_by TEST_ID: A7_B15 TYPE: NEGATIVE TEST
#-------------------------------------------------------------------------
SELECT c_str
FROM test_unnest,
     unnest(mv_to_array(c_mv_all_null_and_empty_val)) AS u(c)
ORDER BY c_str ASC;
CannotBuildQueryException
!error

#-------------------------------------------------------------------------
# TESTCASE: test_order_by TEST_ID: A7_B16 TYPE: NEGATIVE TEST
#-------------------------------------------------------------------------
SELECT c_str
FROM test_unnest,
     unnest(mv_to_array(c_mv_all_null_and_empty_val)) AS u(c)
ORDER BY 1 DESC;
CannotBuildQueryException
!error

#-------------------------------------------------------------------------
# TESTCASE: test_order_by TEST_ID: A7_B17 TYPE: POSITIVE TEST
#-------------------------------------------------------------------------
SELECT c_str
FROM
  (SELECT c_str
   FROM test_unnest,
        unnest(mv_to_array(c_mv_all_null_and_empty_val)) AS u(c)
   ORDER BY c_str ASC);
+-------+
| c_str |
+-------+
|       |
|       |
|       |
|       |
|       |
| str2  |
| str2  |
| str2  |
| str2  |
| str2  |
| str3  |
| str3  |
| str3  |
| str3  |
| str3  |
| str4  |
| str4  |
| str4  |
| str4  |
| str4  |
|       |
|       |
|       |
|       |
|       |
+-------+
(25 rows)

!ok

#-------------------------------------------------------------------------
# TESTCASE: test_order_by TEST_ID: A7_B18 TYPE: POSITIVE TEST
#-------------------------------------------------------------------------
SELECT c_str
FROM
  (SELECT c_str
   FROM test_unnest,
        unnest(mv_to_array(c_mv_all_null_and_empty_val)) AS u(c)
   ORDER BY 1 DESC);
+-------+
| c_str |
+-------+
|       |
|       |
|       |
|       |
|       |
| str2  |
| str2  |
| str2  |
| str2  |
| str2  |
| str3  |
| str3  |
| str3  |
| str3  |
| str3  |
| str4  |
| str4  |
| str4  |
| str4  |
| str4  |
|       |
|       |
|       |
|       |
|       |
+-------+
(25 rows)

!ok

#-------------------------------------------------------------------------
# Total query count 127 Positive tests: 99 Negative tests: 28
#-------------------------------------------------------------------------
