#started Wed Jul 10 17:02:53 IST 2024
!use druidtest:///?componentSupplier=KttmNestedComponentSupplier
!set outputformat mysql
# Wed Jul 10 17:03:12 IST 2024
SELECT TABLE_NAME, COLUMN_NAME, DATA_TYPE FROM INFORMATION_SCHEMA.COLUMNS WHERE TABLE_SCHEMA = 'druid';
!ok
# Wed Jul 10 17:03:49 IST 2024
SELECT TABLE_NAME, COLUMN_NAME, DATA_TYPE FROM INFORMATION_SCHEMA.COLUMNS WHERE TABLE_SCHEMA = 'druid';
!ok
# Wed Jul 10 17:04:13 IST 2024
SELECT TABLE_NAME, COLUMN_NAME, DATA_TYPE FROM INFORMATION_SCHEMA.COLUMNS WHERE TABLE_SCHEMA = 'druid';
!ok
# Wed Jul 10 17:04:49 IST 2024
SELECT TABLE_NAME, COLUMN_NAME, DATA_TYPE FROM INFORMATION_SCHEMA.COLUMNS WHERE TABLE_SCHEMA = 'druid';
!ok
# Wed Jul 10 17:05:14 IST 2024
SELECT TABLE_NAME, COLUMN_NAME, DATA_TYPE FROM INFORMATION_SCHEMA.COLUMNS WHERE TABLE_SCHEMA = 'druid';
!ok
# Wed Jul 10 17:05:49 IST 2024
SELECT TABLE_NAME, COLUMN_NAME, DATA_TYPE FROM INFORMATION_SCHEMA.COLUMNS WHERE TABLE_SCHEMA = 'druid';
!ok
# Wed Jul 10 17:06:15 IST 2024
SELECT TABLE_NAME, COLUMN_NAME, DATA_TYPE FROM INFORMATION_SCHEMA.COLUMNS WHERE TABLE_SCHEMA = 'druid';
!ok
# Wed Jul 10 17:06:49 IST 2024
SELECT TABLE_NAME, COLUMN_NAME, DATA_TYPE FROM INFORMATION_SCHEMA.COLUMNS WHERE TABLE_SCHEMA = 'druid';
!ok
# Wed Jul 10 17:07:16 IST 2024
SELECT TABLE_NAME, COLUMN_NAME, DATA_TYPE FROM INFORMATION_SCHEMA.COLUMNS WHERE TABLE_SCHEMA = 'druid';
!ok
# Wed Jul 10 17:07:49 IST 2024
SELECT TABLE_NAME, COLUMN_NAME, DATA_TYPE FROM INFORMATION_SCHEMA.COLUMNS WHERE TABLE_SCHEMA = 'druid';
!ok
# Wed Jul 10 17:08:17 IST 2024
SELECT TABLE_NAME, COLUMN_NAME, DATA_TYPE FROM INFORMATION_SCHEMA.COLUMNS WHERE TABLE_SCHEMA = 'druid';
!ok
# Wed Jul 10 17:08:49 IST 2024
SELECT TABLE_NAME, COLUMN_NAME, DATA_TYPE FROM INFORMATION_SCHEMA.COLUMNS WHERE TABLE_SCHEMA = 'druid';
!ok
# Wed Jul 10 17:09:18 IST 2024
SELECT TABLE_NAME, COLUMN_NAME, DATA_TYPE FROM INFORMATION_SCHEMA.COLUMNS WHERE TABLE_SCHEMA = 'druid';
!ok
# Wed Jul 10 17:09:49 IST 2024
SELECT TABLE_NAME, COLUMN_NAME, DATA_TYPE FROM INFORMATION_SCHEMA.COLUMNS WHERE TABLE_SCHEMA = 'druid';
!ok
# Wed Jul 10 17:10:19 IST 2024
SELECT TABLE_NAME, COLUMN_NAME, DATA_TYPE FROM INFORMATION_SCHEMA.COLUMNS WHERE TABLE_SCHEMA = 'druid';
!ok
# Wed Jul 10 17:26:49 IST 2024
SELECT TABLE_NAME, COLUMN_NAME, DATA_TYPE FROM INFORMATION_SCHEMA.COLUMNS WHERE TABLE_SCHEMA = 'druid';
!ok
# Wed Jul 10 17:27:20 IST 2024
SELECT TABLE_NAME, COLUMN_NAME, DATA_TYPE FROM INFORMATION_SCHEMA.COLUMNS WHERE TABLE_SCHEMA = 'druid';
!ok
# Wed Jul 10 17:27:49 IST 2024
SELECT TABLE_NAME, COLUMN_NAME, DATA_TYPE FROM INFORMATION_SCHEMA.COLUMNS WHERE TABLE_SCHEMA = 'druid';
!ok
# Wed Jul 10 17:28:21 IST 2024
SELECT TABLE_NAME, COLUMN_NAME, DATA_TYPE FROM INFORMATION_SCHEMA.COLUMNS WHERE TABLE_SCHEMA = 'druid';
!ok
# Wed Jul 10 17:28:49 IST 2024
SELECT TABLE_NAME, COLUMN_NAME, DATA_TYPE FROM INFORMATION_SCHEMA.COLUMNS WHERE TABLE_SCHEMA = 'druid';
!ok
# Wed Jul 10 17:29:22 IST 2024
SELECT TABLE_NAME, COLUMN_NAME, DATA_TYPE FROM INFORMATION_SCHEMA.COLUMNS WHERE TABLE_SCHEMA = 'druid';
!ok
# Wed Jul 10 17:29:49 IST 2024
SELECT TABLE_NAME, COLUMN_NAME, DATA_TYPE FROM INFORMATION_SCHEMA.COLUMNS WHERE TABLE_SCHEMA = 'druid';
!ok
# Wed Jul 10 17:30:23 IST 2024
SELECT TABLE_NAME, COLUMN_NAME, DATA_TYPE FROM INFORMATION_SCHEMA.COLUMNS WHERE TABLE_SCHEMA = 'druid';
!ok
# Wed Jul 10 17:30:49 IST 2024
SELECT TABLE_NAME, COLUMN_NAME, DATA_TYPE FROM INFORMATION_SCHEMA.COLUMNS WHERE TABLE_SCHEMA = 'druid';
!ok
# Wed Jul 10 17:31:24 IST 2024
SELECT TABLE_NAME, COLUMN_NAME, DATA_TYPE FROM INFORMATION_SCHEMA.COLUMNS WHERE TABLE_SCHEMA = 'druid';
!ok
# Wed Jul 10 17:31:49 IST 2024
SELECT TABLE_NAME, COLUMN_NAME, DATA_TYPE FROM INFORMATION_SCHEMA.COLUMNS WHERE TABLE_SCHEMA = 'druid';
!ok
# Wed Jul 10 17:32:25 IST 2024
SELECT TABLE_NAME, COLUMN_NAME, DATA_TYPE FROM INFORMATION_SCHEMA.COLUMNS WHERE TABLE_SCHEMA = 'druid';
!ok
# Wed Jul 10 17:32:49 IST 2024
SELECT TABLE_NAME, COLUMN_NAME, DATA_TYPE FROM INFORMATION_SCHEMA.COLUMNS WHERE TABLE_SCHEMA = 'druid';
!ok
# Wed Jul 10 17:33:26 IST 2024
SELECT TABLE_NAME, COLUMN_NAME, DATA_TYPE FROM INFORMATION_SCHEMA.COLUMNS WHERE TABLE_SCHEMA = 'druid';
!ok
# Wed Jul 10 17:33:49 IST 2024
SELECT TABLE_NAME, COLUMN_NAME, DATA_TYPE FROM INFORMATION_SCHEMA.COLUMNS WHERE TABLE_SCHEMA = 'druid';
!ok
# Wed Jul 10 17:34:27 IST 2024
SELECT TABLE_NAME, COLUMN_NAME, DATA_TYPE FROM INFORMATION_SCHEMA.COLUMNS WHERE TABLE_SCHEMA = 'druid';
!ok
# Wed Jul 10 17:34:49 IST 2024
SELECT TABLE_NAME, COLUMN_NAME, DATA_TYPE FROM INFORMATION_SCHEMA.COLUMNS WHERE TABLE_SCHEMA = 'druid';
!ok
# Wed Jul 10 17:35:28 IST 2024
SELECT TABLE_NAME, COLUMN_NAME, DATA_TYPE FROM INFORMATION_SCHEMA.COLUMNS WHERE TABLE_SCHEMA = 'druid';
!ok
# Wed Jul 10 17:35:49 IST 2024
SELECT TABLE_NAME, COLUMN_NAME, DATA_TYPE FROM INFORMATION_SCHEMA.COLUMNS WHERE TABLE_SCHEMA = 'druid';
!ok
# Wed Jul 10 17:36:29 IST 2024
SELECT TABLE_NAME, COLUMN_NAME, DATA_TYPE FROM INFORMATION_SCHEMA.COLUMNS WHERE TABLE_SCHEMA = 'druid';
!ok
# Wed Jul 10 17:36:49 IST 2024
SELECT TABLE_NAME, COLUMN_NAME, DATA_TYPE FROM INFORMATION_SCHEMA.COLUMNS WHERE TABLE_SCHEMA = 'druid';
!ok
# Wed Jul 10 17:37:30 IST 2024
SELECT TABLE_NAME, COLUMN_NAME, DATA_TYPE FROM INFORMATION_SCHEMA.COLUMNS WHERE TABLE_SCHEMA = 'druid';
!ok
# Wed Jul 10 17:37:49 IST 2024
SELECT TABLE_NAME, COLUMN_NAME, DATA_TYPE FROM INFORMATION_SCHEMA.COLUMNS WHERE TABLE_SCHEMA = 'druid';
!ok
# Wed Jul 10 17:38:31 IST 2024
SELECT TABLE_NAME, COLUMN_NAME, DATA_TYPE FROM INFORMATION_SCHEMA.COLUMNS WHERE TABLE_SCHEMA = 'druid';
!ok
# Wed Jul 10 17:38:49 IST 2024
SELECT TABLE_NAME, COLUMN_NAME, DATA_TYPE FROM INFORMATION_SCHEMA.COLUMNS WHERE TABLE_SCHEMA = 'druid';
!ok
# Wed Jul 10 17:39:32 IST 2024
SELECT TABLE_NAME, COLUMN_NAME, DATA_TYPE FROM INFORMATION_SCHEMA.COLUMNS WHERE TABLE_SCHEMA = 'druid';
!ok
# Wed Jul 10 17:39:49 IST 2024
SELECT TABLE_NAME, COLUMN_NAME, DATA_TYPE FROM INFORMATION_SCHEMA.COLUMNS WHERE TABLE_SCHEMA = 'druid';
!ok
# Wed Jul 10 17:40:33 IST 2024
SELECT TABLE_NAME, COLUMN_NAME, DATA_TYPE FROM INFORMATION_SCHEMA.COLUMNS WHERE TABLE_SCHEMA = 'druid';
!ok
# Wed Jul 10 17:40:49 IST 2024
SELECT TABLE_NAME, COLUMN_NAME, DATA_TYPE FROM INFORMATION_SCHEMA.COLUMNS WHERE TABLE_SCHEMA = 'druid';
!ok
# Wed Jul 10 17:41:34 IST 2024
SELECT TABLE_NAME, COLUMN_NAME, DATA_TYPE FROM INFORMATION_SCHEMA.COLUMNS WHERE TABLE_SCHEMA = 'druid';
!ok
# Wed Jul 10 17:41:49 IST 2024
SELECT TABLE_NAME, COLUMN_NAME, DATA_TYPE FROM INFORMATION_SCHEMA.COLUMNS WHERE TABLE_SCHEMA = 'druid';
!ok
# Wed Jul 10 17:42:35 IST 2024
SELECT TABLE_NAME, COLUMN_NAME, DATA_TYPE FROM INFORMATION_SCHEMA.COLUMNS WHERE TABLE_SCHEMA = 'druid';
!ok
# Wed Jul 10 17:42:49 IST 2024
SELECT TABLE_NAME, COLUMN_NAME, DATA_TYPE FROM INFORMATION_SCHEMA.COLUMNS WHERE TABLE_SCHEMA = 'druid';
!ok
# Wed Jul 10 17:43:36 IST 2024
SELECT TABLE_NAME, COLUMN_NAME, DATA_TYPE FROM INFORMATION_SCHEMA.COLUMNS WHERE TABLE_SCHEMA = 'druid';
!ok
# Wed Jul 10 17:43:49 IST 2024
SELECT TABLE_NAME, COLUMN_NAME, DATA_TYPE FROM INFORMATION_SCHEMA.COLUMNS WHERE TABLE_SCHEMA = 'druid';
!ok
# Wed Jul 10 17:44:37 IST 2024
SELECT TABLE_NAME, COLUMN_NAME, DATA_TYPE FROM INFORMATION_SCHEMA.COLUMNS WHERE TABLE_SCHEMA = 'druid';
!ok
# Wed Jul 10 17:44:49 IST 2024
SELECT TABLE_NAME, COLUMN_NAME, DATA_TYPE FROM INFORMATION_SCHEMA.COLUMNS WHERE TABLE_SCHEMA = 'druid';
!ok
# Wed Jul 10 17:45:38 IST 2024
SELECT TABLE_NAME, COLUMN_NAME, DATA_TYPE FROM INFORMATION_SCHEMA.COLUMNS WHERE TABLE_SCHEMA = 'druid';
!ok
# Wed Jul 10 17:45:49 IST 2024
SELECT TABLE_NAME, COLUMN_NAME, DATA_TYPE FROM INFORMATION_SCHEMA.COLUMNS WHERE TABLE_SCHEMA = 'druid';
!ok
# Wed Jul 10 17:46:39 IST 2024
SELECT TABLE_NAME, COLUMN_NAME, DATA_TYPE FROM INFORMATION_SCHEMA.COLUMNS WHERE TABLE_SCHEMA = 'druid';
!ok
# Wed Jul 10 17:46:49 IST 2024
SELECT TABLE_NAME, COLUMN_NAME, DATA_TYPE FROM INFORMATION_SCHEMA.COLUMNS WHERE TABLE_SCHEMA = 'druid';
!ok
# Wed Jul 10 17:47:40 IST 2024
SELECT TABLE_NAME, COLUMN_NAME, DATA_TYPE FROM INFORMATION_SCHEMA.COLUMNS WHERE TABLE_SCHEMA = 'druid';
!ok
# Wed Jul 10 17:47:49 IST 2024
SELECT TABLE_NAME, COLUMN_NAME, DATA_TYPE FROM INFORMATION_SCHEMA.COLUMNS WHERE TABLE_SCHEMA = 'druid';
!ok
# Wed Jul 10 17:48:41 IST 2024
SELECT TABLE_NAME, COLUMN_NAME, DATA_TYPE FROM INFORMATION_SCHEMA.COLUMNS WHERE TABLE_SCHEMA = 'druid';
!ok
# Wed Jul 10 17:48:49 IST 2024
SELECT TABLE_NAME, COLUMN_NAME, DATA_TYPE FROM INFORMATION_SCHEMA.COLUMNS WHERE TABLE_SCHEMA = 'druid';
!ok
# Wed Jul 10 17:49:42 IST 2024
SELECT TABLE_NAME, COLUMN_NAME, DATA_TYPE FROM INFORMATION_SCHEMA.COLUMNS WHERE TABLE_SCHEMA = 'druid';
!ok
# Wed Jul 10 17:49:49 IST 2024
SELECT TABLE_NAME, COLUMN_NAME, DATA_TYPE FROM INFORMATION_SCHEMA.COLUMNS WHERE TABLE_SCHEMA = 'druid';
!ok
# Wed Jul 10 17:50:43 IST 2024
SELECT TABLE_NAME, COLUMN_NAME, DATA_TYPE FROM INFORMATION_SCHEMA.COLUMNS WHERE TABLE_SCHEMA = 'druid';
!ok
# Wed Jul 10 17:50:49 IST 2024
SELECT TABLE_NAME, COLUMN_NAME, DATA_TYPE FROM INFORMATION_SCHEMA.COLUMNS WHERE TABLE_SCHEMA = 'druid';
!ok
# Wed Jul 10 17:51:44 IST 2024
SELECT TABLE_NAME, COLUMN_NAME, DATA_TYPE FROM INFORMATION_SCHEMA.COLUMNS WHERE TABLE_SCHEMA = 'druid';
!ok
# Wed Jul 10 17:51:49 IST 2024
SELECT TABLE_NAME, COLUMN_NAME, DATA_TYPE FROM INFORMATION_SCHEMA.COLUMNS WHERE TABLE_SCHEMA = 'druid';
!ok
# Wed Jul 10 17:52:45 IST 2024
SELECT TABLE_NAME, COLUMN_NAME, DATA_TYPE FROM INFORMATION_SCHEMA.COLUMNS WHERE TABLE_SCHEMA = 'druid';
!ok
# Wed Jul 10 17:52:49 IST 2024
SELECT TABLE_NAME, COLUMN_NAME, DATA_TYPE FROM INFORMATION_SCHEMA.COLUMNS WHERE TABLE_SCHEMA = 'druid';
!ok
# Wed Jul 10 17:53:46 IST 2024
SELECT TABLE_NAME, COLUMN_NAME, DATA_TYPE FROM INFORMATION_SCHEMA.COLUMNS WHERE TABLE_SCHEMA = 'druid';
!ok
# Wed Jul 10 17:53:49 IST 2024
SELECT TABLE_NAME, COLUMN_NAME, DATA_TYPE FROM INFORMATION_SCHEMA.COLUMNS WHERE TABLE_SCHEMA = 'druid';
!ok
# Wed Jul 10 17:54:47 IST 2024
SELECT TABLE_NAME, COLUMN_NAME, DATA_TYPE FROM INFORMATION_SCHEMA.COLUMNS WHERE TABLE_SCHEMA = 'druid';
!ok
# Wed Jul 10 17:54:49 IST 2024
SELECT TABLE_NAME, COLUMN_NAME, DATA_TYPE FROM INFORMATION_SCHEMA.COLUMNS WHERE TABLE_SCHEMA = 'druid';
!ok
# Wed Jul 10 17:55:48 IST 2024
SELECT TABLE_NAME, COLUMN_NAME, DATA_TYPE FROM INFORMATION_SCHEMA.COLUMNS WHERE TABLE_SCHEMA = 'druid';
!ok
# Wed Jul 10 17:55:49 IST 2024
SELECT TABLE_NAME, COLUMN_NAME, DATA_TYPE FROM INFORMATION_SCHEMA.COLUMNS WHERE TABLE_SCHEMA = 'druid';
!ok
# Wed Jul 10 17:56:49 IST 2024
SELECT TABLE_NAME, COLUMN_NAME, DATA_TYPE FROM INFORMATION_SCHEMA.COLUMNS WHERE TABLE_SCHEMA = 'druid';
!ok
# Wed Jul 10 17:56:49 IST 2024
SELECT TABLE_NAME, COLUMN_NAME, DATA_TYPE FROM INFORMATION_SCHEMA.COLUMNS WHERE TABLE_SCHEMA = 'druid';
!ok
# Wed Jul 10 17:57:49 IST 2024
SELECT TABLE_NAME, COLUMN_NAME, DATA_TYPE FROM INFORMATION_SCHEMA.COLUMNS WHERE TABLE_SCHEMA = 'druid';
!ok
# Wed Jul 10 17:57:49 IST 2024
SELECT TABLE_NAME, COLUMN_NAME, DATA_TYPE FROM INFORMATION_SCHEMA.COLUMNS WHERE TABLE_SCHEMA = 'druid';
!ok
# Wed Jul 10 17:58:49 IST 2024
SELECT TABLE_NAME, COLUMN_NAME, DATA_TYPE FROM INFORMATION_SCHEMA.COLUMNS WHERE TABLE_SCHEMA = 'druid';
!ok
# Wed Jul 10 17:58:49 IST 2024
SELECT TABLE_NAME, COLUMN_NAME, DATA_TYPE FROM INFORMATION_SCHEMA.COLUMNS WHERE TABLE_SCHEMA = 'druid';
!ok
# Wed Jul 10 18:15:54 IST 2024
SELECT TABLE_NAME, COLUMN_NAME, DATA_TYPE FROM INFORMATION_SCHEMA.COLUMNS WHERE TABLE_SCHEMA = 'druid';
!ok
# Wed Jul 10 18:15:54 IST 2024
SELECT TABLE_NAME, COLUMN_NAME, DATA_TYPE FROM INFORMATION_SCHEMA.COLUMNS WHERE TABLE_SCHEMA = 'druid';
!ok
# Wed Jul 10 18:33:14 IST 2024
SELECT TABLE_NAME, COLUMN_NAME, DATA_TYPE FROM INFORMATION_SCHEMA.COLUMNS WHERE TABLE_SCHEMA = 'druid';
!ok
# Wed Jul 10 18:33:14 IST 2024
SELECT TABLE_NAME, COLUMN_NAME, DATA_TYPE FROM INFORMATION_SCHEMA.COLUMNS WHERE TABLE_SCHEMA = 'druid';
!ok
# Wed Jul 10 18:49:51 IST 2024
SELECT TABLE_NAME, COLUMN_NAME, DATA_TYPE FROM INFORMATION_SCHEMA.COLUMNS WHERE TABLE_SCHEMA = 'druid';
!ok
# Wed Jul 10 18:49:51 IST 2024
SELECT TABLE_NAME, COLUMN_NAME, DATA_TYPE FROM INFORMATION_SCHEMA.COLUMNS WHERE TABLE_SCHEMA = 'druid';
!ok
# Wed Jul 10 19:07:09 IST 2024
SELECT TABLE_NAME, COLUMN_NAME, DATA_TYPE FROM INFORMATION_SCHEMA.COLUMNS WHERE TABLE_SCHEMA = 'druid';
!ok
# Wed Jul 10 19:07:09 IST 2024
SELECT TABLE_NAME, COLUMN_NAME, DATA_TYPE FROM INFORMATION_SCHEMA.COLUMNS WHERE TABLE_SCHEMA = 'druid';
!ok
# Wed Jul 10 19:07:17 IST 2024
SELECT TABLE_NAME, COLUMN_NAME, DATA_TYPE FROM INFORMATION_SCHEMA.COLUMNS WHERE TABLE_SCHEMA = 'druid';
!ok
# Wed Jul 10 19:07:17 IST 2024
SELECT TABLE_NAME, COLUMN_NAME, DATA_TYPE FROM INFORMATION_SCHEMA.COLUMNS WHERE TABLE_SCHEMA = 'druid';
!ok
# Wed Jul 10 19:07:21 IST 2024
SELECT
MAX(CAST(t."__time" AS TIMESTAMP)) AS "__VALUE__"
FROM "kttm_nested" AS t
GROUP BY ();
!ok
# Wed Jul 10 19:07:21 IST 2024
SELECT
MAX(CAST(t."__time" AS TIMESTAMP)) AS "__VALUE__"
FROM "kttm_nested" AS t
GROUP BY ();
!ok
# Wed Jul 10 19:07:21 IST 2024
SELECT
(COUNT(*)) AS "__VALUE__"
FROM "kttm_nested" AS t
WHERE (TIMESTAMP '2019-08-25 00:00:00'<=CAST(t."__time" AS TIMESTAMP) AND CAST(t."__time" AS TIMESTAMP)<TIMESTAMP '2019-08-26 00:00:00')
GROUP BY ();
!ok
# Wed Jul 10 19:07:30 IST 2024
SELECT
CAST(t."app_version" AS VARCHAR) AS "app_version",
(COUNT(*)) AS "count"
FROM "kttm_nested" AS t
WHERE (TIMESTAMP '2019-08-25 00:00:00'<=CAST(t."__time" AS TIMESTAMP) AND CAST(t."__time" AS TIMESTAMP)<TIMESTAMP '2019-08-26 00:00:00')
GROUP BY 1
ORDER BY "count" DESC
LIMIT 1000;
!ok
# Wed Jul 10 19:07:31 IST 2024
SELECT
(COUNT(*)) AS "__VALUE__"
FROM "kttm_nested" AS t
WHERE ((TIMESTAMP '2019-08-25 00:00:00'<=CAST(t."__time" AS TIMESTAMP) AND CAST(t."__time" AS TIMESTAMP)<TIMESTAMP '2019-08-26 00:00:00') AND (CAST(t."app_version" AS VARCHAR)='1.9.6'))
GROUP BY ();
!ok
# Wed Jul 10 19:07:35 IST 2024
SELECT
CAST(JSON_VALUE("t"."agent",'$.browser_version') AS VARCHAR) AS "Browser_Version",
(COUNT(*)) AS "count"
FROM "kttm_nested" AS t
WHERE ((TIMESTAMP '2019-08-25 00:00:00'<=CAST(t."__time" AS TIMESTAMP) AND CAST(t."__time" AS TIMESTAMP)<TIMESTAMP '2019-08-26 00:00:00') AND (CAST(t."app_version" AS VARCHAR)='1.9.6'))
GROUP BY 1
ORDER BY "count" DESC
LIMIT 1000;
!ok
# Wed Jul 10 19:07:35 IST 2024
SELECT
CAST(JSON_VALUE("t"."agent",'$.browser_version') AS VARCHAR) AS "Browser_Version",
(COUNT(*)) AS "count"
FROM "kttm_nested" AS t
WHERE (((TIMESTAMP '2019-08-25 00:00:00'<=CAST(t."__time" AS TIMESTAMP) AND CAST(t."__time" AS TIMESTAMP)<TIMESTAMP '2019-08-26 00:00:00') AND (CAST(t."app_version" AS VARCHAR)='1.9.6')) AND CAST(JSON_VALUE("t"."agent",'$.browser_version') AS VARCHAR) IN ('76.0.3809.100','12.1.2','76.0.3809.111','12.1.1','76.0.3809.102','75.0.3770.144','64.0.3282.140','','68.0','12.0','75.0.3770.142','67.0.3396.87','12.1','70.0.3538.102','74.0.3729.159','11.0','75.0.3770.100','11.1.2'))
GROUP BY 1;
!ok
# Wed Jul 10 19:07:40 IST 2024
SELECT
CAST(JSON_VALUE("t"."agent",'$.browser_version') AS VARCHAR) AS "Browser_Version",
(COUNT(*)) AS "count"
FROM "kttm_nested" AS t
WHERE (((TIMESTAMP '2019-08-24 00:00:00'<=CAST(t."__time" AS TIMESTAMP) AND CAST(t."__time" AS TIMESTAMP)<TIMESTAMP '2019-08-25 00:00:00') AND (CAST(t."app_version" AS VARCHAR)='1.9.6')) AND CAST(JSON_VALUE("t"."agent",'$.browser_version') AS VARCHAR) IN ('76.0.3809.100','12.1.2','76.0.3809.111','12.1.1','76.0.3809.102','75.0.3770.144','64.0.3282.140','','68.0','12.0','75.0.3770.142'))
GROUP BY 1;
!ok
# Wed Jul 10 19:07:40 IST 2024
SELECT
(COUNT(*)) AS "v0",
(COUNT(*) FILTER (WHERE (CAST(t."app_version" AS VARCHAR)='1.9.6'))) AS "v1"
FROM "kttm_nested" AS t
WHERE (TIMESTAMP '2019-08-24 00:00:00'<=CAST(t."__time" AS TIMESTAMP) AND CAST(t."__time" AS TIMESTAMP)<TIMESTAMP '2019-08-25 00:00:00')
GROUP BY ();
!ok
# Wed Jul 10 19:07:45 IST 2024
SELECT
CAST(JSON_VALUE("t"."event",'$.layer') AS VARCHAR) AS "Layer",
(COUNT(*)) AS "count"
FROM "kttm_nested" AS t
WHERE (TIMESTAMP '2019-08-24 00:00:00'<=CAST(t."__time" AS TIMESTAMP) AND CAST(t."__time" AS TIMESTAMP)<TIMESTAMP '2019-08-26 00:00:00')
GROUP BY 1
ORDER BY "count" DESC
LIMIT 1000;
!ok
# Wed Jul 10 19:07:45 IST 2024
SELECT
CAST(JSON_VALUE("t"."agent",'$.browser_version') AS VARCHAR) AS "Browser_Version",
CAST(JSON_VALUE("t"."event",'$.layer') AS VARCHAR) AS "Layer",
(COUNT(*)) AS "count"
FROM "kttm_nested" AS t
WHERE ((((TIMESTAMP '2019-08-25 00:00:00'<=CAST(t."__time" AS TIMESTAMP) AND CAST(t."__time" AS TIMESTAMP)<TIMESTAMP '2019-08-26 00:00:00') AND (CAST(t."app_version" AS VARCHAR)='1.9.6')) AND CAST(JSON_VALUE("t"."agent",'$.browser_version') AS VARCHAR) IN ('76.0.3809.100','12.1.2','76.0.3809.111','12.1.1','76.0.3809.102','75.0.3770.144','64.0.3282.140','','68.0','12.0','75.0.3770.142')) AND (CAST(JSON_VALUE("t"."event",'$.layer') AS VARCHAR) IS NULL OR CAST(JSON_VALUE("t"."event",'$.layer') AS VARCHAR) IN ('6','5')))
GROUP BY 1,2;
!ok
# Wed Jul 10 19:07:45 IST 2024
SELECT
CAST(JSON_VALUE("t"."agent",'$.browser_version') AS VARCHAR) AS "Browser_Version",
CAST(JSON_VALUE("t"."event",'$.layer') AS VARCHAR) AS "Layer",
(COUNT(*)) AS "count"
FROM "kttm_nested" AS t
WHERE ((((TIMESTAMP '2019-08-24 00:00:00'<=CAST(t."__time" AS TIMESTAMP) AND CAST(t."__time" AS TIMESTAMP)<TIMESTAMP '2019-08-25 00:00:00') AND (CAST(t."app_version" AS VARCHAR)='1.9.6')) AND CAST(JSON_VALUE("t"."agent",'$.browser_version') AS VARCHAR) IN ('76.0.3809.100','12.1.2','76.0.3809.111','12.1.1','76.0.3809.102','75.0.3770.144','64.0.3282.140','','68.0','12.0','75.0.3770.142')) AND (CAST(JSON_VALUE("t"."event",'$.layer') AS VARCHAR) IS NULL OR CAST(JSON_VALUE("t"."event",'$.layer') AS VARCHAR) IN ('6','5')))
GROUP BY 1,2;
!ok
# Wed Jul 10 19:07:45 IST 2024
SELECT
(COUNT(*) FILTER (WHERE ((TIMESTAMP '2019-08-25 00:00:00'<=CAST(t."__time" AS TIMESTAMP) AND CAST(t."__time" AS TIMESTAMP)<TIMESTAMP '2019-08-26 00:00:00') AND CAST(JSON_VALUE("t"."event",'$.layer') AS VARCHAR) IS NULL))) AS "v0",
(COUNT(*) FILTER (WHERE ((TIMESTAMP '2019-08-24 00:00:00'<=CAST(t."__time" AS TIMESTAMP) AND CAST(t."__time" AS TIMESTAMP)<TIMESTAMP '2019-08-25 00:00:00') AND CAST(JSON_VALUE("t"."event",'$.layer') AS VARCHAR) IS NULL))) AS "v1",
(COUNT(*) FILTER (WHERE (((TIMESTAMP '2019-08-25 00:00:00'<=CAST(t."__time" AS TIMESTAMP) AND CAST(t."__time" AS TIMESTAMP)<TIMESTAMP '2019-08-26 00:00:00') AND (CAST(t."app_version" AS VARCHAR)='1.9.6')) AND CAST(JSON_VALUE("t"."event",'$.layer') AS VARCHAR) IS NULL))) AS "v2",
(COUNT(*) FILTER (WHERE (((TIMESTAMP '2019-08-24 00:00:00'<=CAST(t."__time" AS TIMESTAMP) AND CAST(t."__time" AS TIMESTAMP)<TIMESTAMP '2019-08-25 00:00:00') AND (CAST(t."app_version" AS VARCHAR)='1.9.6')) AND CAST(JSON_VALUE("t"."event",'$.layer') AS VARCHAR) IS NULL))) AS "v3",
(COUNT(*) FILTER (WHERE ((TIMESTAMP '2019-08-25 00:00:00'<=CAST(t."__time" AS TIMESTAMP) AND CAST(t."__time" AS TIMESTAMP)<TIMESTAMP '2019-08-26 00:00:00') AND (CAST(JSON_VALUE("t"."event",'$.layer') AS VARCHAR)='6')))) AS "v4",
(COUNT(*) FILTER (WHERE ((TIMESTAMP '2019-08-24 00:00:00'<=CAST(t."__time" AS TIMESTAMP) AND CAST(t."__time" AS TIMESTAMP)<TIMESTAMP '2019-08-25 00:00:00') AND (CAST(JSON_VALUE("t"."event",'$.layer') AS VARCHAR)='6')))) AS "v5",
(COUNT(*) FILTER (WHERE (((TIMESTAMP '2019-08-25 00:00:00'<=CAST(t."__time" AS TIMESTAMP) AND CAST(t."__time" AS TIMESTAMP)<TIMESTAMP '2019-08-26 00:00:00') AND (CAST(t."app_version" AS VARCHAR)='1.9.6')) AND (CAST(JSON_VALUE("t"."event",'$.layer') AS VARCHAR)='6')))) AS "v6",
(COUNT(*) FILTER (WHERE (((TIMESTAMP '2019-08-24 00:00:00'<=CAST(t."__time" AS TIMESTAMP) AND CAST(t."__time" AS TIMESTAMP)<TIMESTAMP '2019-08-25 00:00:00') AND (CAST(t."app_version" AS VARCHAR)='1.9.6')) AND (CAST(JSON_VALUE("t"."event",'$.layer') AS VARCHAR)='6')))) AS "v7",
(COUNT(*) FILTER (WHERE ((TIMESTAMP '2019-08-25 00:00:00'<=CAST(t."__time" AS TIMESTAMP) AND CAST(t."__time" AS TIMESTAMP)<TIMESTAMP '2019-08-26 00:00:00') AND (CAST(JSON_VALUE("t"."event",'$.layer') AS VARCHAR)='5')))) AS "v8",
(COUNT(*) FILTER (WHERE ((TIMESTAMP '2019-08-24 00:00:00'<=CAST(t."__time" AS TIMESTAMP) AND CAST(t."__time" AS TIMESTAMP)<TIMESTAMP '2019-08-25 00:00:00') AND (CAST(JSON_VALUE("t"."event",'$.layer') AS VARCHAR)='5')))) AS "v9",
(COUNT(*) FILTER (WHERE (((TIMESTAMP '2019-08-25 00:00:00'<=CAST(t."__time" AS TIMESTAMP) AND CAST(t."__time" AS TIMESTAMP)<TIMESTAMP '2019-08-26 00:00:00') AND (CAST(t."app_version" AS VARCHAR)='1.9.6')) AND (CAST(JSON_VALUE("t"."event",'$.layer') AS VARCHAR)='5')))) AS "v10",
(COUNT(*) FILTER (WHERE (((TIMESTAMP '2019-08-24 00:00:00'<=CAST(t."__time" AS TIMESTAMP) AND CAST(t."__time" AS TIMESTAMP)<TIMESTAMP '2019-08-25 00:00:00') AND (CAST(t."app_version" AS VARCHAR)='1.9.6')) AND (CAST(JSON_VALUE("t"."event",'$.layer') AS VARCHAR)='5')))) AS "v11"
FROM "kttm_nested" AS t
WHERE ((TIMESTAMP '2019-08-24 00:00:00'<=CAST(t."__time" AS TIMESTAMP) AND CAST(t."__time" AS TIMESTAMP)<TIMESTAMP '2019-08-26 00:00:00') AND (CAST(JSON_VALUE("t"."event",'$.layer') AS VARCHAR) IS NULL OR CAST(JSON_VALUE("t"."event",'$.layer') AS VARCHAR) IN ('6','5')))
GROUP BY ();
!ok
# Wed Jul 10 19:07:49 IST 2024
SELECT
CAST(JSON_VALUE("t"."agent",'$.browser') AS VARCHAR) AS "Browser",
(COUNT(*)) AS "r"
FROM "kttm_nested" AS t
WHERE (TIMESTAMP '2019-08-25 00:00:00'<=CAST(t."__time" AS TIMESTAMP) AND CAST(t."__time" AS TIMESTAMP)<TIMESTAMP '2019-08-26 00:00:00')
GROUP BY 1
ORDER BY "r" DESC
LIMIT 101;
!ok
# Wed Jul 10 19:07:53 IST 2024
SELECT
CAST(t."app_version" AS VARCHAR) AS "app_version",
(COUNT(*)) AS "count"
FROM "kttm_nested" AS t
WHERE ((TIMESTAMP '2019-08-24 00:00:00'<=CAST(t."__time" AS TIMESTAMP) AND CAST(t."__time" AS TIMESTAMP)<TIMESTAMP '2019-08-26 00:00:00') AND CAST(JSON_VALUE("t"."agent",'$.browser') AS VARCHAR) IN ('Chrome','Mobile Safari','Chrome Mobile'))
GROUP BY 1
ORDER BY "count" DESC
LIMIT 1000;
!ok
# Wed Jul 10 19:07:53 IST 2024
SELECT
(COUNT(*) FILTER (WHERE (TIMESTAMP '2019-08-25 00:00:00'<=CAST(t."__time" AS TIMESTAMP) AND CAST(t."__time" AS TIMESTAMP)<TIMESTAMP '2019-08-26 00:00:00'))) AS "v0",
(COUNT(*) FILTER (WHERE (TIMESTAMP '2019-08-24 00:00:00'<=CAST(t."__time" AS TIMESTAMP) AND CAST(t."__time" AS TIMESTAMP)<TIMESTAMP '2019-08-25 00:00:00'))) AS "v1"
FROM "kttm_nested" AS t
WHERE ((TIMESTAMP '2019-08-24 00:00:00'<=CAST(t."__time" AS TIMESTAMP) AND CAST(t."__time" AS TIMESTAMP)<TIMESTAMP '2019-08-26 00:00:00') AND CAST(JSON_VALUE("t"."agent",'$.browser') AS VARCHAR) IN ('Chrome','Mobile Safari','Chrome Mobile'))
GROUP BY ();
!ok
# Wed Jul 10 19:07:53 IST 2024
SELECT
CAST(JSON_VALUE("t"."event",'$.layer') AS VARCHAR) AS "Layer",
(COUNT(*)) AS "count"
FROM "kttm_nested" AS t
WHERE ((TIMESTAMP '2019-08-24 00:00:00'<=CAST(t."__time" AS TIMESTAMP) AND CAST(t."__time" AS TIMESTAMP)<TIMESTAMP '2019-08-26 00:00:00') AND CAST(JSON_VALUE("t"."agent",'$.browser') AS VARCHAR) IN ('Chrome','Mobile Safari','Chrome Mobile'))
GROUP BY 1
ORDER BY "count" DESC
LIMIT 1000;
!ok
# Wed Jul 10 19:07:53 IST 2024
SELECT
CAST(JSON_VALUE("t"."agent",'$.browser_version') AS VARCHAR) AS "Browser_Version",
(COUNT(*)) AS "count"
FROM "kttm_nested" AS t
WHERE (((TIMESTAMP '2019-08-24 00:00:00'<=CAST(t."__time" AS TIMESTAMP) AND CAST(t."__time" AS TIMESTAMP)<TIMESTAMP '2019-08-26 00:00:00') AND CAST(JSON_VALUE("t"."agent",'$.browser') AS VARCHAR) IN ('Chrome','Mobile Safari','Chrome Mobile')) AND (CAST(t."app_version" AS VARCHAR)='1.9.6'))
GROUP BY 1
ORDER BY "count" DESC
LIMIT 1000;
!ok
# Wed Jul 10 19:07:53 IST 2024
SELECT
(COUNT(*) FILTER (WHERE ((TIMESTAMP '2019-08-25 00:00:00'<=CAST(t."__time" AS TIMESTAMP) AND CAST(t."__time" AS TIMESTAMP)<TIMESTAMP '2019-08-26 00:00:00') AND (CAST(t."app_version" AS VARCHAR)='1.9.6')))) AS "v0",
(COUNT(*) FILTER (WHERE ((TIMESTAMP '2019-08-24 00:00:00'<=CAST(t."__time" AS TIMESTAMP) AND CAST(t."__time" AS TIMESTAMP)<TIMESTAMP '2019-08-25 00:00:00') AND (CAST(t."app_version" AS VARCHAR)='1.9.6')))) AS "v1",
(COUNT(*) FILTER (WHERE ((TIMESTAMP '2019-08-25 00:00:00'<=CAST(t."__time" AS TIMESTAMP) AND CAST(t."__time" AS TIMESTAMP)<TIMESTAMP '2019-08-26 00:00:00') AND CAST(JSON_VALUE("t"."event",'$.layer') AS VARCHAR) IS NULL))) AS "v2",
(COUNT(*) FILTER (WHERE ((TIMESTAMP '2019-08-24 00:00:00'<=CAST(t."__time" AS TIMESTAMP) AND CAST(t."__time" AS TIMESTAMP)<TIMESTAMP '2019-08-25 00:00:00') AND CAST(JSON_VALUE("t"."event",'$.layer') AS VARCHAR) IS NULL))) AS "v3",
(COUNT(*) FILTER (WHERE (((TIMESTAMP '2019-08-25 00:00:00'<=CAST(t."__time" AS TIMESTAMP) AND CAST(t."__time" AS TIMESTAMP)<TIMESTAMP '2019-08-26 00:00:00') AND (CAST(t."app_version" AS VARCHAR)='1.9.6')) AND CAST(JSON_VALUE("t"."event",'$.layer') AS VARCHAR) IS NULL))) AS "v4",
(COUNT(*) FILTER (WHERE (((TIMESTAMP '2019-08-24 00:00:00'<=CAST(t."__time" AS TIMESTAMP) AND CAST(t."__time" AS TIMESTAMP)<TIMESTAMP '2019-08-25 00:00:00') AND (CAST(t."app_version" AS VARCHAR)='1.9.6')) AND CAST(JSON_VALUE("t"."event",'$.layer') AS VARCHAR) IS NULL))) AS "v5",
(COUNT(*) FILTER (WHERE ((TIMESTAMP '2019-08-25 00:00:00'<=CAST(t."__time" AS TIMESTAMP) AND CAST(t."__time" AS TIMESTAMP)<TIMESTAMP '2019-08-26 00:00:00') AND (CAST(JSON_VALUE("t"."event",'$.layer') AS VARCHAR)='6')))) AS "v6",
(COUNT(*) FILTER (WHERE ((TIMESTAMP '2019-08-24 00:00:00'<=CAST(t."__time" AS TIMESTAMP) AND CAST(t."__time" AS TIMESTAMP)<TIMESTAMP '2019-08-25 00:00:00') AND (CAST(JSON_VALUE("t"."event",'$.layer') AS VARCHAR)='6')))) AS "v7",
(COUNT(*) FILTER (WHERE (((TIMESTAMP '2019-08-25 00:00:00'<=CAST(t."__time" AS TIMESTAMP) AND CAST(t."__time" AS TIMESTAMP)<TIMESTAMP '2019-08-26 00:00:00') AND (CAST(t."app_version" AS VARCHAR)='1.9.6')) AND (CAST(JSON_VALUE("t"."event",'$.layer') AS VARCHAR)='6')))) AS "v8",
(COUNT(*) FILTER (WHERE (((TIMESTAMP '2019-08-24 00:00:00'<=CAST(t."__time" AS TIMESTAMP) AND CAST(t."__time" AS TIMESTAMP)<TIMESTAMP '2019-08-25 00:00:00') AND (CAST(t."app_version" AS VARCHAR)='1.9.6')) AND (CAST(JSON_VALUE("t"."event",'$.layer') AS VARCHAR)='6')))) AS "v9",
(COUNT(*) FILTER (WHERE ((TIMESTAMP '2019-08-25 00:00:00'<=CAST(t."__time" AS TIMESTAMP) AND CAST(t."__time" AS TIMESTAMP)<TIMESTAMP '2019-08-26 00:00:00') AND (CAST(JSON_VALUE("t"."event",'$.layer') AS VARCHAR)='5')))) AS "v10",
(COUNT(*) FILTER (WHERE ((TIMESTAMP '2019-08-24 00:00:00'<=CAST(t."__time" AS TIMESTAMP) AND CAST(t."__time" AS TIMESTAMP)<TIMESTAMP '2019-08-25 00:00:00') AND (CAST(JSON_VALUE("t"."event",'$.layer') AS VARCHAR)='5')))) AS "v11",
(COUNT(*) FILTER (WHERE (((TIMESTAMP '2019-08-25 00:00:00'<=CAST(t."__time" AS TIMESTAMP) AND CAST(t."__time" AS TIMESTAMP)<TIMESTAMP '2019-08-26 00:00:00') AND (CAST(t."app_version" AS VARCHAR)='1.9.6')) AND (CAST(JSON_VALUE("t"."event",'$.layer') AS VARCHAR)='5')))) AS "v12",
(COUNT(*) FILTER (WHERE (((TIMESTAMP '2019-08-24 00:00:00'<=CAST(t."__time" AS TIMESTAMP) AND CAST(t."__time" AS TIMESTAMP)<TIMESTAMP '2019-08-25 00:00:00') AND (CAST(t."app_version" AS VARCHAR)='1.9.6')) AND (CAST(JSON_VALUE("t"."event",'$.layer') AS VARCHAR)='5')))) AS "v13"
FROM "kttm_nested" AS t
WHERE ((TIMESTAMP '2019-08-24 00:00:00'<=CAST(t."__time" AS TIMESTAMP) AND CAST(t."__time" AS TIMESTAMP)<TIMESTAMP '2019-08-26 00:00:00') AND CAST(JSON_VALUE("t"."agent",'$.browser') AS VARCHAR) IN ('Chrome','Mobile Safari','Chrome Mobile'))
GROUP BY ();
!ok
# Wed Jul 10 19:07:53 IST 2024
SELECT
CAST(JSON_VALUE("t"."agent",'$.browser_version') AS VARCHAR) AS "Browser_Version",
CAST(JSON_VALUE("t"."event",'$.layer') AS VARCHAR) AS "Layer",
(COUNT(*)) AS "count"
FROM "kttm_nested" AS t
WHERE (((((TIMESTAMP '2019-08-25 00:00:00'<=CAST(t."__time" AS TIMESTAMP) AND CAST(t."__time" AS TIMESTAMP)<TIMESTAMP '2019-08-26 00:00:00') AND CAST(JSON_VALUE("t"."agent",'$.browser') AS VARCHAR) IN ('Chrome','Mobile Safari','Chrome Mobile')) AND (CAST(t."app_version" AS VARCHAR)='1.9.6')) AND CAST(JSON_VALUE("t"."agent",'$.browser_version') AS VARCHAR) IN ('76.0.3809.100','12.1.2','76.0.3809.111','76.0.3809.102','75.0.3770.144','12.1.1','64.0.3282.140','','75.0.3770.142','67.0.3396.87','12.0')) AND (CAST(JSON_VALUE("t"."event",'$.layer') AS VARCHAR) IS NULL OR CAST(JSON_VALUE("t"."event",'$.layer') AS VARCHAR) IN ('6','5')))
GROUP BY 1,2;
!ok
# Wed Jul 10 19:07:53 IST 2024
SELECT
CAST(JSON_VALUE("t"."agent",'$.browser_version') AS VARCHAR) AS "Browser_Version",
CAST(JSON_VALUE("t"."event",'$.layer') AS VARCHAR) AS "Layer",
(COUNT(*)) AS "count"
FROM "kttm_nested" AS t
WHERE (((((TIMESTAMP '2019-08-24 00:00:00'<=CAST(t."__time" AS TIMESTAMP) AND CAST(t."__time" AS TIMESTAMP)<TIMESTAMP '2019-08-25 00:00:00') AND CAST(JSON_VALUE("t"."agent",'$.browser') AS VARCHAR) IN ('Chrome','Mobile Safari','Chrome Mobile')) AND (CAST(t."app_version" AS VARCHAR)='1.9.6')) AND CAST(JSON_VALUE("t"."agent",'$.browser_version') AS VARCHAR) IN ('76.0.3809.100','12.1.2','76.0.3809.111','76.0.3809.102','75.0.3770.144','12.1.1','64.0.3282.140','','75.0.3770.142','67.0.3396.87','12.0')) AND (CAST(JSON_VALUE("t"."event",'$.layer') AS VARCHAR) IS NULL OR CAST(JSON_VALUE("t"."event",'$.layer') AS VARCHAR) IN ('6','5')))
GROUP BY 1,2;
!ok
# Wed Jul 10 19:07:53 IST 2024
SELECT
CAST(JSON_VALUE("t"."agent",'$.browser_version') AS VARCHAR) AS "Browser_Version",
(COUNT(*)) AS "count"
FROM "kttm_nested" AS t
WHERE ((((TIMESTAMP '2019-08-25 00:00:00'<=CAST(t."__time" AS TIMESTAMP) AND CAST(t."__time" AS TIMESTAMP)<TIMESTAMP '2019-08-26 00:00:00') AND CAST(JSON_VALUE("t"."agent",'$.browser') AS VARCHAR) IN ('Chrome','Mobile Safari','Chrome Mobile')) AND (CAST(t."app_version" AS VARCHAR)='1.9.6')) AND CAST(JSON_VALUE("t"."agent",'$.browser_version') AS VARCHAR) IN ('76.0.3809.100','12.1.2','76.0.3809.111','76.0.3809.102','75.0.3770.144','12.1.1','64.0.3282.140','','75.0.3770.142','67.0.3396.87','12.0'))
GROUP BY 1;
!ok
# Wed Jul 10 19:07:53 IST 2024
SELECT
CAST(JSON_VALUE("t"."agent",'$.browser_version') AS VARCHAR) AS "Browser_Version",
(COUNT(*)) AS "count"
FROM "kttm_nested" AS t
WHERE ((((TIMESTAMP '2019-08-24 00:00:00'<=CAST(t."__time" AS TIMESTAMP) AND CAST(t."__time" AS TIMESTAMP)<TIMESTAMP '2019-08-25 00:00:00') AND CAST(JSON_VALUE("t"."agent",'$.browser') AS VARCHAR) IN ('Chrome','Mobile Safari','Chrome Mobile')) AND (CAST(t."app_version" AS VARCHAR)='1.9.6')) AND CAST(JSON_VALUE("t"."agent",'$.browser_version') AS VARCHAR) IN ('76.0.3809.100','12.1.2','76.0.3809.111','76.0.3809.102','75.0.3770.144','12.1.1','64.0.3282.140','','75.0.3770.142','67.0.3396.87','12.0'))
GROUP BY 1;
!ok
# Wed Jul 10 19:08:00 IST 2024
SELECT
CAST(JSON_VALUE("t"."agent",'$.os') AS VARCHAR) AS "Os",
(COUNT(*)) AS "count"
FROM "kttm_nested" AS t
WHERE (((TIMESTAMP '2019-08-24 00:00:00'<=CAST(t."__time" AS TIMESTAMP) AND CAST(t."__time" AS TIMESTAMP)<TIMESTAMP '2019-08-26 00:00:00') AND CAST(JSON_VALUE("t"."agent",'$.browser') AS VARCHAR) IN ('Chrome','Mobile Safari','Chrome Mobile')) AND (CAST(JSON_VALUE("t"."event",'$.layer') AS VARCHAR)='6'))
GROUP BY 1
ORDER BY "count" DESC
LIMIT 1000;
!ok
# Wed Jul 10 19:08:00 IST 2024
SELECT
CAST(JSON_VALUE("t"."agent",'$.os') AS VARCHAR) AS "Os",
(COUNT(*)) AS "count"
FROM "kttm_nested" AS t
WHERE (((TIMESTAMP '2019-08-24 00:00:00'<=CAST(t."__time" AS TIMESTAMP) AND CAST(t."__time" AS TIMESTAMP)<TIMESTAMP '2019-08-26 00:00:00') AND CAST(JSON_VALUE("t"."agent",'$.browser') AS VARCHAR) IN ('Chrome','Mobile Safari','Chrome Mobile')) AND CAST(JSON_VALUE("t"."event",'$.layer') AS VARCHAR) IS NULL)
GROUP BY 1
ORDER BY "count" DESC
LIMIT 1000;
!ok
# Wed Jul 10 19:08:00 IST 2024
SELECT
CAST(JSON_VALUE("t"."agent",'$.os') AS VARCHAR) AS "Os",
(COUNT(*)) AS "count"
FROM "kttm_nested" AS t
WHERE (((TIMESTAMP '2019-08-24 00:00:00'<=CAST(t."__time" AS TIMESTAMP) AND CAST(t."__time" AS TIMESTAMP)<TIMESTAMP '2019-08-26 00:00:00') AND CAST(JSON_VALUE("t"."agent",'$.browser') AS VARCHAR) IN ('Chrome','Mobile Safari','Chrome Mobile')) AND (CAST(JSON_VALUE("t"."event",'$.layer') AS VARCHAR)='5'))
GROUP BY 1
ORDER BY "count" DESC
LIMIT 1000;
!ok
# Wed Jul 10 19:08:00 IST 2024
SELECT
CAST(JSON_VALUE("t"."agent",'$.browser_version') AS VARCHAR) AS "Browser_Version",
(COUNT(*)) AS "count"
FROM "kttm_nested" AS t
WHERE ((((((TIMESTAMP '2019-08-25 00:00:00'<=CAST(t."__time" AS TIMESTAMP) AND CAST(t."__time" AS TIMESTAMP)<TIMESTAMP '2019-08-26 00:00:00') AND CAST(JSON_VALUE("t"."agent",'$.browser') AS VARCHAR) IN ('Chrome','Mobile Safari','Chrome Mobile')) AND (CAST(t."app_version" AS VARCHAR)='1.9.6')) AND CAST(JSON_VALUE("t"."agent",'$.browser_version') AS VARCHAR) IN ('76.0.3809.100','12.1.2','76.0.3809.111','76.0.3809.102','75.0.3770.144','12.1.1','64.0.3282.140','','75.0.3770.142','67.0.3396.87','12.0')) AND (CAST(JSON_VALUE("t"."event",'$.layer') AS VARCHAR)='6')) AND (CAST(JSON_VALUE("t"."agent",'$.os') AS VARCHAR)='iOS'))
GROUP BY 1;
!ok
# Wed Jul 10 19:08:00 IST 2024
SELECT
CAST(JSON_VALUE("t"."agent",'$.browser_version') AS VARCHAR) AS "Browser_Version",
CAST(JSON_VALUE("t"."agent",'$.os') AS VARCHAR) AS "Os",
(COUNT(*)) AS "count"
FROM "kttm_nested" AS t
WHERE ((((((TIMESTAMP '2019-08-25 00:00:00'<=CAST(t."__time" AS TIMESTAMP) AND CAST(t."__time" AS TIMESTAMP)<TIMESTAMP '2019-08-26 00:00:00') AND CAST(JSON_VALUE("t"."agent",'$.browser') AS VARCHAR) IN ('Chrome','Mobile Safari','Chrome Mobile')) AND (CAST(t."app_version" AS VARCHAR)='1.9.6')) AND CAST(JSON_VALUE("t"."agent",'$.browser_version') AS VARCHAR) IN ('76.0.3809.100','12.1.2','76.0.3809.111','76.0.3809.102','75.0.3770.144','12.1.1','64.0.3282.140','','75.0.3770.142','67.0.3396.87')) AND CAST(JSON_VALUE("t"."event",'$.layer') AS VARCHAR) IS NULL) AND CAST(JSON_VALUE("t"."agent",'$.os') AS VARCHAR) IN ('Windows','iOS'))
GROUP BY 1,2;
!ok
# Wed Jul 10 19:08:00 IST 2024
SELECT
CAST(JSON_VALUE("t"."agent",'$.browser_version') AS VARCHAR) AS "Browser_Version",
CAST(JSON_VALUE("t"."agent",'$.os') AS VARCHAR) AS "Os",
(COUNT(*)) AS "count"
FROM "kttm_nested" AS t
WHERE ((((((TIMESTAMP '2019-08-24 00:00:00'<=CAST(t."__time" AS TIMESTAMP) AND CAST(t."__time" AS TIMESTAMP)<TIMESTAMP '2019-08-25 00:00:00') AND CAST(JSON_VALUE("t"."agent",'$.browser') AS VARCHAR) IN ('Chrome','Mobile Safari','Chrome Mobile')) AND (CAST(t."app_version" AS VARCHAR)='1.9.6')) AND CAST(JSON_VALUE("t"."agent",'$.browser_version') AS VARCHAR) IN ('76.0.3809.100','12.1.2','76.0.3809.111','76.0.3809.102','75.0.3770.144','12.1.1','64.0.3282.140','','75.0.3770.142','67.0.3396.87')) AND CAST(JSON_VALUE("t"."event",'$.layer') AS VARCHAR) IS NULL) AND CAST(JSON_VALUE("t"."agent",'$.os') AS VARCHAR) IN ('Windows','iOS'))
GROUP BY 1,2;
!ok
# Wed Jul 10 19:08:00 IST 2024
SELECT
(COUNT(*) FILTER (WHERE ((TIMESTAMP '2019-08-25 00:00:00'<=CAST(t."__time" AS TIMESTAMP) AND CAST(t."__time" AS TIMESTAMP)<TIMESTAMP '2019-08-26 00:00:00') AND (CAST(JSON_VALUE("t"."agent",'$.os') AS VARCHAR)='Windows')))) AS "v0",
(COUNT(*) FILTER (WHERE ((TIMESTAMP '2019-08-24 00:00:00'<=CAST(t."__time" AS TIMESTAMP) AND CAST(t."__time" AS TIMESTAMP)<TIMESTAMP '2019-08-25 00:00:00') AND (CAST(JSON_VALUE("t"."agent",'$.os') AS VARCHAR)='Windows')))) AS "v1",
(COUNT(*) FILTER (WHERE (((TIMESTAMP '2019-08-25 00:00:00'<=CAST(t."__time" AS TIMESTAMP) AND CAST(t."__time" AS TIMESTAMP)<TIMESTAMP '2019-08-26 00:00:00') AND (CAST(t."app_version" AS VARCHAR)='1.9.6')) AND (CAST(JSON_VALUE("t"."agent",'$.os') AS VARCHAR)='Windows')))) AS "v2",
(COUNT(*) FILTER (WHERE (((TIMESTAMP '2019-08-24 00:00:00'<=CAST(t."__time" AS TIMESTAMP) AND CAST(t."__time" AS TIMESTAMP)<TIMESTAMP '2019-08-25 00:00:00') AND (CAST(t."app_version" AS VARCHAR)='1.9.6')) AND (CAST(JSON_VALUE("t"."agent",'$.os') AS VARCHAR)='Windows')))) AS "v3",
(COUNT(*) FILTER (WHERE ((TIMESTAMP '2019-08-25 00:00:00'<=CAST(t."__time" AS TIMESTAMP) AND CAST(t."__time" AS TIMESTAMP)<TIMESTAMP '2019-08-26 00:00:00') AND (CAST(JSON_VALUE("t"."agent",'$.os') AS VARCHAR)='iOS')))) AS "v4",
(COUNT(*) FILTER (WHERE ((TIMESTAMP '2019-08-24 00:00:00'<=CAST(t."__time" AS TIMESTAMP) AND CAST(t."__time" AS TIMESTAMP)<TIMESTAMP '2019-08-25 00:00:00') AND (CAST(JSON_VALUE("t"."agent",'$.os') AS VARCHAR)='iOS')))) AS "v5",
(COUNT(*) FILTER (WHERE (((TIMESTAMP '2019-08-25 00:00:00'<=CAST(t."__time" AS TIMESTAMP) AND CAST(t."__time" AS TIMESTAMP)<TIMESTAMP '2019-08-26 00:00:00') AND (CAST(t."app_version" AS VARCHAR)='1.9.6')) AND (CAST(JSON_VALUE("t"."agent",'$.os') AS VARCHAR)='iOS')))) AS "v6",
(COUNT(*) FILTER (WHERE (((TIMESTAMP '2019-08-24 00:00:00'<=CAST(t."__time" AS TIMESTAMP) AND CAST(t."__time" AS TIMESTAMP)<TIMESTAMP '2019-08-25 00:00:00') AND (CAST(t."app_version" AS VARCHAR)='1.9.6')) AND (CAST(JSON_VALUE("t"."agent",'$.os') AS VARCHAR)='iOS')))) AS "v7"
FROM "kttm_nested" AS t
WHERE ((((TIMESTAMP '2019-08-24 00:00:00'<=CAST(t."__time" AS TIMESTAMP) AND CAST(t."__time" AS TIMESTAMP)<TIMESTAMP '2019-08-26 00:00:00') AND CAST(JSON_VALUE("t"."agent",'$.browser') AS VARCHAR) IN ('Chrome','Mobile Safari','Chrome Mobile')) AND CAST(JSON_VALUE("t"."event",'$.layer') AS VARCHAR) IS NULL) AND CAST(JSON_VALUE("t"."agent",'$.os') AS VARCHAR) IN ('Windows','iOS'))
GROUP BY ();
!ok
# Wed Jul 10 19:08:09 IST 2024
SELECT TABLE_NAME, COLUMN_NAME, DATA_TYPE FROM INFORMATION_SCHEMA.COLUMNS WHERE TABLE_SCHEMA = 'druid';
!ok
# Wed Jul 10 19:08:09 IST 2024
SELECT
(SUM(t."session_length") FILTER (WHERE (TIMESTAMP '2019-08-25 00:00:00'<=CAST(t."__time" AS TIMESTAMP) AND CAST(t."__time" AS TIMESTAMP)<TIMESTAMP '2019-08-26 00:00:00'))) AS "v0",
(SUM(t."session_length") FILTER (WHERE (TIMESTAMP '2019-08-24 00:00:00'<=CAST(t."__time" AS TIMESTAMP) AND CAST(t."__time" AS TIMESTAMP)<TIMESTAMP '2019-08-25 00:00:00'))) AS "v1",
(SUM(t."session_length") FILTER (WHERE ((TIMESTAMP '2019-08-25 00:00:00'<=CAST(t."__time" AS TIMESTAMP) AND CAST(t."__time" AS TIMESTAMP)<TIMESTAMP '2019-08-26 00:00:00') AND (CAST(t."app_version" AS VARCHAR)='1.9.6')))) AS "v2",
(SUM(t."session_length") FILTER (WHERE ((TIMESTAMP '2019-08-24 00:00:00'<=CAST(t."__time" AS TIMESTAMP) AND CAST(t."__time" AS TIMESTAMP)<TIMESTAMP '2019-08-25 00:00:00') AND (CAST(t."app_version" AS VARCHAR)='1.9.6')))) AS "v3",
(SUM(t."session_length") FILTER (WHERE (((TIMESTAMP '2019-08-25 00:00:00'<=CAST(t."__time" AS TIMESTAMP) AND CAST(t."__time" AS TIMESTAMP)<TIMESTAMP '2019-08-26 00:00:00') AND (CAST(t."app_version" AS VARCHAR)='1.9.6')) AND (CAST(JSON_VALUE("t"."agent",'$.browser_version') AS VARCHAR)='76.0.3809.100')))) AS "v4",
(SUM(t."session_length") FILTER (WHERE (((TIMESTAMP '2019-08-24 00:00:00'<=CAST(t."__time" AS TIMESTAMP) AND CAST(t."__time" AS TIMESTAMP)<TIMESTAMP '2019-08-25 00:00:00') AND (CAST(t."app_version" AS VARCHAR)='1.9.6')) AND (CAST(JSON_VALUE("t"."agent",'$.browser_version') AS VARCHAR)='76.0.3809.100')))) AS "v5",
(SUM(t."session_length") FILTER (WHERE (((TIMESTAMP '2019-08-25 00:00:00'<=CAST(t."__time" AS TIMESTAMP) AND CAST(t."__time" AS TIMESTAMP)<TIMESTAMP '2019-08-26 00:00:00') AND (CAST(t."app_version" AS VARCHAR)='1.9.6')) AND (CAST(JSON_VALUE("t"."agent",'$.browser_version') AS VARCHAR)='12.1.2')))) AS "v6",
(SUM(t."session_length") FILTER (WHERE (((TIMESTAMP '2019-08-24 00:00:00'<=CAST(t."__time" AS TIMESTAMP) AND CAST(t."__time" AS TIMESTAMP)<TIMESTAMP '2019-08-25 00:00:00') AND (CAST(t."app_version" AS VARCHAR)='1.9.6')) AND (CAST(JSON_VALUE("t"."agent",'$.browser_version') AS VARCHAR)='12.1.2')))) AS "v7",
(SUM(t."session_length") FILTER (WHERE (((TIMESTAMP '2019-08-25 00:00:00'<=CAST(t."__time" AS TIMESTAMP) AND CAST(t."__time" AS TIMESTAMP)<TIMESTAMP '2019-08-26 00:00:00') AND (CAST(t."app_version" AS VARCHAR)='1.9.6')) AND (CAST(JSON_VALUE("t"."agent",'$.browser_version') AS VARCHAR)='76.0.3809.111')))) AS "v8",
(SUM(t."session_length") FILTER (WHERE (((TIMESTAMP '2019-08-24 00:00:00'<=CAST(t."__time" AS TIMESTAMP) AND CAST(t."__time" AS TIMESTAMP)<TIMESTAMP '2019-08-25 00:00:00') AND (CAST(t."app_version" AS VARCHAR)='1.9.6')) AND (CAST(JSON_VALUE("t"."agent",'$.browser_version') AS VARCHAR)='76.0.3809.111')))) AS "v9",
(SUM(t."session_length") FILTER (WHERE (((TIMESTAMP '2019-08-25 00:00:00'<=CAST(t."__time" AS TIMESTAMP) AND CAST(t."__time" AS TIMESTAMP)<TIMESTAMP '2019-08-26 00:00:00') AND (CAST(t."app_version" AS VARCHAR)='1.9.6')) AND (CAST(JSON_VALUE("t"."agent",'$.browser_version') AS VARCHAR)='76.0.3809.102')))) AS "v10",
(SUM(t."session_length") FILTER (WHERE (((TIMESTAMP '2019-08-24 00:00:00'<=CAST(t."__time" AS TIMESTAMP) AND CAST(t."__time" AS TIMESTAMP)<TIMESTAMP '2019-08-25 00:00:00') AND (CAST(t."app_version" AS VARCHAR)='1.9.6')) AND (CAST(JSON_VALUE("t"."agent",'$.browser_version') AS VARCHAR)='76.0.3809.102')))) AS "v11",
(SUM(t."session_length") FILTER (WHERE (((TIMESTAMP '2019-08-25 00:00:00'<=CAST(t."__time" AS TIMESTAMP) AND CAST(t."__time" AS TIMESTAMP)<TIMESTAMP '2019-08-26 00:00:00') AND (CAST(t."app_version" AS VARCHAR)='1.9.6')) AND (CAST(JSON_VALUE("t"."agent",'$.browser_version') AS VARCHAR)='75.0.3770.144')))) AS "v12",
(SUM(t."session_length") FILTER (WHERE (((TIMESTAMP '2019-08-24 00:00:00'<=CAST(t."__time" AS TIMESTAMP) AND CAST(t."__time" AS TIMESTAMP)<TIMESTAMP '2019-08-25 00:00:00') AND (CAST(t."app_version" AS VARCHAR)='1.9.6')) AND (CAST(JSON_VALUE("t"."agent",'$.browser_version') AS VARCHAR)='75.0.3770.144')))) AS "v13",
(SUM(t."session_length") FILTER (WHERE (((TIMESTAMP '2019-08-25 00:00:00'<=CAST(t."__time" AS TIMESTAMP) AND CAST(t."__time" AS TIMESTAMP)<TIMESTAMP '2019-08-26 00:00:00') AND (CAST(t."app_version" AS VARCHAR)='1.9.6')) AND (CAST(JSON_VALUE("t"."agent",'$.browser_version') AS VARCHAR)='12.1.1')))) AS "v14",
(SUM(t."session_length") FILTER (WHERE (((TIMESTAMP '2019-08-24 00:00:00'<=CAST(t."__time" AS TIMESTAMP) AND CAST(t."__time" AS TIMESTAMP)<TIMESTAMP '2019-08-25 00:00:00') AND (CAST(t."app_version" AS VARCHAR)='1.9.6')) AND (CAST(JSON_VALUE("t"."agent",'$.browser_version') AS VARCHAR)='12.1.1')))) AS "v15",
(SUM(t."session_length") FILTER (WHERE (((TIMESTAMP '2019-08-25 00:00:00'<=CAST(t."__time" AS TIMESTAMP) AND CAST(t."__time" AS TIMESTAMP)<TIMESTAMP '2019-08-26 00:00:00') AND (CAST(t."app_version" AS VARCHAR)='1.9.6')) AND (CAST(JSON_VALUE("t"."agent",'$.browser_version') AS VARCHAR)='64.0.3282.140')))) AS "v16",
(SUM(t."session_length") FILTER (WHERE (((TIMESTAMP '2019-08-24 00:00:00'<=CAST(t."__time" AS TIMESTAMP) AND CAST(t."__time" AS TIMESTAMP)<TIMESTAMP '2019-08-25 00:00:00') AND (CAST(t."app_version" AS VARCHAR)='1.9.6')) AND (CAST(JSON_VALUE("t"."agent",'$.browser_version') AS VARCHAR)='64.0.3282.140')))) AS "v17",
(SUM(t."session_length") FILTER (WHERE (((TIMESTAMP '2019-08-25 00:00:00'<=CAST(t."__time" AS TIMESTAMP) AND CAST(t."__time" AS TIMESTAMP)<TIMESTAMP '2019-08-26 00:00:00') AND (CAST(t."app_version" AS VARCHAR)='1.9.6')) AND (CAST(JSON_VALUE("t"."agent",'$.browser_version') AS VARCHAR)='')))) AS "v18",
(SUM(t."session_length") FILTER (WHERE (((TIMESTAMP '2019-08-24 00:00:00'<=CAST(t."__time" AS TIMESTAMP) AND CAST(t."__time" AS TIMESTAMP)<TIMESTAMP '2019-08-25 00:00:00') AND (CAST(t."app_version" AS VARCHAR)='1.9.6')) AND (CAST(JSON_VALUE("t"."agent",'$.browser_version') AS VARCHAR)='')))) AS "v19",
(SUM(t."session_length") FILTER (WHERE (((TIMESTAMP '2019-08-25 00:00:00'<=CAST(t."__time" AS TIMESTAMP) AND CAST(t."__time" AS TIMESTAMP)<TIMESTAMP '2019-08-26 00:00:00') AND (CAST(t."app_version" AS VARCHAR)='1.9.6')) AND (CAST(JSON_VALUE("t"."agent",'$.browser_version') AS VARCHAR)='75.0.3770.142')))) AS "v20",
(SUM(t."session_length") FILTER (WHERE (((TIMESTAMP '2019-08-24 00:00:00'<=CAST(t."__time" AS TIMESTAMP) AND CAST(t."__time" AS TIMESTAMP)<TIMESTAMP '2019-08-25 00:00:00') AND (CAST(t."app_version" AS VARCHAR)='1.9.6')) AND (CAST(JSON_VALUE("t"."agent",'$.browser_version') AS VARCHAR)='75.0.3770.142')))) AS "v21",
(SUM(t."session_length") FILTER (WHERE ((TIMESTAMP '2019-08-25 00:00:00'<=CAST(t."__time" AS TIMESTAMP) AND CAST(t."__time" AS TIMESTAMP)<TIMESTAMP '2019-08-26 00:00:00') AND CAST(JSON_VALUE("t"."event",'$.layer') AS VARCHAR) IS NULL))) AS "v22",
(SUM(t."session_length") FILTER (WHERE ((TIMESTAMP '2019-08-24 00:00:00'<=CAST(t."__time" AS TIMESTAMP) AND CAST(t."__time" AS TIMESTAMP)<TIMESTAMP '2019-08-25 00:00:00') AND CAST(JSON_VALUE("t"."event",'$.layer') AS VARCHAR) IS NULL))) AS "v23",
(SUM(t."session_length") FILTER (WHERE (((TIMESTAMP '2019-08-25 00:00:00'<=CAST(t."__time" AS TIMESTAMP) AND CAST(t."__time" AS TIMESTAMP)<TIMESTAMP '2019-08-26 00:00:00') AND (CAST(t."app_version" AS VARCHAR)='1.9.6')) AND CAST(JSON_VALUE("t"."event",'$.layer') AS VARCHAR) IS NULL))) AS "v24",
(SUM(t."session_length") FILTER (WHERE (((TIMESTAMP '2019-08-24 00:00:00'<=CAST(t."__time" AS TIMESTAMP) AND CAST(t."__time" AS TIMESTAMP)<TIMESTAMP '2019-08-25 00:00:00') AND (CAST(t."app_version" AS VARCHAR)='1.9.6')) AND CAST(JSON_VALUE("t"."event",'$.layer') AS VARCHAR) IS NULL))) AS "v25",
(SUM(t."session_length") FILTER (WHERE ((((TIMESTAMP '2019-08-25 00:00:00'<=CAST(t."__time" AS TIMESTAMP) AND CAST(t."__time" AS TIMESTAMP)<TIMESTAMP '2019-08-26 00:00:00') AND (CAST(t."app_version" AS VARCHAR)='1.9.6')) AND (CAST(JSON_VALUE("t"."agent",'$.browser_version') AS VARCHAR)='76.0.3809.100')) AND CAST(JSON_VALUE("t"."event",'$.layer') AS VARCHAR) IS NULL))) AS "v26",
(SUM(t."session_length") FILTER (WHERE ((((TIMESTAMP '2019-08-24 00:00:00'<=CAST(t."__time" AS TIMESTAMP) AND CAST(t."__time" AS TIMESTAMP)<TIMESTAMP '2019-08-25 00:00:00') AND (CAST(t."app_version" AS VARCHAR)='1.9.6')) AND (CAST(JSON_VALUE("t"."agent",'$.browser_version') AS VARCHAR)='76.0.3809.100')) AND CAST(JSON_VALUE("t"."event",'$.layer') AS VARCHAR) IS NULL))) AS "v27",
(SUM(t."session_length") FILTER (WHERE ((((TIMESTAMP '2019-08-25 00:00:00'<=CAST(t."__time" AS TIMESTAMP) AND CAST(t."__time" AS TIMESTAMP)<TIMESTAMP '2019-08-26 00:00:00') AND (CAST(t."app_version" AS VARCHAR)='1.9.6')) AND (CAST(JSON_VALUE("t"."agent",'$.browser_version') AS VARCHAR)='12.1.2')) AND CAST(JSON_VALUE("t"."event",'$.layer') AS VARCHAR) IS NULL))) AS "v28",
(SUM(t."session_length") FILTER (WHERE ((((TIMESTAMP '2019-08-24 00:00:00'<=CAST(t."__time" AS TIMESTAMP) AND CAST(t."__time" AS TIMESTAMP)<TIMESTAMP '2019-08-25 00:00:00') AND (CAST(t."app_version" AS VARCHAR)='1.9.6')) AND (CAST(JSON_VALUE("t"."agent",'$.browser_version') AS VARCHAR)='12.1.2')) AND CAST(JSON_VALUE("t"."event",'$.layer') AS VARCHAR) IS NULL))) AS "v29",
(SUM(t."session_length") FILTER (WHERE ((((TIMESTAMP '2019-08-25 00:00:00'<=CAST(t."__time" AS TIMESTAMP) AND CAST(t."__time" AS TIMESTAMP)<TIMESTAMP '2019-08-26 00:00:00') AND (CAST(t."app_version" AS VARCHAR)='1.9.6')) AND (CAST(JSON_VALUE("t"."agent",'$.browser_version') AS VARCHAR)='76.0.3809.111')) AND CAST(JSON_VALUE("t"."event",'$.layer') AS VARCHAR) IS NULL))) AS "v30",
(SUM(t."session_length") FILTER (WHERE ((((TIMESTAMP '2019-08-24 00:00:00'<=CAST(t."__time" AS TIMESTAMP) AND CAST(t."__time" AS TIMESTAMP)<TIMESTAMP '2019-08-25 00:00:00') AND (CAST(t."app_version" AS VARCHAR)='1.9.6')) AND (CAST(JSON_VALUE("t"."agent",'$.browser_version') AS VARCHAR)='76.0.3809.111')) AND CAST(JSON_VALUE("t"."event",'$.layer') AS VARCHAR) IS NULL))) AS "v31",
(SUM(t."session_length") FILTER (WHERE ((((TIMESTAMP '2019-08-25 00:00:00'<=CAST(t."__time" AS TIMESTAMP) AND CAST(t."__time" AS TIMESTAMP)<TIMESTAMP '2019-08-26 00:00:00') AND (CAST(t."app_version" AS VARCHAR)='1.9.6')) AND (CAST(JSON_VALUE("t"."agent",'$.browser_version') AS VARCHAR)='76.0.3809.102')) AND CAST(JSON_VALUE("t"."event",'$.layer') AS VARCHAR) IS NULL))) AS "v32",
(SUM(t."session_length") FILTER (WHERE ((((TIMESTAMP '2019-08-24 00:00:00'<=CAST(t."__time" AS TIMESTAMP) AND CAST(t."__time" AS TIMESTAMP)<TIMESTAMP '2019-08-25 00:00:00') AND (CAST(t."app_version" AS VARCHAR)='1.9.6')) AND (CAST(JSON_VALUE("t"."agent",'$.browser_version') AS VARCHAR)='76.0.3809.102')) AND CAST(JSON_VALUE("t"."event",'$.layer') AS VARCHAR) IS NULL))) AS "v33",
(SUM(t."session_length") FILTER (WHERE ((((TIMESTAMP '2019-08-25 00:00:00'<=CAST(t."__time" AS TIMESTAMP) AND CAST(t."__time" AS TIMESTAMP)<TIMESTAMP '2019-08-26 00:00:00') AND (CAST(t."app_version" AS VARCHAR)='1.9.6')) AND (CAST(JSON_VALUE("t"."agent",'$.browser_version') AS VARCHAR)='75.0.3770.144')) AND CAST(JSON_VALUE("t"."event",'$.layer') AS VARCHAR) IS NULL))) AS "v34",
(SUM(t."session_length") FILTER (WHERE ((((TIMESTAMP '2019-08-24 00:00:00'<=CAST(t."__time" AS TIMESTAMP) AND CAST(t."__time" AS TIMESTAMP)<TIMESTAMP '2019-08-25 00:00:00') AND (CAST(t."app_version" AS VARCHAR)='1.9.6')) AND (CAST(JSON_VALUE("t"."agent",'$.browser_version') AS VARCHAR)='75.0.3770.144')) AND CAST(JSON_VALUE("t"."event",'$.layer') AS VARCHAR) IS NULL))) AS "v35",
(SUM(t."session_length") FILTER (WHERE ((((TIMESTAMP '2019-08-25 00:00:00'<=CAST(t."__time" AS TIMESTAMP) AND CAST(t."__time" AS TIMESTAMP)<TIMESTAMP '2019-08-26 00:00:00') AND (CAST(t."app_version" AS VARCHAR)='1.9.6')) AND (CAST(JSON_VALUE("t"."agent",'$.browser_version') AS VARCHAR)='12.1.1')) AND CAST(JSON_VALUE("t"."event",'$.layer') AS VARCHAR) IS NULL))) AS "v36",
(SUM(t."session_length") FILTER (WHERE ((((TIMESTAMP '2019-08-24 00:00:00'<=CAST(t."__time" AS TIMESTAMP) AND CAST(t."__time" AS TIMESTAMP)<TIMESTAMP '2019-08-25 00:00:00') AND (CAST(t."app_version" AS VARCHAR)='1.9.6')) AND (CAST(JSON_VALUE("t"."agent",'$.browser_version') AS VARCHAR)='12.1.1')) AND CAST(JSON_VALUE("t"."event",'$.layer') AS VARCHAR) IS NULL))) AS "v37",
(SUM(t."session_length") FILTER (WHERE ((((TIMESTAMP '2019-08-25 00:00:00'<=CAST(t."__time" AS TIMESTAMP) AND CAST(t."__time" AS TIMESTAMP)<TIMESTAMP '2019-08-26 00:00:00') AND (CAST(t."app_version" AS VARCHAR)='1.9.6')) AND (CAST(JSON_VALUE("t"."agent",'$.browser_version') AS VARCHAR)='64.0.3282.140')) AND CAST(JSON_VALUE("t"."event",'$.layer') AS VARCHAR) IS NULL))) AS "v38",
(SUM(t."session_length") FILTER (WHERE ((((TIMESTAMP '2019-08-24 00:00:00'<=CAST(t."__time" AS TIMESTAMP) AND CAST(t."__time" AS TIMESTAMP)<TIMESTAMP '2019-08-25 00:00:00') AND (CAST(t."app_version" AS VARCHAR)='1.9.6')) AND (CAST(JSON_VALUE("t"."agent",'$.browser_version') AS VARCHAR)='64.0.3282.140')) AND CAST(JSON_VALUE("t"."event",'$.layer') AS VARCHAR) IS NULL))) AS "v39",
(SUM(t."session_length") FILTER (WHERE ((((TIMESTAMP '2019-08-25 00:00:00'<=CAST(t."__time" AS TIMESTAMP) AND CAST(t."__time" AS TIMESTAMP)<TIMESTAMP '2019-08-26 00:00:00') AND (CAST(t."app_version" AS VARCHAR)='1.9.6')) AND (CAST(JSON_VALUE("t"."agent",'$.browser_version') AS VARCHAR)='')) AND CAST(JSON_VALUE("t"."event",'$.layer') AS VARCHAR) IS NULL))) AS "v40",
(SUM(t."session_length") FILTER (WHERE ((((TIMESTAMP '2019-08-24 00:00:00'<=CAST(t."__time" AS TIMESTAMP) AND CAST(t."__time" AS TIMESTAMP)<TIMESTAMP '2019-08-25 00:00:00') AND (CAST(t."app_version" AS VARCHAR)='1.9.6')) AND (CAST(JSON_VALUE("t"."agent",'$.browser_version') AS VARCHAR)='')) AND CAST(JSON_VALUE("t"."event",'$.layer') AS VARCHAR) IS NULL))) AS "v41",
(SUM(t."session_length") FILTER (WHERE ((((TIMESTAMP '2019-08-25 00:00:00'<=CAST(t."__time" AS TIMESTAMP) AND CAST(t."__time" AS TIMESTAMP)<TIMESTAMP '2019-08-26 00:00:00') AND (CAST(t."app_version" AS VARCHAR)='1.9.6')) AND (CAST(JSON_VALUE("t"."agent",'$.browser_version') AS VARCHAR)='75.0.3770.142')) AND CAST(JSON_VALUE("t"."event",'$.layer') AS VARCHAR) IS NULL))) AS "v42",
(SUM(t."session_length") FILTER (WHERE ((((TIMESTAMP '2019-08-24 00:00:00'<=CAST(t."__time" AS TIMESTAMP) AND CAST(t."__time" AS TIMESTAMP)<TIMESTAMP '2019-08-25 00:00:00') AND (CAST(t."app_version" AS VARCHAR)='1.9.6')) AND (CAST(JSON_VALUE("t"."agent",'$.browser_version') AS VARCHAR)='75.0.3770.142')) AND CAST(JSON_VALUE("t"."event",'$.layer') AS VARCHAR) IS NULL))) AS "v43"
FROM "kttm_nested" AS t
WHERE ((TIMESTAMP '2019-08-24 00:00:00'<=CAST(t."__time" AS TIMESTAMP) AND CAST(t."__time" AS TIMESTAMP)<TIMESTAMP '2019-08-26 00:00:00') AND CAST(JSON_VALUE("t"."agent",'$.browser') AS VARCHAR) IN ('Chrome','Mobile Safari','Chrome Mobile'))
GROUP BY ();
!ok
# Wed Jul 10 19:08:18 IST 2024
SELECT TABLE_NAME, COLUMN_NAME, DATA_TYPE FROM INFORMATION_SCHEMA.COLUMNS WHERE TABLE_SCHEMA = 'druid';
!ok
