#started Wed Jul 10 16:25:46 IST 2024
!use druidtest:///?componentSupplier=KttmNestedComponentSupplier
!set outputformat mysql
# Wed Jul 10 16:25:54 IST 2024
SELECT TABLE_NAME, COLUMN_NAME, DATA_TYPE FROM INFORMATION_SCHEMA.COLUMNS WHERE TABLE_SCHEMA = 'druid';
!ok
# Wed Jul 10 16:26:31 IST 2024
SELECT TABLE_NAME, COLUMN_NAME, DATA_TYPE FROM INFORMATION_SCHEMA.COLUMNS WHERE TABLE_SCHEMA = 'druid';
!ok
# Wed Jul 10 16:26:54 IST 2024
SELECT TABLE_NAME, COLUMN_NAME, DATA_TYPE FROM INFORMATION_SCHEMA.COLUMNS WHERE TABLE_SCHEMA = 'druid';
!ok
# Wed Jul 10 16:27:31 IST 2024
SELECT TABLE_NAME, COLUMN_NAME, DATA_TYPE FROM INFORMATION_SCHEMA.COLUMNS WHERE TABLE_SCHEMA = 'druid';
!ok
# Wed Jul 10 16:27:54 IST 2024
SELECT TABLE_NAME, COLUMN_NAME, DATA_TYPE FROM INFORMATION_SCHEMA.COLUMNS WHERE TABLE_SCHEMA = 'druid';
!ok
# Wed Jul 10 16:28:31 IST 2024
SELECT TABLE_NAME, COLUMN_NAME, DATA_TYPE FROM INFORMATION_SCHEMA.COLUMNS WHERE TABLE_SCHEMA = 'druid';
!ok
# Wed Jul 10 16:28:54 IST 2024
SELECT TABLE_NAME, COLUMN_NAME, DATA_TYPE FROM INFORMATION_SCHEMA.COLUMNS WHERE TABLE_SCHEMA = 'druid';
!ok
# Wed Jul 10 16:29:31 IST 2024
SELECT TABLE_NAME, COLUMN_NAME, DATA_TYPE FROM INFORMATION_SCHEMA.COLUMNS WHERE TABLE_SCHEMA = 'druid';
!ok
# Wed Jul 10 16:29:55 IST 2024
SELECT TABLE_NAME, COLUMN_NAME, DATA_TYPE FROM INFORMATION_SCHEMA.COLUMNS WHERE TABLE_SCHEMA = 'druid';
!ok
# Wed Jul 10 16:30:31 IST 2024
SELECT TABLE_NAME, COLUMN_NAME, DATA_TYPE FROM INFORMATION_SCHEMA.COLUMNS WHERE TABLE_SCHEMA = 'druid';
!ok
# Wed Jul 10 16:30:56 IST 2024
SELECT TABLE_NAME, COLUMN_NAME, DATA_TYPE FROM INFORMATION_SCHEMA.COLUMNS WHERE TABLE_SCHEMA = 'druid';
!ok
# Wed Jul 10 16:31:31 IST 2024
SELECT TABLE_NAME, COLUMN_NAME, DATA_TYPE FROM INFORMATION_SCHEMA.COLUMNS WHERE TABLE_SCHEMA = 'druid';
!ok
# Wed Jul 10 16:31:57 IST 2024
SELECT TABLE_NAME, COLUMN_NAME, DATA_TYPE FROM INFORMATION_SCHEMA.COLUMNS WHERE TABLE_SCHEMA = 'druid';
!ok
# Wed Jul 10 16:32:31 IST 2024
SELECT TABLE_NAME, COLUMN_NAME, DATA_TYPE FROM INFORMATION_SCHEMA.COLUMNS WHERE TABLE_SCHEMA = 'druid';
!ok
# Wed Jul 10 16:32:58 IST 2024
SELECT TABLE_NAME, COLUMN_NAME, DATA_TYPE FROM INFORMATION_SCHEMA.COLUMNS WHERE TABLE_SCHEMA = 'druid';
!ok
# Wed Jul 10 16:33:31 IST 2024
SELECT TABLE_NAME, COLUMN_NAME, DATA_TYPE FROM INFORMATION_SCHEMA.COLUMNS WHERE TABLE_SCHEMA = 'druid';
!ok
# Wed Jul 10 16:33:59 IST 2024
SELECT TABLE_NAME, COLUMN_NAME, DATA_TYPE FROM INFORMATION_SCHEMA.COLUMNS WHERE TABLE_SCHEMA = 'druid';
!ok
# Wed Jul 10 16:34:31 IST 2024
SELECT TABLE_NAME, COLUMN_NAME, DATA_TYPE FROM INFORMATION_SCHEMA.COLUMNS WHERE TABLE_SCHEMA = 'druid';
!ok
# Wed Jul 10 16:35:00 IST 2024
SELECT TABLE_NAME, COLUMN_NAME, DATA_TYPE FROM INFORMATION_SCHEMA.COLUMNS WHERE TABLE_SCHEMA = 'druid';
!ok
# Wed Jul 10 16:35:31 IST 2024
SELECT TABLE_NAME, COLUMN_NAME, DATA_TYPE FROM INFORMATION_SCHEMA.COLUMNS WHERE TABLE_SCHEMA = 'druid';
!ok
# Wed Jul 10 16:36:01 IST 2024
SELECT TABLE_NAME, COLUMN_NAME, DATA_TYPE FROM INFORMATION_SCHEMA.COLUMNS WHERE TABLE_SCHEMA = 'druid';
!ok
# Wed Jul 10 16:36:31 IST 2024
SELECT TABLE_NAME, COLUMN_NAME, DATA_TYPE FROM INFORMATION_SCHEMA.COLUMNS WHERE TABLE_SCHEMA = 'druid';
!ok
# Wed Jul 10 16:37:02 IST 2024
SELECT TABLE_NAME, COLUMN_NAME, DATA_TYPE FROM INFORMATION_SCHEMA.COLUMNS WHERE TABLE_SCHEMA = 'druid';
!ok
# Wed Jul 10 16:37:31 IST 2024
SELECT TABLE_NAME, COLUMN_NAME, DATA_TYPE FROM INFORMATION_SCHEMA.COLUMNS WHERE TABLE_SCHEMA = 'druid';
!ok
# Wed Jul 10 16:38:03 IST 2024
SELECT TABLE_NAME, COLUMN_NAME, DATA_TYPE FROM INFORMATION_SCHEMA.COLUMNS WHERE TABLE_SCHEMA = 'druid';
!ok
# Wed Jul 10 16:38:31 IST 2024
SELECT TABLE_NAME, COLUMN_NAME, DATA_TYPE FROM INFORMATION_SCHEMA.COLUMNS WHERE TABLE_SCHEMA = 'druid';
!ok
# Wed Jul 10 16:39:04 IST 2024
SELECT TABLE_NAME, COLUMN_NAME, DATA_TYPE FROM INFORMATION_SCHEMA.COLUMNS WHERE TABLE_SCHEMA = 'druid';
!ok
# Wed Jul 10 16:39:31 IST 2024
SELECT TABLE_NAME, COLUMN_NAME, DATA_TYPE FROM INFORMATION_SCHEMA.COLUMNS WHERE TABLE_SCHEMA = 'druid';
!ok
# Wed Jul 10 16:40:05 IST 2024
SELECT TABLE_NAME, COLUMN_NAME, DATA_TYPE FROM INFORMATION_SCHEMA.COLUMNS WHERE TABLE_SCHEMA = 'druid';
!ok
# Wed Jul 10 16:40:31 IST 2024
SELECT TABLE_NAME, COLUMN_NAME, DATA_TYPE FROM INFORMATION_SCHEMA.COLUMNS WHERE TABLE_SCHEMA = 'druid';
!ok
# Wed Jul 10 16:41:06 IST 2024
SELECT TABLE_NAME, COLUMN_NAME, DATA_TYPE FROM INFORMATION_SCHEMA.COLUMNS WHERE TABLE_SCHEMA = 'druid';
!ok
# Wed Jul 10 16:41:31 IST 2024
SELECT TABLE_NAME, COLUMN_NAME, DATA_TYPE FROM INFORMATION_SCHEMA.COLUMNS WHERE TABLE_SCHEMA = 'druid';
!ok
# Wed Jul 10 16:42:07 IST 2024
SELECT TABLE_NAME, COLUMN_NAME, DATA_TYPE FROM INFORMATION_SCHEMA.COLUMNS WHERE TABLE_SCHEMA = 'druid';
!ok
# Wed Jul 10 16:42:31 IST 2024
SELECT TABLE_NAME, COLUMN_NAME, DATA_TYPE FROM INFORMATION_SCHEMA.COLUMNS WHERE TABLE_SCHEMA = 'druid';
!ok
# Wed Jul 10 16:43:08 IST 2024
SELECT TABLE_NAME, COLUMN_NAME, DATA_TYPE FROM INFORMATION_SCHEMA.COLUMNS WHERE TABLE_SCHEMA = 'druid';
!ok
# Wed Jul 10 16:43:31 IST 2024
SELECT TABLE_NAME, COLUMN_NAME, DATA_TYPE FROM INFORMATION_SCHEMA.COLUMNS WHERE TABLE_SCHEMA = 'druid';
!ok
# Wed Jul 10 16:44:09 IST 2024
SELECT TABLE_NAME, COLUMN_NAME, DATA_TYPE FROM INFORMATION_SCHEMA.COLUMNS WHERE TABLE_SCHEMA = 'druid';
!ok
# Wed Jul 10 16:44:31 IST 2024
SELECT TABLE_NAME, COLUMN_NAME, DATA_TYPE FROM INFORMATION_SCHEMA.COLUMNS WHERE TABLE_SCHEMA = 'druid';
!ok
# Wed Jul 10 16:45:10 IST 2024
SELECT TABLE_NAME, COLUMN_NAME, DATA_TYPE FROM INFORMATION_SCHEMA.COLUMNS WHERE TABLE_SCHEMA = 'druid';
!ok
# Wed Jul 10 16:45:31 IST 2024
SELECT TABLE_NAME, COLUMN_NAME, DATA_TYPE FROM INFORMATION_SCHEMA.COLUMNS WHERE TABLE_SCHEMA = 'druid';
!ok
# Wed Jul 10 16:46:11 IST 2024
SELECT TABLE_NAME, COLUMN_NAME, DATA_TYPE FROM INFORMATION_SCHEMA.COLUMNS WHERE TABLE_SCHEMA = 'druid';
!ok
# Wed Jul 10 16:46:31 IST 2024
SELECT TABLE_NAME, COLUMN_NAME, DATA_TYPE FROM INFORMATION_SCHEMA.COLUMNS WHERE TABLE_SCHEMA = 'druid';
!ok
# Wed Jul 10 16:47:12 IST 2024
SELECT TABLE_NAME, COLUMN_NAME, DATA_TYPE FROM INFORMATION_SCHEMA.COLUMNS WHERE TABLE_SCHEMA = 'druid';
!ok
# Wed Jul 10 16:47:31 IST 2024
SELECT TABLE_NAME, COLUMN_NAME, DATA_TYPE FROM INFORMATION_SCHEMA.COLUMNS WHERE TABLE_SCHEMA = 'druid';
!ok
# Wed Jul 10 16:48:13 IST 2024
SELECT TABLE_NAME, COLUMN_NAME, DATA_TYPE FROM INFORMATION_SCHEMA.COLUMNS WHERE TABLE_SCHEMA = 'druid';
!ok
# Wed Jul 10 16:48:31 IST 2024
SELECT TABLE_NAME, COLUMN_NAME, DATA_TYPE FROM INFORMATION_SCHEMA.COLUMNS WHERE TABLE_SCHEMA = 'druid';
!ok
# Wed Jul 10 16:49:14 IST 2024
SELECT TABLE_NAME, COLUMN_NAME, DATA_TYPE FROM INFORMATION_SCHEMA.COLUMNS WHERE TABLE_SCHEMA = 'druid';
!ok
# Wed Jul 10 16:49:31 IST 2024
SELECT TABLE_NAME, COLUMN_NAME, DATA_TYPE FROM INFORMATION_SCHEMA.COLUMNS WHERE TABLE_SCHEMA = 'druid';
!ok
# Wed Jul 10 16:50:15 IST 2024
SELECT TABLE_NAME, COLUMN_NAME, DATA_TYPE FROM INFORMATION_SCHEMA.COLUMNS WHERE TABLE_SCHEMA = 'druid';
!ok
# Wed Jul 10 16:50:31 IST 2024
SELECT TABLE_NAME, COLUMN_NAME, DATA_TYPE FROM INFORMATION_SCHEMA.COLUMNS WHERE TABLE_SCHEMA = 'druid';
!ok
# Wed Jul 10 16:51:35 IST 2024
SELECT TABLE_NAME, COLUMN_NAME, DATA_TYPE FROM INFORMATION_SCHEMA.COLUMNS WHERE TABLE_SCHEMA = 'druid';
!ok
# Wed Jul 10 16:51:50 IST 2024
SELECT TABLE_NAME, COLUMN_NAME, DATA_TYPE FROM INFORMATION_SCHEMA.COLUMNS WHERE TABLE_SCHEMA = 'druid';
!ok
# Wed Jul 10 16:52:35 IST 2024
SELECT TABLE_NAME, COLUMN_NAME, DATA_TYPE FROM INFORMATION_SCHEMA.COLUMNS WHERE TABLE_SCHEMA = 'druid';
!ok
# Wed Jul 10 16:52:49 IST 2024
SELECT TABLE_NAME, COLUMN_NAME, DATA_TYPE FROM INFORMATION_SCHEMA.COLUMNS WHERE TABLE_SCHEMA = 'druid';
!ok
# Wed Jul 10 16:53:36 IST 2024
SELECT TABLE_NAME, COLUMN_NAME, DATA_TYPE FROM INFORMATION_SCHEMA.COLUMNS WHERE TABLE_SCHEMA = 'druid';
!ok
# Wed Jul 10 16:53:49 IST 2024
SELECT TABLE_NAME, COLUMN_NAME, DATA_TYPE FROM INFORMATION_SCHEMA.COLUMNS WHERE TABLE_SCHEMA = 'druid';
!ok
# Wed Jul 10 16:54:22 IST 2024
SELECT TABLE_NAME, COLUMN_NAME, DATA_TYPE FROM INFORMATION_SCHEMA.COLUMNS WHERE TABLE_SCHEMA = 'druid';
!ok
# Wed Jul 10 16:54:25 IST 2024
SELECT TABLE_NAME, COLUMN_NAME, DATA_TYPE FROM INFORMATION_SCHEMA.COLUMNS WHERE TABLE_SCHEMA = 'druid';
!ok
# Wed Jul 10 16:54:25 IST 2024
SELECT TABLE_NAME, COLUMN_NAME, DATA_TYPE FROM INFORMATION_SCHEMA.COLUMNS WHERE TABLE_SCHEMA = 'druid';
!ok
# Wed Jul 10 16:54:27 IST 2024
SELECT TABLE_NAME, COLUMN_NAME, DATA_TYPE FROM INFORMATION_SCHEMA.COLUMNS WHERE TABLE_SCHEMA = 'druid';
!ok
# Wed Jul 10 16:54:27 IST 2024
SELECT TABLE_NAME, COLUMN_NAME, DATA_TYPE FROM INFORMATION_SCHEMA.COLUMNS WHERE TABLE_SCHEMA = 'druid';
!ok
# Wed Jul 10 16:54:49 IST 2024
SELECT TABLE_NAME, COLUMN_NAME, DATA_TYPE FROM INFORMATION_SCHEMA.COLUMNS WHERE TABLE_SCHEMA = 'druid';
!ok
# Wed Jul 10 16:55:11 IST 2024
SELECT TABLE_NAME, COLUMN_NAME, DATA_TYPE FROM INFORMATION_SCHEMA.COLUMNS WHERE TABLE_SCHEMA = 'druid';
!ok
# Wed Jul 10 16:55:11 IST 2024
SELECT TABLE_NAME, COLUMN_NAME, DATA_TYPE FROM INFORMATION_SCHEMA.COLUMNS WHERE TABLE_SCHEMA = 'druid';
!ok
# Wed Jul 10 16:55:49 IST 2024
SELECT TABLE_NAME, COLUMN_NAME, DATA_TYPE FROM INFORMATION_SCHEMA.COLUMNS WHERE TABLE_SCHEMA = 'druid';
!ok
# Wed Jul 10 16:56:11 IST 2024
SELECT TABLE_NAME, COLUMN_NAME, DATA_TYPE FROM INFORMATION_SCHEMA.COLUMNS WHERE TABLE_SCHEMA = 'druid';
!ok
# Wed Jul 10 16:56:49 IST 2024
SELECT TABLE_NAME, COLUMN_NAME, DATA_TYPE FROM INFORMATION_SCHEMA.COLUMNS WHERE TABLE_SCHEMA = 'druid';
!ok
# Wed Jul 10 16:57:11 IST 2024
SELECT TABLE_NAME, COLUMN_NAME, DATA_TYPE FROM INFORMATION_SCHEMA.COLUMNS WHERE TABLE_SCHEMA = 'druid';
!ok
# Wed Jul 10 16:57:49 IST 2024
SELECT TABLE_NAME, COLUMN_NAME, DATA_TYPE FROM INFORMATION_SCHEMA.COLUMNS WHERE TABLE_SCHEMA = 'druid';
!ok
# Wed Jul 10 16:58:11 IST 2024
SELECT TABLE_NAME, COLUMN_NAME, DATA_TYPE FROM INFORMATION_SCHEMA.COLUMNS WHERE TABLE_SCHEMA = 'druid';
!ok
# Wed Jul 10 16:58:49 IST 2024
SELECT TABLE_NAME, COLUMN_NAME, DATA_TYPE FROM INFORMATION_SCHEMA.COLUMNS WHERE TABLE_SCHEMA = 'druid';
!ok
# Wed Jul 10 16:59:11 IST 2024
SELECT TABLE_NAME, COLUMN_NAME, DATA_TYPE FROM INFORMATION_SCHEMA.COLUMNS WHERE TABLE_SCHEMA = 'druid';
!ok
# Wed Jul 10 16:59:49 IST 2024
SELECT TABLE_NAME, COLUMN_NAME, DATA_TYPE FROM INFORMATION_SCHEMA.COLUMNS WHERE TABLE_SCHEMA = 'druid';
!ok
# Wed Jul 10 17:00:11 IST 2024
SELECT TABLE_NAME, COLUMN_NAME, DATA_TYPE FROM INFORMATION_SCHEMA.COLUMNS WHERE TABLE_SCHEMA = 'druid';
!ok
# Wed Jul 10 17:00:49 IST 2024
SELECT TABLE_NAME, COLUMN_NAME, DATA_TYPE FROM INFORMATION_SCHEMA.COLUMNS WHERE TABLE_SCHEMA = 'druid';
!ok
# Wed Jul 10 17:01:11 IST 2024
SELECT TABLE_NAME, COLUMN_NAME, DATA_TYPE FROM INFORMATION_SCHEMA.COLUMNS WHERE TABLE_SCHEMA = 'druid';
!ok
# Wed Jul 10 17:01:49 IST 2024
SELECT TABLE_NAME, COLUMN_NAME, DATA_TYPE FROM INFORMATION_SCHEMA.COLUMNS WHERE TABLE_SCHEMA = 'druid';
!ok
# Wed Jul 10 17:01:55 IST 2024
SELECT
MAX(CAST(t."__time" AS TIMESTAMP)) AS "__VALUE__"
FROM "kttm_nested" AS t
GROUP BY ();
!ok
# Wed Jul 10 17:01:55 IST 2024
SELECT
MAX(CAST(t."__time" AS TIMESTAMP)) AS "__VALUE__"
FROM "kttm_nested" AS t
GROUP BY ();
!ok
# Wed Jul 10 17:01:55 IST 2024
SELECT
(COUNT(*)) AS "__VALUE__"
FROM "kttm_nested" AS t
WHERE (TIMESTAMP '2024-07-09 11:32:00'<=CAST(t."__time" AS TIMESTAMP) AND CAST(t."__time" AS TIMESTAMP)<TIMESTAMP '2024-07-10 11:32:00')
GROUP BY ();
!ok
# Wed Jul 10 17:01:55 IST 2024
SELECT
(COUNT(*)) AS "__VALUE__"
FROM "kttm_nested" AS t
WHERE (TIMESTAMP '2019-08-25 00:00:00'<=CAST(t."__time" AS TIMESTAMP) AND CAST(t."__time" AS TIMESTAMP)<TIMESTAMP '2019-08-26 00:00:00')
GROUP BY ();
!ok
# Wed Jul 10 17:01:58 IST 2024
SELECT
CAST(JSON_VALUE("t"."agent",'$.browser') AS VARCHAR) AS "Browser",
(COUNT(*)) AS "count"
FROM "kttm_nested" AS t
WHERE (TIMESTAMP '2019-08-25 00:00:00'<=CAST(t."__time" AS TIMESTAMP) AND CAST(t."__time" AS TIMESTAMP)<TIMESTAMP '2019-08-26 00:00:00')
GROUP BY 1
ORDER BY "count" DESC
LIMIT 1000;
!ok
# Wed Jul 10 17:01:59 IST 2024
SELECT
CAST(JSON_VALUE("t"."agent",'$.browser_version') AS VARCHAR) AS "Browser_Version",
(COUNT(*)) AS "count"
FROM "kttm_nested" AS t
WHERE (TIMESTAMP '2019-08-25 00:00:00'<=CAST(t."__time" AS TIMESTAMP) AND CAST(t."__time" AS TIMESTAMP)<TIMESTAMP '2019-08-26 00:00:00')
GROUP BY 1
ORDER BY "count" DESC
LIMIT 6;
!ok
# Wed Jul 10 17:01:59 IST 2024
SELECT
(COUNT(*)) AS "__VALUE__"
FROM "kttm_nested" AS t
WHERE ((TIMESTAMP '2019-08-25 00:00:00'<=CAST(t."__time" AS TIMESTAMP) AND CAST(t."__time" AS TIMESTAMP)<TIMESTAMP '2019-08-26 00:00:00') AND (CAST(JSON_VALUE("t"."agent",'$.browser') AS VARCHAR)='Chrome'))
GROUP BY ();
!ok
# Wed Jul 10 17:01:59 IST 2024
SELECT
CAST(JSON_VALUE("t"."agent",'$.browser') AS VARCHAR) AS "Browser",
(COUNT(*)) AS "count"
FROM "kttm_nested" AS t
WHERE ((TIMESTAMP '2019-08-25 00:00:00'<=CAST(t."__time" AS TIMESTAMP) AND CAST(t."__time" AS TIMESTAMP)<TIMESTAMP '2019-08-26 00:00:00') AND CAST(JSON_VALUE("t"."agent",'$.browser') AS VARCHAR) IN ('Mobile Safari','Chrome Mobile','Safari','Firefox','Yandex.Browser','Opera','IE','Mozilla','Silk','Yandex.Browser mobile','Mobile Firefox','Puffin','Chromium','Waterfox'))
GROUP BY 1;
!ok
# Wed Jul 10 17:01:59 IST 2024
SELECT
CAST(JSON_VALUE("t"."agent",'$.browser') AS VARCHAR) AS "Browser",
CAST(JSON_VALUE("t"."agent",'$.browser_version') AS VARCHAR) AS "Browser_Version",
(COUNT(*)) AS "count"
FROM "kttm_nested" AS t
WHERE (((TIMESTAMP '2019-08-25 00:00:00'<=CAST(t."__time" AS TIMESTAMP) AND CAST(t."__time" AS TIMESTAMP)<TIMESTAMP '2019-08-26 00:00:00') AND CAST(JSON_VALUE("t"."agent",'$.browser') AS VARCHAR) IN ('Chrome','Mobile Safari','Chrome Mobile','Safari','Firefox','Yandex.Browser','Opera','IE','Mozilla','Silk','Yandex.Browser mobile','Mobile Firefox','Puffin','Chromium','Waterfox')) AND CAST(JSON_VALUE("t"."agent",'$.browser_version') AS VARCHAR) IN ('76.0.3809.100','12.1.2','76.0.3809.111','12.1.1','76.0.3809.102'))
GROUP BY 1,2;
!ok
# Wed Jul 10 17:01:59 IST 2024
SELECT
CAST(JSON_VALUE("t"."agent",'$.browser') AS VARCHAR) AS "Browser",
(COUNT(*)) AS "count"
FROM "kttm_nested" AS t
WHERE (((TIMESTAMP '2019-08-25 00:00:00'<=CAST(t."__time" AS TIMESTAMP) AND CAST(t."__time" AS TIMESTAMP)<TIMESTAMP '2019-08-26 00:00:00') AND CAST(JSON_VALUE("t"."agent",'$.browser') AS VARCHAR) IN ('Chrome','Mobile Safari','Chrome Mobile','Safari','Firefox','Yandex.Browser','Opera','IE','Mozilla','Silk','Yandex.Browser mobile','Mobile Firefox','Puffin','Chromium','Waterfox')) AND (CAST(JSON_VALUE("t"."agent",'$.browser_version') AS VARCHAR) IN ('76.0.3809.100','12.1.2','76.0.3809.111','12.1.1','76.0.3809.102')) IS NOT TRUE)
GROUP BY 1;
!ok
# Wed Jul 10 17:02:04 IST 2024
SELECT
CAST(JSON_VALUE("t"."agent",'$.browser') AS VARCHAR) AS "Browser",
CAST(JSON_VALUE("t"."agent",'$.browser_version') AS VARCHAR) AS "Browser_Version",
(COUNT(*)) AS "count"
FROM "kttm_nested" AS t
WHERE (((TIMESTAMP '2019-08-24 00:00:00'<=CAST(t."__time" AS TIMESTAMP) AND CAST(t."__time" AS TIMESTAMP)<TIMESTAMP '2019-08-25 00:00:00') AND CAST(JSON_VALUE("t"."agent",'$.browser') AS VARCHAR) IN ('Chrome','Mobile Safari','Chrome Mobile','Safari','Firefox','Yandex.Browser','Opera','IE','Mozilla','Silk','Yandex.Browser mobile','Mobile Firefox','Puffin','Chromium','Waterfox')) AND CAST(JSON_VALUE("t"."agent",'$.browser_version') AS VARCHAR) IN ('76.0.3809.100','12.1.2','76.0.3809.111','12.1.1','76.0.3809.102'))
GROUP BY 1,2;
!ok
# Wed Jul 10 17:02:04 IST 2024
SELECT
CAST(JSON_VALUE("t"."agent",'$.browser') AS VARCHAR) AS "Browser",
(COUNT(*)) AS "count"
FROM "kttm_nested" AS t
WHERE ((TIMESTAMP '2019-08-24 00:00:00'<=CAST(t."__time" AS TIMESTAMP) AND CAST(t."__time" AS TIMESTAMP)<TIMESTAMP '2019-08-25 00:00:00') AND CAST(JSON_VALUE("t"."agent",'$.browser') AS VARCHAR) IN ('Chrome','Mobile Safari','Chrome Mobile','Safari','Firefox','Yandex.Browser','Opera','IE','Mozilla','Silk','Yandex.Browser mobile','Mobile Firefox','Puffin','Chromium','Waterfox'))
GROUP BY 1;
!ok
# Wed Jul 10 17:02:04 IST 2024
SELECT
CAST(JSON_VALUE("t"."agent",'$.browser') AS VARCHAR) AS "Browser",
(COUNT(*)) AS "count"
FROM "kttm_nested" AS t
WHERE (((TIMESTAMP '2019-08-24 00:00:00'<=CAST(t."__time" AS TIMESTAMP) AND CAST(t."__time" AS TIMESTAMP)<TIMESTAMP '2019-08-25 00:00:00') AND CAST(JSON_VALUE("t"."agent",'$.browser') AS VARCHAR) IN ('Chrome','Mobile Safari','Chrome Mobile','Safari','Firefox','Yandex.Browser','Opera','IE','Mozilla','Silk','Yandex.Browser mobile','Mobile Firefox','Puffin','Chromium','Waterfox')) AND (CAST(JSON_VALUE("t"."agent",'$.browser_version') AS VARCHAR) IN ('76.0.3809.100','12.1.2','76.0.3809.111','12.1.1','76.0.3809.102')) IS NOT TRUE)
GROUP BY 1;
!ok
# Wed Jul 10 17:02:07 IST 2024
SELECT
CAST(JSON_VALUE("t"."agent",'$.browser') AS VARCHAR) AS "Browser",
(COUNT(*)) AS "r"
FROM "kttm_nested" AS t
WHERE (TIMESTAMP '2019-08-25 00:00:00'<=CAST(t."__time" AS TIMESTAMP) AND CAST(t."__time" AS TIMESTAMP)<TIMESTAMP '2019-08-26 00:00:00')
GROUP BY 1
ORDER BY "r" DESC
LIMIT 101;
!ok
# Wed Jul 10 17:02:10 IST 2024
SELECT
CAST(JSON_VALUE("t"."agent",'$.browser') AS VARCHAR) AS "Browser",
(COUNT(*)) AS "count"
FROM "kttm_nested" AS t
WHERE ((TIMESTAMP '2019-08-24 00:00:00'<=CAST(t."__time" AS TIMESTAMP) AND CAST(t."__time" AS TIMESTAMP)<TIMESTAMP '2019-08-26 00:00:00') AND CAST(JSON_VALUE("t"."agent",'$.browser') AS VARCHAR) IN ('Chrome','Mobile Safari','Chrome Mobile'))
GROUP BY 1
ORDER BY "count" DESC
LIMIT 1000;
!ok
# Wed Jul 10 17:02:10 IST 2024
SELECT
(COUNT(*) FILTER (WHERE (TIMESTAMP '2019-08-25 00:00:00'<=CAST(t."__time" AS TIMESTAMP) AND CAST(t."__time" AS TIMESTAMP)<TIMESTAMP '2019-08-26 00:00:00'))) AS "v0",
(COUNT(*) FILTER (WHERE (TIMESTAMP '2019-08-24 00:00:00'<=CAST(t."__time" AS TIMESTAMP) AND CAST(t."__time" AS TIMESTAMP)<TIMESTAMP '2019-08-25 00:00:00'))) AS "v1"
FROM "kttm_nested" AS t
WHERE ((TIMESTAMP '2019-08-24 00:00:00'<=CAST(t."__time" AS TIMESTAMP) AND CAST(t."__time" AS TIMESTAMP)<TIMESTAMP '2019-08-26 00:00:00') AND CAST(JSON_VALUE("t"."agent",'$.browser') AS VARCHAR) IN ('Chrome','Mobile Safari','Chrome Mobile'))
GROUP BY ();
!ok
# Wed Jul 10 17:02:10 IST 2024
SELECT
CAST(JSON_VALUE("t"."agent",'$.browser_version') AS VARCHAR) AS "Browser_Version",
(COUNT(*)) AS "count"
FROM "kttm_nested" AS t
WHERE ((TIMESTAMP '2019-08-24 00:00:00'<=CAST(t."__time" AS TIMESTAMP) AND CAST(t."__time" AS TIMESTAMP)<TIMESTAMP '2019-08-26 00:00:00') AND CAST(JSON_VALUE("t"."agent",'$.browser') AS VARCHAR) IN ('Chrome','Mobile Safari','Chrome Mobile'))
GROUP BY 1
ORDER BY "count" DESC
LIMIT 6;
!ok
# Wed Jul 10 17:02:10 IST 2024
SELECT
(COUNT(*) FILTER (WHERE (TIMESTAMP '2019-08-25 00:00:00'<=CAST(t."__time" AS TIMESTAMP) AND CAST(t."__time" AS TIMESTAMP)<TIMESTAMP '2019-08-26 00:00:00'))) AS "v0",
(COUNT(*) FILTER (WHERE (TIMESTAMP '2019-08-24 00:00:00'<=CAST(t."__time" AS TIMESTAMP) AND CAST(t."__time" AS TIMESTAMP)<TIMESTAMP '2019-08-25 00:00:00'))) AS "v1"
FROM "kttm_nested" AS t
WHERE ((TIMESTAMP '2019-08-24 00:00:00'<=CAST(t."__time" AS TIMESTAMP) AND CAST(t."__time" AS TIMESTAMP)<TIMESTAMP '2019-08-26 00:00:00') AND (CAST(JSON_VALUE("t"."agent",'$.browser') AS VARCHAR)='Chrome'))
GROUP BY ();
!ok
# Wed Jul 10 17:02:10 IST 2024
SELECT
(COUNT(*) FILTER (WHERE ((TIMESTAMP '2019-08-25 00:00:00'<=CAST(t."__time" AS TIMESTAMP) AND CAST(t."__time" AS TIMESTAMP)<TIMESTAMP '2019-08-26 00:00:00') AND (CAST(JSON_VALUE("t"."agent",'$.browser') AS VARCHAR)='Mobile Safari')))) AS "v0",
(COUNT(*) FILTER (WHERE ((TIMESTAMP '2019-08-24 00:00:00'<=CAST(t."__time" AS TIMESTAMP) AND CAST(t."__time" AS TIMESTAMP)<TIMESTAMP '2019-08-25 00:00:00') AND (CAST(JSON_VALUE("t"."agent",'$.browser') AS VARCHAR)='Mobile Safari')))) AS "v1",
(COUNT(*) FILTER (WHERE ((TIMESTAMP '2019-08-25 00:00:00'<=CAST(t."__time" AS TIMESTAMP) AND CAST(t."__time" AS TIMESTAMP)<TIMESTAMP '2019-08-26 00:00:00') AND (CAST(JSON_VALUE("t"."agent",'$.browser') AS VARCHAR)='Chrome Mobile')))) AS "v2",
(COUNT(*) FILTER (WHERE ((TIMESTAMP '2019-08-24 00:00:00'<=CAST(t."__time" AS TIMESTAMP) AND CAST(t."__time" AS TIMESTAMP)<TIMESTAMP '2019-08-25 00:00:00') AND (CAST(JSON_VALUE("t"."agent",'$.browser') AS VARCHAR)='Chrome Mobile')))) AS "v3"
FROM "kttm_nested" AS t
WHERE ((TIMESTAMP '2019-08-24 00:00:00'<=CAST(t."__time" AS TIMESTAMP) AND CAST(t."__time" AS TIMESTAMP)<TIMESTAMP '2019-08-26 00:00:00') AND CAST(JSON_VALUE("t"."agent",'$.browser') AS VARCHAR) IN ('Mobile Safari','Chrome Mobile'))
GROUP BY ();
!ok
# Wed Jul 10 17:02:11 IST 2024
SELECT
CAST(JSON_VALUE("t"."agent",'$.browser') AS VARCHAR) AS "Browser",
CAST(JSON_VALUE("t"."agent",'$.browser_version') AS VARCHAR) AS "Browser_Version",
(COUNT(*)) AS "count"
FROM "kttm_nested" AS t
WHERE (((TIMESTAMP '2019-08-25 00:00:00'<=CAST(t."__time" AS TIMESTAMP) AND CAST(t."__time" AS TIMESTAMP)<TIMESTAMP '2019-08-26 00:00:00') AND CAST(JSON_VALUE("t"."agent",'$.browser') AS VARCHAR) IN ('Chrome','Mobile Safari','Chrome Mobile')) AND CAST(JSON_VALUE("t"."agent",'$.browser_version') AS VARCHAR) IN ('76.0.3809.100','12.1.2','76.0.3809.111','76.0.3809.102','75.0.3770.144'))
GROUP BY 1,2;
!ok
# Wed Jul 10 17:02:11 IST 2024
SELECT
CAST(JSON_VALUE("t"."agent",'$.browser') AS VARCHAR) AS "Browser",
CAST(JSON_VALUE("t"."agent",'$.browser_version') AS VARCHAR) AS "Browser_Version",
(COUNT(*)) AS "count"
FROM "kttm_nested" AS t
WHERE (((TIMESTAMP '2019-08-24 00:00:00'<=CAST(t."__time" AS TIMESTAMP) AND CAST(t."__time" AS TIMESTAMP)<TIMESTAMP '2019-08-25 00:00:00') AND CAST(JSON_VALUE("t"."agent",'$.browser') AS VARCHAR) IN ('Chrome','Mobile Safari','Chrome Mobile')) AND CAST(JSON_VALUE("t"."agent",'$.browser_version') AS VARCHAR) IN ('76.0.3809.100','12.1.2','76.0.3809.111','76.0.3809.102','75.0.3770.144'))
GROUP BY 1,2;
!ok
# Wed Jul 10 17:02:11 IST 2024
SELECT
(COUNT(*) FILTER (WHERE ((TIMESTAMP '2019-08-25 00:00:00'<=CAST(t."__time" AS TIMESTAMP) AND CAST(t."__time" AS TIMESTAMP)<TIMESTAMP '2019-08-26 00:00:00') AND (CAST(JSON_VALUE("t"."agent",'$.browser') AS VARCHAR)='Chrome')))) AS "v0",
(COUNT(*) FILTER (WHERE ((TIMESTAMP '2019-08-24 00:00:00'<=CAST(t."__time" AS TIMESTAMP) AND CAST(t."__time" AS TIMESTAMP)<TIMESTAMP '2019-08-25 00:00:00') AND (CAST(JSON_VALUE("t"."agent",'$.browser') AS VARCHAR)='Chrome')))) AS "v1",
(COUNT(*) FILTER (WHERE ((TIMESTAMP '2019-08-25 00:00:00'<=CAST(t."__time" AS TIMESTAMP) AND CAST(t."__time" AS TIMESTAMP)<TIMESTAMP '2019-08-26 00:00:00') AND (CAST(JSON_VALUE("t"."agent",'$.browser') AS VARCHAR)='Mobile Safari')))) AS "v2",
(COUNT(*) FILTER (WHERE ((TIMESTAMP '2019-08-24 00:00:00'<=CAST(t."__time" AS TIMESTAMP) AND CAST(t."__time" AS TIMESTAMP)<TIMESTAMP '2019-08-25 00:00:00') AND (CAST(JSON_VALUE("t"."agent",'$.browser') AS VARCHAR)='Mobile Safari')))) AS "v3",
(COUNT(*) FILTER (WHERE ((TIMESTAMP '2019-08-25 00:00:00'<=CAST(t."__time" AS TIMESTAMP) AND CAST(t."__time" AS TIMESTAMP)<TIMESTAMP '2019-08-26 00:00:00') AND (CAST(JSON_VALUE("t"."agent",'$.browser') AS VARCHAR)='Chrome Mobile')))) AS "v4",
(COUNT(*) FILTER (WHERE ((TIMESTAMP '2019-08-24 00:00:00'<=CAST(t."__time" AS TIMESTAMP) AND CAST(t."__time" AS TIMESTAMP)<TIMESTAMP '2019-08-25 00:00:00') AND (CAST(JSON_VALUE("t"."agent",'$.browser') AS VARCHAR)='Chrome Mobile')))) AS "v5"
FROM "kttm_nested" AS t
WHERE (((TIMESTAMP '2019-08-24 00:00:00'<=CAST(t."__time" AS TIMESTAMP) AND CAST(t."__time" AS TIMESTAMP)<TIMESTAMP '2019-08-26 00:00:00') AND CAST(JSON_VALUE("t"."agent",'$.browser') AS VARCHAR) IN ('Chrome','Mobile Safari','Chrome Mobile')) AND (CAST(JSON_VALUE("t"."agent",'$.browser_version') AS VARCHAR) IN ('76.0.3809.100','12.1.2','76.0.3809.111','76.0.3809.102','75.0.3770.144')) IS NOT TRUE)
GROUP BY ();
!ok
# Wed Jul 10 17:02:11 IST 2024
SELECT TABLE_NAME, COLUMN_NAME, DATA_TYPE FROM INFORMATION_SCHEMA.COLUMNS WHERE TABLE_SCHEMA = 'druid';
!ok
# Wed Jul 10 17:02:21 IST 2024
SELECT
CAST(JSON_VALUE("t"."agent",'$.browser_version') AS VARCHAR) AS "Browser_Version",
(COUNT(*)) AS "r"
FROM "kttm_nested" AS t
WHERE ((TIMESTAMP '2019-08-25 00:00:00'<=CAST(t."__time" AS TIMESTAMP) AND CAST(t."__time" AS TIMESTAMP)<TIMESTAMP '2019-08-26 00:00:00') AND CAST(JSON_VALUE("t"."agent",'$.browser') AS VARCHAR) IN ('Chrome','Mobile Safari','Chrome Mobile'))
GROUP BY 1
ORDER BY "r" DESC
LIMIT 101;
!ok
# Wed Jul 10 17:02:23 IST 2024
SELECT
CAST(JSON_VALUE("t"."agent",'$.browser') AS VARCHAR) AS "Browser",
(COUNT(*)) AS "count"
FROM "kttm_nested" AS t
WHERE (((TIMESTAMP '2019-08-24 00:00:00'<=CAST(t."__time" AS TIMESTAMP) AND CAST(t."__time" AS TIMESTAMP)<TIMESTAMP '2019-08-26 00:00:00') AND CAST(JSON_VALUE("t"."agent",'$.browser') AS VARCHAR) IN ('Chrome','Mobile Safari','Chrome Mobile')) AND CAST(JSON_VALUE("t"."agent",'$.browser_version') AS VARCHAR) IN ('76.0.3809.100','12.1.2'))
GROUP BY 1
ORDER BY "count" DESC
LIMIT 1000;
!ok
# Wed Jul 10 17:02:23 IST 2024
SELECT
(COUNT(*) FILTER (WHERE (TIMESTAMP '2019-08-25 00:00:00'<=CAST(t."__time" AS TIMESTAMP) AND CAST(t."__time" AS TIMESTAMP)<TIMESTAMP '2019-08-26 00:00:00'))) AS "v0",
(COUNT(*) FILTER (WHERE (TIMESTAMP '2019-08-24 00:00:00'<=CAST(t."__time" AS TIMESTAMP) AND CAST(t."__time" AS TIMESTAMP)<TIMESTAMP '2019-08-25 00:00:00'))) AS "v1"
FROM "kttm_nested" AS t
WHERE (((TIMESTAMP '2019-08-24 00:00:00'<=CAST(t."__time" AS TIMESTAMP) AND CAST(t."__time" AS TIMESTAMP)<TIMESTAMP '2019-08-26 00:00:00') AND CAST(JSON_VALUE("t"."agent",'$.browser') AS VARCHAR) IN ('Chrome','Mobile Safari','Chrome Mobile')) AND CAST(JSON_VALUE("t"."agent",'$.browser_version') AS VARCHAR) IN ('76.0.3809.100','12.1.2'))
GROUP BY ();
!ok
# Wed Jul 10 17:02:23 IST 2024
SELECT
CAST(JSON_VALUE("t"."agent",'$.browser_version') AS VARCHAR) AS "Browser_Version",
(COUNT(*)) AS "count"
FROM "kttm_nested" AS t
WHERE (((TIMESTAMP '2019-08-24 00:00:00'<=CAST(t."__time" AS TIMESTAMP) AND CAST(t."__time" AS TIMESTAMP)<TIMESTAMP '2019-08-26 00:00:00') AND CAST(JSON_VALUE("t"."agent",'$.browser') AS VARCHAR) IN ('Chrome','Mobile Safari','Chrome Mobile')) AND CAST(JSON_VALUE("t"."agent",'$.browser_version') AS VARCHAR) IN ('76.0.3809.100','12.1.2'))
GROUP BY 1
ORDER BY "count" DESC
LIMIT 6;
!ok
# Wed Jul 10 17:02:23 IST 2024
SELECT
(COUNT(*) FILTER (WHERE (TIMESTAMP '2019-08-25 00:00:00'<=CAST(t."__time" AS TIMESTAMP) AND CAST(t."__time" AS TIMESTAMP)<TIMESTAMP '2019-08-26 00:00:00'))) AS "v0",
(COUNT(*) FILTER (WHERE (TIMESTAMP '2019-08-24 00:00:00'<=CAST(t."__time" AS TIMESTAMP) AND CAST(t."__time" AS TIMESTAMP)<TIMESTAMP '2019-08-25 00:00:00'))) AS "v1",
(COUNT(*) FILTER (WHERE ((TIMESTAMP '2019-08-25 00:00:00'<=CAST(t."__time" AS TIMESTAMP) AND CAST(t."__time" AS TIMESTAMP)<TIMESTAMP '2019-08-26 00:00:00') AND (CAST(JSON_VALUE("t"."agent",'$.browser_version') AS VARCHAR)='76.0.3809.100')))) AS "v2",
(COUNT(*) FILTER (WHERE ((TIMESTAMP '2019-08-24 00:00:00'<=CAST(t."__time" AS TIMESTAMP) AND CAST(t."__time" AS TIMESTAMP)<TIMESTAMP '2019-08-25 00:00:00') AND (CAST(JSON_VALUE("t"."agent",'$.browser_version') AS VARCHAR)='76.0.3809.100')))) AS "v3",
(COUNT(*) FILTER (WHERE ((TIMESTAMP '2019-08-25 00:00:00'<=CAST(t."__time" AS TIMESTAMP) AND CAST(t."__time" AS TIMESTAMP)<TIMESTAMP '2019-08-26 00:00:00') AND (CAST(JSON_VALUE("t"."agent",'$.browser_version') AS VARCHAR)='12.1.2')))) AS "v4",
(COUNT(*) FILTER (WHERE ((TIMESTAMP '2019-08-24 00:00:00'<=CAST(t."__time" AS TIMESTAMP) AND CAST(t."__time" AS TIMESTAMP)<TIMESTAMP '2019-08-25 00:00:00') AND (CAST(JSON_VALUE("t"."agent",'$.browser_version') AS VARCHAR)='12.1.2')))) AS "v5"
FROM "kttm_nested" AS t
WHERE (((TIMESTAMP '2019-08-24 00:00:00'<=CAST(t."__time" AS TIMESTAMP) AND CAST(t."__time" AS TIMESTAMP)<TIMESTAMP '2019-08-26 00:00:00') AND (CAST(JSON_VALUE("t"."agent",'$.browser') AS VARCHAR)='Chrome')) AND CAST(JSON_VALUE("t"."agent",'$.browser_version') AS VARCHAR) IN ('76.0.3809.100','12.1.2'))
GROUP BY ();
!ok
# Wed Jul 10 17:02:24 IST 2024
SELECT
(COUNT(*) FILTER (WHERE (TIMESTAMP '2019-08-25 00:00:00'<=CAST(t."__time" AS TIMESTAMP) AND CAST(t."__time" AS TIMESTAMP)<TIMESTAMP '2019-08-26 00:00:00'))) AS "v0",
(COUNT(*) FILTER (WHERE (TIMESTAMP '2019-08-24 00:00:00'<=CAST(t."__time" AS TIMESTAMP) AND CAST(t."__time" AS TIMESTAMP)<TIMESTAMP '2019-08-25 00:00:00'))) AS "v1",
(COUNT(*) FILTER (WHERE ((TIMESTAMP '2019-08-25 00:00:00'<=CAST(t."__time" AS TIMESTAMP) AND CAST(t."__time" AS TIMESTAMP)<TIMESTAMP '2019-08-26 00:00:00') AND (CAST(JSON_VALUE("t"."agent",'$.browser_version') AS VARCHAR)='76.0.3809.100')))) AS "v2",
(COUNT(*) FILTER (WHERE ((TIMESTAMP '2019-08-24 00:00:00'<=CAST(t."__time" AS TIMESTAMP) AND CAST(t."__time" AS TIMESTAMP)<TIMESTAMP '2019-08-25 00:00:00') AND (CAST(JSON_VALUE("t"."agent",'$.browser_version') AS VARCHAR)='76.0.3809.100')))) AS "v3",
(COUNT(*) FILTER (WHERE ((TIMESTAMP '2019-08-25 00:00:00'<=CAST(t."__time" AS TIMESTAMP) AND CAST(t."__time" AS TIMESTAMP)<TIMESTAMP '2019-08-26 00:00:00') AND (CAST(JSON_VALUE("t"."agent",'$.browser_version') AS VARCHAR)='12.1.2')))) AS "v4",
(COUNT(*) FILTER (WHERE ((TIMESTAMP '2019-08-24 00:00:00'<=CAST(t."__time" AS TIMESTAMP) AND CAST(t."__time" AS TIMESTAMP)<TIMESTAMP '2019-08-25 00:00:00') AND (CAST(JSON_VALUE("t"."agent",'$.browser_version') AS VARCHAR)='12.1.2')))) AS "v5"
FROM "kttm_nested" AS t
WHERE (((TIMESTAMP '2019-08-24 00:00:00'<=CAST(t."__time" AS TIMESTAMP) AND CAST(t."__time" AS TIMESTAMP)<TIMESTAMP '2019-08-26 00:00:00') AND (CAST(JSON_VALUE("t"."agent",'$.browser') AS VARCHAR)='Mobile Safari')) AND CAST(JSON_VALUE("t"."agent",'$.browser_version') AS VARCHAR) IN ('76.0.3809.100','12.1.2'))
GROUP BY ();
!ok
# Wed Jul 10 17:02:30 IST 2024
SELECT
(SUM(t."session_length") FILTER (WHERE ((TIMESTAMP '2019-08-25 00:00:00'<=CAST(t."__time" AS TIMESTAMP) AND CAST(t."__time" AS TIMESTAMP)<TIMESTAMP '2019-08-26 00:00:00') AND (CAST(JSON_VALUE("t"."agent",'$.browser') AS VARCHAR)='Chrome')))) AS "v0",
(SUM(t."session_length") FILTER (WHERE ((TIMESTAMP '2019-08-24 00:00:00'<=CAST(t."__time" AS TIMESTAMP) AND CAST(t."__time" AS TIMESTAMP)<TIMESTAMP '2019-08-25 00:00:00') AND (CAST(JSON_VALUE("t"."agent",'$.browser') AS VARCHAR)='Chrome')))) AS "v1",
(SUM(t."session_length") FILTER (WHERE ((TIMESTAMP '2019-08-25 00:00:00'<=CAST(t."__time" AS TIMESTAMP) AND CAST(t."__time" AS TIMESTAMP)<TIMESTAMP '2019-08-26 00:00:00') AND (CAST(JSON_VALUE("t"."agent",'$.browser') AS VARCHAR)='Mobile Safari')))) AS "v2",
(SUM(t."session_length") FILTER (WHERE ((TIMESTAMP '2019-08-24 00:00:00'<=CAST(t."__time" AS TIMESTAMP) AND CAST(t."__time" AS TIMESTAMP)<TIMESTAMP '2019-08-25 00:00:00') AND (CAST(JSON_VALUE("t"."agent",'$.browser') AS VARCHAR)='Mobile Safari')))) AS "v3",
(SUM(t."session_length") FILTER (WHERE (((TIMESTAMP '2019-08-25 00:00:00'<=CAST(t."__time" AS TIMESTAMP) AND CAST(t."__time" AS TIMESTAMP)<TIMESTAMP '2019-08-26 00:00:00') AND (CAST(JSON_VALUE("t"."agent",'$.browser') AS VARCHAR)='Chrome')) AND (CAST(JSON_VALUE("t"."agent",'$.browser_version') AS VARCHAR)='76.0.3809.100')))) AS "v4",
(SUM(t."session_length") FILTER (WHERE (((TIMESTAMP '2019-08-24 00:00:00'<=CAST(t."__time" AS TIMESTAMP) AND CAST(t."__time" AS TIMESTAMP)<TIMESTAMP '2019-08-25 00:00:00') AND (CAST(JSON_VALUE("t"."agent",'$.browser') AS VARCHAR)='Chrome')) AND (CAST(JSON_VALUE("t"."agent",'$.browser_version') AS VARCHAR)='76.0.3809.100')))) AS "v5",
(SUM(t."session_length") FILTER (WHERE (((TIMESTAMP '2019-08-25 00:00:00'<=CAST(t."__time" AS TIMESTAMP) AND CAST(t."__time" AS TIMESTAMP)<TIMESTAMP '2019-08-26 00:00:00') AND (CAST(JSON_VALUE("t"."agent",'$.browser') AS VARCHAR)='Mobile Safari')) AND (CAST(JSON_VALUE("t"."agent",'$.browser_version') AS VARCHAR)='76.0.3809.100')))) AS "v6",
(SUM(t."session_length") FILTER (WHERE (((TIMESTAMP '2019-08-24 00:00:00'<=CAST(t."__time" AS TIMESTAMP) AND CAST(t."__time" AS TIMESTAMP)<TIMESTAMP '2019-08-25 00:00:00') AND (CAST(JSON_VALUE("t"."agent",'$.browser') AS VARCHAR)='Mobile Safari')) AND (CAST(JSON_VALUE("t"."agent",'$.browser_version') AS VARCHAR)='76.0.3809.100')))) AS "v7",
(SUM(t."session_length") FILTER (WHERE (((TIMESTAMP '2019-08-25 00:00:00'<=CAST(t."__time" AS TIMESTAMP) AND CAST(t."__time" AS TIMESTAMP)<TIMESTAMP '2019-08-26 00:00:00') AND (CAST(JSON_VALUE("t"."agent",'$.browser') AS VARCHAR)='Chrome')) AND (CAST(JSON_VALUE("t"."agent",'$.browser_version') AS VARCHAR)='12.1.2')))) AS "v8",
(SUM(t."session_length") FILTER (WHERE (((TIMESTAMP '2019-08-24 00:00:00'<=CAST(t."__time" AS TIMESTAMP) AND CAST(t."__time" AS TIMESTAMP)<TIMESTAMP '2019-08-25 00:00:00') AND (CAST(JSON_VALUE("t"."agent",'$.browser') AS VARCHAR)='Chrome')) AND (CAST(JSON_VALUE("t"."agent",'$.browser_version') AS VARCHAR)='12.1.2')))) AS "v9",
(SUM(t."session_length") FILTER (WHERE (((TIMESTAMP '2019-08-25 00:00:00'<=CAST(t."__time" AS TIMESTAMP) AND CAST(t."__time" AS TIMESTAMP)<TIMESTAMP '2019-08-26 00:00:00') AND (CAST(JSON_VALUE("t"."agent",'$.browser') AS VARCHAR)='Mobile Safari')) AND (CAST(JSON_VALUE("t"."agent",'$.browser_version') AS VARCHAR)='12.1.2')))) AS "v10",
(SUM(t."session_length") FILTER (WHERE (((TIMESTAMP '2019-08-24 00:00:00'<=CAST(t."__time" AS TIMESTAMP) AND CAST(t."__time" AS TIMESTAMP)<TIMESTAMP '2019-08-25 00:00:00') AND (CAST(JSON_VALUE("t"."agent",'$.browser') AS VARCHAR)='Mobile Safari')) AND (CAST(JSON_VALUE("t"."agent",'$.browser_version') AS VARCHAR)='12.1.2')))) AS "v11"
FROM "kttm_nested" AS t
WHERE (((TIMESTAMP '2019-08-24 00:00:00'<=CAST(t."__time" AS TIMESTAMP) AND CAST(t."__time" AS TIMESTAMP)<TIMESTAMP '2019-08-26 00:00:00') AND CAST(JSON_VALUE("t"."agent",'$.browser') AS VARCHAR) IN ('Chrome','Mobile Safari')) AND CAST(JSON_VALUE("t"."agent",'$.browser_version') AS VARCHAR) IN ('76.0.3809.100','12.1.2'))
GROUP BY ();
!ok
# Wed Jul 10 17:02:34 IST 2024
SELECT
CAST(JSON_VALUE("t"."agent",'$.os') AS VARCHAR) AS "Os",
(COUNT(*)) AS "count"
FROM "kttm_nested" AS t
WHERE (((TIMESTAMP '2019-08-24 00:00:00'<=CAST(t."__time" AS TIMESTAMP) AND CAST(t."__time" AS TIMESTAMP)<TIMESTAMP '2019-08-26 00:00:00') AND CAST(JSON_VALUE("t"."agent",'$.browser') AS VARCHAR) IN ('Chrome','Mobile Safari','Chrome Mobile')) AND CAST(JSON_VALUE("t"."agent",'$.browser_version') AS VARCHAR) IN ('76.0.3809.100','12.1.2'))
GROUP BY 1
ORDER BY "count" DESC
LIMIT 5;
!ok
# Wed Jul 10 17:02:34 IST 2024
SELECT
(COUNT(*) FILTER (WHERE ((TIMESTAMP '2019-08-25 00:00:00'<=CAST(t."__time" AS TIMESTAMP) AND CAST(t."__time" AS TIMESTAMP)<TIMESTAMP '2019-08-26 00:00:00') AND (CAST(JSON_VALUE("t"."agent",'$.browser') AS VARCHAR)='Chrome')))) AS "v0",
(SUM(t."session_length") FILTER (WHERE ((TIMESTAMP '2019-08-25 00:00:00'<=CAST(t."__time" AS TIMESTAMP) AND CAST(t."__time" AS TIMESTAMP)<TIMESTAMP '2019-08-26 00:00:00') AND (CAST(JSON_VALUE("t"."agent",'$.browser') AS VARCHAR)='Chrome')))) AS "v1",
(COUNT(*) FILTER (WHERE ((TIMESTAMP '2019-08-24 00:00:00'<=CAST(t."__time" AS TIMESTAMP) AND CAST(t."__time" AS TIMESTAMP)<TIMESTAMP '2019-08-25 00:00:00') AND (CAST(JSON_VALUE("t"."agent",'$.browser') AS VARCHAR)='Chrome')))) AS "v2",
(SUM(t."session_length") FILTER (WHERE ((TIMESTAMP '2019-08-24 00:00:00'<=CAST(t."__time" AS TIMESTAMP) AND CAST(t."__time" AS TIMESTAMP)<TIMESTAMP '2019-08-25 00:00:00') AND (CAST(JSON_VALUE("t"."agent",'$.browser') AS VARCHAR)='Chrome')))) AS "v3",
(COUNT(*) FILTER (WHERE ((TIMESTAMP '2019-08-25 00:00:00'<=CAST(t."__time" AS TIMESTAMP) AND CAST(t."__time" AS TIMESTAMP)<TIMESTAMP '2019-08-26 00:00:00') AND (CAST(JSON_VALUE("t"."agent",'$.browser') AS VARCHAR)='Mobile Safari')))) AS "v4",
(SUM(t."session_length") FILTER (WHERE ((TIMESTAMP '2019-08-25 00:00:00'<=CAST(t."__time" AS TIMESTAMP) AND CAST(t."__time" AS TIMESTAMP)<TIMESTAMP '2019-08-26 00:00:00') AND (CAST(JSON_VALUE("t"."agent",'$.browser') AS VARCHAR)='Mobile Safari')))) AS "v5",
(COUNT(*) FILTER (WHERE ((TIMESTAMP '2019-08-24 00:00:00'<=CAST(t."__time" AS TIMESTAMP) AND CAST(t."__time" AS TIMESTAMP)<TIMESTAMP '2019-08-25 00:00:00') AND (CAST(JSON_VALUE("t"."agent",'$.browser') AS VARCHAR)='Mobile Safari')))) AS "v6",
(SUM(t."session_length") FILTER (WHERE ((TIMESTAMP '2019-08-24 00:00:00'<=CAST(t."__time" AS TIMESTAMP) AND CAST(t."__time" AS TIMESTAMP)<TIMESTAMP '2019-08-25 00:00:00') AND (CAST(JSON_VALUE("t"."agent",'$.browser') AS VARCHAR)='Mobile Safari')))) AS "v7",
(COUNT(*) FILTER (WHERE (((TIMESTAMP '2019-08-25 00:00:00'<=CAST(t."__time" AS TIMESTAMP) AND CAST(t."__time" AS TIMESTAMP)<TIMESTAMP '2019-08-26 00:00:00') AND (CAST(JSON_VALUE("t"."agent",'$.browser') AS VARCHAR)='Chrome')) AND (CAST(JSON_VALUE("t"."agent",'$.browser_version') AS VARCHAR)='76.0.3809.100')))) AS "v8",
(SUM(t."session_length") FILTER (WHERE (((TIMESTAMP '2019-08-25 00:00:00'<=CAST(t."__time" AS TIMESTAMP) AND CAST(t."__time" AS TIMESTAMP)<TIMESTAMP '2019-08-26 00:00:00') AND (CAST(JSON_VALUE("t"."agent",'$.browser') AS VARCHAR)='Chrome')) AND (CAST(JSON_VALUE("t"."agent",'$.browser_version') AS VARCHAR)='76.0.3809.100')))) AS "v9",
(COUNT(*) FILTER (WHERE (((TIMESTAMP '2019-08-24 00:00:00'<=CAST(t."__time" AS TIMESTAMP) AND CAST(t."__time" AS TIMESTAMP)<TIMESTAMP '2019-08-25 00:00:00') AND (CAST(JSON_VALUE("t"."agent",'$.browser') AS VARCHAR)='Chrome')) AND (CAST(JSON_VALUE("t"."agent",'$.browser_version') AS VARCHAR)='76.0.3809.100')))) AS "v10",
(SUM(t."session_length") FILTER (WHERE (((TIMESTAMP '2019-08-24 00:00:00'<=CAST(t."__time" AS TIMESTAMP) AND CAST(t."__time" AS TIMESTAMP)<TIMESTAMP '2019-08-25 00:00:00') AND (CAST(JSON_VALUE("t"."agent",'$.browser') AS VARCHAR)='Chrome')) AND (CAST(JSON_VALUE("t"."agent",'$.browser_version') AS VARCHAR)='76.0.3809.100')))) AS "v11",
(COUNT(*) FILTER (WHERE (((TIMESTAMP '2019-08-25 00:00:00'<=CAST(t."__time" AS TIMESTAMP) AND CAST(t."__time" AS TIMESTAMP)<TIMESTAMP '2019-08-26 00:00:00') AND (CAST(JSON_VALUE("t"."agent",'$.browser') AS VARCHAR)='Mobile Safari')) AND (CAST(JSON_VALUE("t"."agent",'$.browser_version') AS VARCHAR)='76.0.3809.100')))) AS "v12",
(SUM(t."session_length") FILTER (WHERE (((TIMESTAMP '2019-08-25 00:00:00'<=CAST(t."__time" AS TIMESTAMP) AND CAST(t."__time" AS TIMESTAMP)<TIMESTAMP '2019-08-26 00:00:00') AND (CAST(JSON_VALUE("t"."agent",'$.browser') AS VARCHAR)='Mobile Safari')) AND (CAST(JSON_VALUE("t"."agent",'$.browser_version') AS VARCHAR)='76.0.3809.100')))) AS "v13",
(COUNT(*) FILTER (WHERE (((TIMESTAMP '2019-08-24 00:00:00'<=CAST(t."__time" AS TIMESTAMP) AND CAST(t."__time" AS TIMESTAMP)<TIMESTAMP '2019-08-25 00:00:00') AND (CAST(JSON_VALUE("t"."agent",'$.browser') AS VARCHAR)='Mobile Safari')) AND (CAST(JSON_VALUE("t"."agent",'$.browser_version') AS VARCHAR)='76.0.3809.100')))) AS "v14",
(SUM(t."session_length") FILTER (WHERE (((TIMESTAMP '2019-08-24 00:00:00'<=CAST(t."__time" AS TIMESTAMP) AND CAST(t."__time" AS TIMESTAMP)<TIMESTAMP '2019-08-25 00:00:00') AND (CAST(JSON_VALUE("t"."agent",'$.browser') AS VARCHAR)='Mobile Safari')) AND (CAST(JSON_VALUE("t"."agent",'$.browser_version') AS VARCHAR)='76.0.3809.100')))) AS "v15",
(COUNT(*) FILTER (WHERE (((TIMESTAMP '2019-08-25 00:00:00'<=CAST(t."__time" AS TIMESTAMP) AND CAST(t."__time" AS TIMESTAMP)<TIMESTAMP '2019-08-26 00:00:00') AND (CAST(JSON_VALUE("t"."agent",'$.browser') AS VARCHAR)='Chrome')) AND (CAST(JSON_VALUE("t"."agent",'$.browser_version') AS VARCHAR)='12.1.2')))) AS "v16",
(SUM(t."session_length") FILTER (WHERE (((TIMESTAMP '2019-08-25 00:00:00'<=CAST(t."__time" AS TIMESTAMP) AND CAST(t."__time" AS TIMESTAMP)<TIMESTAMP '2019-08-26 00:00:00') AND (CAST(JSON_VALUE("t"."agent",'$.browser') AS VARCHAR)='Chrome')) AND (CAST(JSON_VALUE("t"."agent",'$.browser_version') AS VARCHAR)='12.1.2')))) AS "v17",
(COUNT(*) FILTER (WHERE (((TIMESTAMP '2019-08-24 00:00:00'<=CAST(t."__time" AS TIMESTAMP) AND CAST(t."__time" AS TIMESTAMP)<TIMESTAMP '2019-08-25 00:00:00') AND (CAST(JSON_VALUE("t"."agent",'$.browser') AS VARCHAR)='Chrome')) AND (CAST(JSON_VALUE("t"."agent",'$.browser_version') AS VARCHAR)='12.1.2')))) AS "v18",
(SUM(t."session_length") FILTER (WHERE (((TIMESTAMP '2019-08-24 00:00:00'<=CAST(t."__time" AS TIMESTAMP) AND CAST(t."__time" AS TIMESTAMP)<TIMESTAMP '2019-08-25 00:00:00') AND (CAST(JSON_VALUE("t"."agent",'$.browser') AS VARCHAR)='Chrome')) AND (CAST(JSON_VALUE("t"."agent",'$.browser_version') AS VARCHAR)='12.1.2')))) AS "v19",
(COUNT(*) FILTER (WHERE (((TIMESTAMP '2019-08-25 00:00:00'<=CAST(t."__time" AS TIMESTAMP) AND CAST(t."__time" AS TIMESTAMP)<TIMESTAMP '2019-08-26 00:00:00') AND (CAST(JSON_VALUE("t"."agent",'$.browser') AS VARCHAR)='Mobile Safari')) AND (CAST(JSON_VALUE("t"."agent",'$.browser_version') AS VARCHAR)='12.1.2')))) AS "v20",
(SUM(t."session_length") FILTER (WHERE (((TIMESTAMP '2019-08-25 00:00:00'<=CAST(t."__time" AS TIMESTAMP) AND CAST(t."__time" AS TIMESTAMP)<TIMESTAMP '2019-08-26 00:00:00') AND (CAST(JSON_VALUE("t"."agent",'$.browser') AS VARCHAR)='Mobile Safari')) AND (CAST(JSON_VALUE("t"."agent",'$.browser_version') AS VARCHAR)='12.1.2')))) AS "v21",
(COUNT(*) FILTER (WHERE (((TIMESTAMP '2019-08-24 00:00:00'<=CAST(t."__time" AS TIMESTAMP) AND CAST(t."__time" AS TIMESTAMP)<TIMESTAMP '2019-08-25 00:00:00') AND (CAST(JSON_VALUE("t"."agent",'$.browser') AS VARCHAR)='Mobile Safari')) AND (CAST(JSON_VALUE("t"."agent",'$.browser_version') AS VARCHAR)='12.1.2')))) AS "v22",
(SUM(t."session_length") FILTER (WHERE (((TIMESTAMP '2019-08-24 00:00:00'<=CAST(t."__time" AS TIMESTAMP) AND CAST(t."__time" AS TIMESTAMP)<TIMESTAMP '2019-08-25 00:00:00') AND (CAST(JSON_VALUE("t"."agent",'$.browser') AS VARCHAR)='Mobile Safari')) AND (CAST(JSON_VALUE("t"."agent",'$.browser_version') AS VARCHAR)='12.1.2')))) AS "v23"
FROM "kttm_nested" AS t
WHERE ((((TIMESTAMP '2019-08-24 00:00:00'<=CAST(t."__time" AS TIMESTAMP) AND CAST(t."__time" AS TIMESTAMP)<TIMESTAMP '2019-08-26 00:00:00') AND CAST(JSON_VALUE("t"."agent",'$.browser') AS VARCHAR) IN ('Chrome','Mobile Safari')) AND CAST(JSON_VALUE("t"."agent",'$.browser_version') AS VARCHAR) IN ('76.0.3809.100','12.1.2')) AND (CAST(JSON_VALUE("t"."agent",'$.os') AS VARCHAR)='Windows'))
GROUP BY ();
!ok
# Wed Jul 10 17:02:34 IST 2024
SELECT
(COUNT(*) FILTER (WHERE ((TIMESTAMP '2019-08-25 00:00:00'<=CAST(t."__time" AS TIMESTAMP) AND CAST(t."__time" AS TIMESTAMP)<TIMESTAMP '2019-08-26 00:00:00') AND (CAST(JSON_VALUE("t"."agent",'$.browser') AS VARCHAR)='Chrome')))) AS "v0",
(SUM(t."session_length") FILTER (WHERE ((TIMESTAMP '2019-08-25 00:00:00'<=CAST(t."__time" AS TIMESTAMP) AND CAST(t."__time" AS TIMESTAMP)<TIMESTAMP '2019-08-26 00:00:00') AND (CAST(JSON_VALUE("t"."agent",'$.browser') AS VARCHAR)='Chrome')))) AS "v1",
(COUNT(*) FILTER (WHERE ((TIMESTAMP '2019-08-24 00:00:00'<=CAST(t."__time" AS TIMESTAMP) AND CAST(t."__time" AS TIMESTAMP)<TIMESTAMP '2019-08-25 00:00:00') AND (CAST(JSON_VALUE("t"."agent",'$.browser') AS VARCHAR)='Chrome')))) AS "v2",
(SUM(t."session_length") FILTER (WHERE ((TIMESTAMP '2019-08-24 00:00:00'<=CAST(t."__time" AS TIMESTAMP) AND CAST(t."__time" AS TIMESTAMP)<TIMESTAMP '2019-08-25 00:00:00') AND (CAST(JSON_VALUE("t"."agent",'$.browser') AS VARCHAR)='Chrome')))) AS "v3",
(COUNT(*) FILTER (WHERE ((TIMESTAMP '2019-08-25 00:00:00'<=CAST(t."__time" AS TIMESTAMP) AND CAST(t."__time" AS TIMESTAMP)<TIMESTAMP '2019-08-26 00:00:00') AND (CAST(JSON_VALUE("t"."agent",'$.browser') AS VARCHAR)='Mobile Safari')))) AS "v4",
(SUM(t."session_length") FILTER (WHERE ((TIMESTAMP '2019-08-25 00:00:00'<=CAST(t."__time" AS TIMESTAMP) AND CAST(t."__time" AS TIMESTAMP)<TIMESTAMP '2019-08-26 00:00:00') AND (CAST(JSON_VALUE("t"."agent",'$.browser') AS VARCHAR)='Mobile Safari')))) AS "v5",
(COUNT(*) FILTER (WHERE ((TIMESTAMP '2019-08-24 00:00:00'<=CAST(t."__time" AS TIMESTAMP) AND CAST(t."__time" AS TIMESTAMP)<TIMESTAMP '2019-08-25 00:00:00') AND (CAST(JSON_VALUE("t"."agent",'$.browser') AS VARCHAR)='Mobile Safari')))) AS "v6",
(SUM(t."session_length") FILTER (WHERE ((TIMESTAMP '2019-08-24 00:00:00'<=CAST(t."__time" AS TIMESTAMP) AND CAST(t."__time" AS TIMESTAMP)<TIMESTAMP '2019-08-25 00:00:00') AND (CAST(JSON_VALUE("t"."agent",'$.browser') AS VARCHAR)='Mobile Safari')))) AS "v7",
(COUNT(*) FILTER (WHERE (((TIMESTAMP '2019-08-25 00:00:00'<=CAST(t."__time" AS TIMESTAMP) AND CAST(t."__time" AS TIMESTAMP)<TIMESTAMP '2019-08-26 00:00:00') AND (CAST(JSON_VALUE("t"."agent",'$.browser') AS VARCHAR)='Chrome')) AND (CAST(JSON_VALUE("t"."agent",'$.browser_version') AS VARCHAR)='76.0.3809.100')))) AS "v8",
(SUM(t."session_length") FILTER (WHERE (((TIMESTAMP '2019-08-25 00:00:00'<=CAST(t."__time" AS TIMESTAMP) AND CAST(t."__time" AS TIMESTAMP)<TIMESTAMP '2019-08-26 00:00:00') AND (CAST(JSON_VALUE("t"."agent",'$.browser') AS VARCHAR)='Chrome')) AND (CAST(JSON_VALUE("t"."agent",'$.browser_version') AS VARCHAR)='76.0.3809.100')))) AS "v9",
(COUNT(*) FILTER (WHERE (((TIMESTAMP '2019-08-24 00:00:00'<=CAST(t."__time" AS TIMESTAMP) AND CAST(t."__time" AS TIMESTAMP)<TIMESTAMP '2019-08-25 00:00:00') AND (CAST(JSON_VALUE("t"."agent",'$.browser') AS VARCHAR)='Chrome')) AND (CAST(JSON_VALUE("t"."agent",'$.browser_version') AS VARCHAR)='76.0.3809.100')))) AS "v10",
(SUM(t."session_length") FILTER (WHERE (((TIMESTAMP '2019-08-24 00:00:00'<=CAST(t."__time" AS TIMESTAMP) AND CAST(t."__time" AS TIMESTAMP)<TIMESTAMP '2019-08-25 00:00:00') AND (CAST(JSON_VALUE("t"."agent",'$.browser') AS VARCHAR)='Chrome')) AND (CAST(JSON_VALUE("t"."agent",'$.browser_version') AS VARCHAR)='76.0.3809.100')))) AS "v11",
(COUNT(*) FILTER (WHERE (((TIMESTAMP '2019-08-25 00:00:00'<=CAST(t."__time" AS TIMESTAMP) AND CAST(t."__time" AS TIMESTAMP)<TIMESTAMP '2019-08-26 00:00:00') AND (CAST(JSON_VALUE("t"."agent",'$.browser') AS VARCHAR)='Mobile Safari')) AND (CAST(JSON_VALUE("t"."agent",'$.browser_version') AS VARCHAR)='76.0.3809.100')))) AS "v12",
(SUM(t."session_length") FILTER (WHERE (((TIMESTAMP '2019-08-25 00:00:00'<=CAST(t."__time" AS TIMESTAMP) AND CAST(t."__time" AS TIMESTAMP)<TIMESTAMP '2019-08-26 00:00:00') AND (CAST(JSON_VALUE("t"."agent",'$.browser') AS VARCHAR)='Mobile Safari')) AND (CAST(JSON_VALUE("t"."agent",'$.browser_version') AS VARCHAR)='76.0.3809.100')))) AS "v13",
(COUNT(*) FILTER (WHERE (((TIMESTAMP '2019-08-24 00:00:00'<=CAST(t."__time" AS TIMESTAMP) AND CAST(t."__time" AS TIMESTAMP)<TIMESTAMP '2019-08-25 00:00:00') AND (CAST(JSON_VALUE("t"."agent",'$.browser') AS VARCHAR)='Mobile Safari')) AND (CAST(JSON_VALUE("t"."agent",'$.browser_version') AS VARCHAR)='76.0.3809.100')))) AS "v14",
(SUM(t."session_length") FILTER (WHERE (((TIMESTAMP '2019-08-24 00:00:00'<=CAST(t."__time" AS TIMESTAMP) AND CAST(t."__time" AS TIMESTAMP)<TIMESTAMP '2019-08-25 00:00:00') AND (CAST(JSON_VALUE("t"."agent",'$.browser') AS VARCHAR)='Mobile Safari')) AND (CAST(JSON_VALUE("t"."agent",'$.browser_version') AS VARCHAR)='76.0.3809.100')))) AS "v15",
(COUNT(*) FILTER (WHERE (((TIMESTAMP '2019-08-25 00:00:00'<=CAST(t."__time" AS TIMESTAMP) AND CAST(t."__time" AS TIMESTAMP)<TIMESTAMP '2019-08-26 00:00:00') AND (CAST(JSON_VALUE("t"."agent",'$.browser') AS VARCHAR)='Chrome')) AND (CAST(JSON_VALUE("t"."agent",'$.browser_version') AS VARCHAR)='12.1.2')))) AS "v16",
(SUM(t."session_length") FILTER (WHERE (((TIMESTAMP '2019-08-25 00:00:00'<=CAST(t."__time" AS TIMESTAMP) AND CAST(t."__time" AS TIMESTAMP)<TIMESTAMP '2019-08-26 00:00:00') AND (CAST(JSON_VALUE("t"."agent",'$.browser') AS VARCHAR)='Chrome')) AND (CAST(JSON_VALUE("t"."agent",'$.browser_version') AS VARCHAR)='12.1.2')))) AS "v17",
(COUNT(*) FILTER (WHERE (((TIMESTAMP '2019-08-24 00:00:00'<=CAST(t."__time" AS TIMESTAMP) AND CAST(t."__time" AS TIMESTAMP)<TIMESTAMP '2019-08-25 00:00:00') AND (CAST(JSON_VALUE("t"."agent",'$.browser') AS VARCHAR)='Chrome')) AND (CAST(JSON_VALUE("t"."agent",'$.browser_version') AS VARCHAR)='12.1.2')))) AS "v18",
(SUM(t."session_length") FILTER (WHERE (((TIMESTAMP '2019-08-24 00:00:00'<=CAST(t."__time" AS TIMESTAMP) AND CAST(t."__time" AS TIMESTAMP)<TIMESTAMP '2019-08-25 00:00:00') AND (CAST(JSON_VALUE("t"."agent",'$.browser') AS VARCHAR)='Chrome')) AND (CAST(JSON_VALUE("t"."agent",'$.browser_version') AS VARCHAR)='12.1.2')))) AS "v19",
(COUNT(*) FILTER (WHERE (((TIMESTAMP '2019-08-25 00:00:00'<=CAST(t."__time" AS TIMESTAMP) AND CAST(t."__time" AS TIMESTAMP)<TIMESTAMP '2019-08-26 00:00:00') AND (CAST(JSON_VALUE("t"."agent",'$.browser') AS VARCHAR)='Mobile Safari')) AND (CAST(JSON_VALUE("t"."agent",'$.browser_version') AS VARCHAR)='12.1.2')))) AS "v20",
(SUM(t."session_length") FILTER (WHERE (((TIMESTAMP '2019-08-25 00:00:00'<=CAST(t."__time" AS TIMESTAMP) AND CAST(t."__time" AS TIMESTAMP)<TIMESTAMP '2019-08-26 00:00:00') AND (CAST(JSON_VALUE("t"."agent",'$.browser') AS VARCHAR)='Mobile Safari')) AND (CAST(JSON_VALUE("t"."agent",'$.browser_version') AS VARCHAR)='12.1.2')))) AS "v21",
(COUNT(*) FILTER (WHERE (((TIMESTAMP '2019-08-24 00:00:00'<=CAST(t."__time" AS TIMESTAMP) AND CAST(t."__time" AS TIMESTAMP)<TIMESTAMP '2019-08-25 00:00:00') AND (CAST(JSON_VALUE("t"."agent",'$.browser') AS VARCHAR)='Mobile Safari')) AND (CAST(JSON_VALUE("t"."agent",'$.browser_version') AS VARCHAR)='12.1.2')))) AS "v22",
(SUM(t."session_length") FILTER (WHERE (((TIMESTAMP '2019-08-24 00:00:00'<=CAST(t."__time" AS TIMESTAMP) AND CAST(t."__time" AS TIMESTAMP)<TIMESTAMP '2019-08-25 00:00:00') AND (CAST(JSON_VALUE("t"."agent",'$.browser') AS VARCHAR)='Mobile Safari')) AND (CAST(JSON_VALUE("t"."agent",'$.browser_version') AS VARCHAR)='12.1.2')))) AS "v23"
FROM "kttm_nested" AS t
WHERE ((((TIMESTAMP '2019-08-24 00:00:00'<=CAST(t."__time" AS TIMESTAMP) AND CAST(t."__time" AS TIMESTAMP)<TIMESTAMP '2019-08-26 00:00:00') AND CAST(JSON_VALUE("t"."agent",'$.browser') AS VARCHAR) IN ('Chrome','Mobile Safari')) AND CAST(JSON_VALUE("t"."agent",'$.browser_version') AS VARCHAR) IN ('76.0.3809.100','12.1.2')) AND (CAST(JSON_VALUE("t"."agent",'$.os') AS VARCHAR)='iOS'))
GROUP BY ();
!ok
# Wed Jul 10 17:02:49 IST 2024
SELECT TABLE_NAME, COLUMN_NAME, DATA_TYPE FROM INFORMATION_SCHEMA.COLUMNS WHERE TABLE_SCHEMA = 'druid';
!ok
