!set dartQueryId 00000000-0000-0000-0000-000000000000
!set useApproximateCountDistinct false
!use druidtest://?componentSupplier=AllDruidEnginesComponentSupplier&datasets=sql/src/test/quidem/qatests/qaAggFuncs
!set outputformat mysql
SELECT count(*) cnt
FROM test_agg_funcs;
+-----+
| cnt |
+-----+
|  18 |
+-----+
(1 row)

!ok

#-------------------------------------------------------------------------
# TESTCASE: test004 TEST_ID: A01 TYPE: NEGATIVE TEST
#-------------------------------------------------------------------------
SELECT array_agg(11.1111111, 100000);
is not supported
!error

#-------------------------------------------------------------------------
# TESTCASE: test004 TEST_ID: A02 TYPE: POSITIVE TEST
#-------------------------------------------------------------------------
SELECT count(*) cnt
FROM
  (SELECT array_agg(tab0f0, 100000) AS col
   FROM test_agg_funcs)
WHERE NOT array_contains(col, 99999)
  OR col IS NULL;
+-----+
| cnt |
+-----+
|   1 |
+-----+
(1 row)

!ok

#-------------------------------------------------------------------------
# TESTCASE: test004 TEST_ID: A03 TYPE: POSITIVE TEST
#-------------------------------------------------------------------------
SELECT array_length(array_agg(tab0f0, 100000)) AS col
FROM test_agg_funcs;
+-----+
| col |
+-----+
|  18 |
+-----+
(1 row)

!ok

#-------------------------------------------------------------------------
# TESTCASE: test004 TEST_ID: A04 TYPE: POSITIVE TEST
#-------------------------------------------------------------------------
SELECT array_offset(array_agg(tab0f0, 100000), 100) AS col
FROM test_agg_funcs
WHERE tab0f0>111
  AND tab0f0<222;
+-----+
| col |
+-----+
|     |
+-----+
(1 row)

!ok

#-------------------------------------------------------------------------
# TESTCASE: test004 TEST_ID: A05 TYPE: POSITIVE TEST
#-------------------------------------------------------------------------
SELECT array_ordinal(array_agg(tab0f0, 100000), 100) AS col
FROM test_agg_funcs
WHERE tab0f0>222;
+-----+
| col |
+-----+
|     |
+-----+
(1 row)

!ok

#-------------------------------------------------------------------------
# TESTCASE: test004 TEST_ID: A06 TYPE: POSITIVE TEST
#-------------------------------------------------------------------------
SELECT count(*) cnt
FROM
  (SELECT array_contains(array_agg(tab0f0, 100000), 11.1111111) AS col
   FROM test_agg_funcs)
WHERE col IS TRUE
  OR col IS FALSE
  OR col IS NULL;
+-----+
| cnt |
+-----+
|   1 |
+-----+
(1 row)

!ok

#-------------------------------------------------------------------------
# TESTCASE: test004 TEST_ID: A07 TYPE: POSITIVE TEST
#-------------------------------------------------------------------------
SELECT count(*) cnt
FROM
  (SELECT array_contains(array_agg(tab0f0, 100000), array[11.1111111, 22.2222222]) AS col
   FROM test_agg_funcs)
WHERE col IS TRUE
  OR col IS FALSE
  OR col IS NULL;
+-----+
| cnt |
+-----+
|   1 |
+-----+
(1 row)

!ok

#-------------------------------------------------------------------------
# TESTCASE: test004 TEST_ID: A08 TYPE: POSITIVE TEST
#-------------------------------------------------------------------------
SELECT array_contains(array_agg(tab0f0, 100000), 33.3333333) AS col
FROM test_agg_funcs;
+-------+
| col   |
+-------+
| false |
+-------+
(1 row)

!ok

#-------------------------------------------------------------------------
# TESTCASE: test004 TEST_ID: A09 TYPE: POSITIVE TEST
#-------------------------------------------------------------------------
SELECT array_contains(array_agg(tab0f0, 100000), array[11.1111111, 33.3333333]) AS col
FROM test_agg_funcs;
+-------+
| col   |
+-------+
| false |
+-------+
(1 row)

!ok

#-------------------------------------------------------------------------
# TESTCASE: test004 TEST_ID: A10 TYPE: POSITIVE TEST
#-------------------------------------------------------------------------
SELECT count(*) cnt
FROM
  (SELECT array_overlap(array_agg(tab0f0, 100000), array[11.1111111, 33.3333333]) AS col
   FROM test_agg_funcs)
WHERE col IS TRUE
  OR col IS FALSE
  OR col IS NULL;
+-----+
| cnt |
+-----+
|   1 |
+-----+
(1 row)

!ok

#-------------------------------------------------------------------------
# TESTCASE: test004 TEST_ID: A11 TYPE: POSITIVE TEST
#-------------------------------------------------------------------------
SELECT array_overlap(array_agg(tab0f0, 100000), array[33.3333333, 44.4444444]) AS col
FROM test_agg_funcs;
+-------+
| col   |
+-------+
| false |
+-------+
(1 row)

!ok

#-------------------------------------------------------------------------
# TESTCASE: test004 TEST_ID: A12 TYPE: POSITIVE TEST
#-------------------------------------------------------------------------
SELECT count(*) cnt
FROM
  (SELECT array_overlap(array_agg(tab0f0, 100000), array_agg(tab0f0, 100000)) AS col
   FROM test_agg_funcs)
WHERE col IS TRUE
  OR col IS FALSE
  OR col IS NULL;
+-----+
| cnt |
+-----+
|   1 |
+-----+
(1 row)

!ok

#-------------------------------------------------------------------------
# TESTCASE: test004 TEST_ID: A13 TYPE: POSITIVE TEST
#-------------------------------------------------------------------------
SELECT count(*) cnt
FROM
  (SELECT array_offset_of(array_agg(tab0f0, 100000), 11.1111111) AS col
   FROM test_agg_funcs
   WHERE tab0f0>111
     AND tab0f0<222)
WHERE col != 99999
  OR col IS NULL;
+-----+
| cnt |
+-----+
|   1 |
+-----+
(1 row)

!ok

#-------------------------------------------------------------------------
# TESTCASE: test004 TEST_ID: A14 TYPE: POSITIVE TEST
#-------------------------------------------------------------------------
SELECT array_offset_of(array_agg(tab0f0, 100000), 33.3333333) AS col
FROM test_agg_funcs
WHERE tab0f0>111
  AND tab0f0<222;
+-----+
| col |
+-----+
|     |
+-----+
(1 row)

!ok

#-------------------------------------------------------------------------
# TESTCASE: test004 TEST_ID: A15 TYPE: POSITIVE TEST
#-------------------------------------------------------------------------
SELECT count(*) cnt
FROM
  (SELECT array_ordinal_of(array_agg(tab0f0, 100000), 11.1111111) AS col
   FROM test_agg_funcs
   WHERE tab0f0>111
     AND tab0f0<222)
WHERE col != 99999
  OR col IS NULL;
+-----+
| cnt |
+-----+
|   0 |
+-----+
(1 row)

!ok

#-------------------------------------------------------------------------
# TESTCASE: test004 TEST_ID: A16 TYPE: POSITIVE TEST
#-------------------------------------------------------------------------
SELECT array_ordinal_of(array_agg(tab0f0, 100000), 33.3333333) AS col
FROM test_agg_funcs
WHERE tab0f0>111
  AND tab0f0<222;
+-----+
| col |
+-----+
|     |
+-----+
(1 row)

!ok

#-------------------------------------------------------------------------
# TESTCASE: test004 TEST_ID: A17 TYPE: POSITIVE TEST
#-------------------------------------------------------------------------
SELECT count(*) cnt
FROM
  (SELECT array_to_string(array_agg(tab0f0, 100000), '|') AS col
   FROM test_agg_funcs)
WHERE col != 'ABCD'
  OR col IS NULL;
+-----+
| cnt |
+-----+
|   1 |
+-----+
(1 row)

!ok

#-------------------------------------------------------------------------
# TESTCASE: test004 TEST_ID: A18 TYPE: POSITIVE TEST
#-------------------------------------------------------------------------
SELECT contains_string(array_to_string(array_agg(tab0f0, 100000), '|'), '11.')
AND contains_string(array_to_string(array_agg(tab0f0, 100000), '|'), '|') AS col
FROM test_agg_funcs;
+------+
| col  |
+------+
| true |
+------+
(1 row)

!ok

#-------------------------------------------------------------------------
# TESTCASE: test004 TEST_ID: A19 TYPE: POSITIVE TEST
#-------------------------------------------------------------------------
SELECT count(*) cnt
FROM
  (SELECT array_prepend(33.3333333, array_agg(tab0f0, 100000)) AS col
   FROM test_agg_funcs)
WHERE NOT array_contains(col, 99999)
  OR col IS NULL;
+-----+
| cnt |
+-----+
|   1 |
+-----+
(1 row)

!ok

#-------------------------------------------------------------------------
# TESTCASE: test004 TEST_ID: A20 TYPE: POSITIVE TEST
#-------------------------------------------------------------------------
SELECT array_length(array_prepend(33.3333333, array_agg(tab0f0, 100000))) AS col
FROM test_agg_funcs;
+-----+
| col |
+-----+
|  19 |
+-----+
(1 row)

!ok

#-------------------------------------------------------------------------
# TESTCASE: test004 TEST_ID: A21 TYPE: POSITIVE TEST
#-------------------------------------------------------------------------
SELECT count(*) cnt
FROM
  (SELECT array_append(array_agg(tab0f0, 100000), 33.3333333) AS col
   FROM test_agg_funcs)
WHERE NOT array_contains(col, 99999)
  OR col IS NULL;
+-----+
| cnt |
+-----+
|   1 |
+-----+
(1 row)

!ok

#-------------------------------------------------------------------------
# TESTCASE: test004 TEST_ID: A22 TYPE: POSITIVE TEST
#-------------------------------------------------------------------------
SELECT array_length(array_append(array_agg(tab0f0, 100000), 33.3333333)) AS col
FROM test_agg_funcs;
+-----+
| col |
+-----+
|  19 |
+-----+
(1 row)

!ok

#-------------------------------------------------------------------------
# TESTCASE: test004 TEST_ID: A23 TYPE: POSITIVE TEST
#-------------------------------------------------------------------------
SELECT array_length(array_concat(array_agg(tab0f0, 100000), array[33.3333333])) AS col
FROM test_agg_funcs;
+-----+
| col |
+-----+
|  19 |
+-----+
(1 row)

!ok

#-------------------------------------------------------------------------
# TESTCASE: test004 TEST_ID: A24 TYPE: POSITIVE TEST
#-------------------------------------------------------------------------
SELECT count(*) cnt
FROM
  (SELECT array_concat(array_agg(tab0f0, 100000), array_agg(tab0f0, 100000)) AS col
   FROM test_agg_funcs)
WHERE NOT array_contains(col, 99999)
  OR col IS NULL;
+-----+
| cnt |
+-----+
|   1 |
+-----+
(1 row)

!ok

#-------------------------------------------------------------------------
# TESTCASE: test004 TEST_ID: A25 TYPE: POSITIVE TEST
#-------------------------------------------------------------------------
SELECT array_length(array_concat(array_agg(tab0f0, 100000), array_agg(tab0f0, 100000))) AS col
FROM test_agg_funcs;
+-----+
| col |
+-----+
|  36 |
+-----+
(1 row)

!ok

#-------------------------------------------------------------------------
# TESTCASE: test004 TEST_ID: A26 TYPE: POSITIVE TEST
#-------------------------------------------------------------------------
SELECT count(*) cnt
FROM
  (SELECT array_slice(array_agg(tab0f0, 100000), 0, 1) AS col
   FROM test_agg_funcs
   WHERE tab0f0>111
     AND tab0f0<222)
WHERE NOT array_contains(col, 99999)
  OR col IS NULL;
+-----+
| cnt |
+-----+
|   0 |
+-----+
(1 row)

!ok

#-------------------------------------------------------------------------
# TESTCASE: test004 TEST_ID: A27 TYPE: POSITIVE TEST
#-------------------------------------------------------------------------
SELECT array_slice(array_agg(tab0f0, 100000), 100, 101) AS col
FROM test_agg_funcs
WHERE tab0f0>111
  AND tab0f0<222;
+-----+
| col |
+-----+
|     |
+-----+
(1 row)

!ok

#-------------------------------------------------------------------------
# TESTCASE: test004 TEST_ID: A28 TYPE: POSITIVE TEST
#-------------------------------------------------------------------------
SELECT count(*) cnt
FROM
  (SELECT array_agg(t0.tab0f0, 100000) AS col
   FROM test_agg_funcs t0,
        test_agg_funcs t1,
        test_agg_funcs t2
   WHERE t0.tab0f0 IS NOT NULL)
WHERE NOT array_contains(col, 99999)
  OR col IS NULL;
+-----+
| cnt |
+-----+
|   1 |
+-----+
(1 row)

!ok

#-------------------------------------------------------------------------
# TESTCASE: test004 TEST_ID: A29 TYPE: POSITIVE TEST
#-------------------------------------------------------------------------
SELECT count(*) cnt
FROM
  (SELECT array_to_string(array_agg(t0.tab0f0, 100000), '') AS col
   FROM test_agg_funcs t0,
        test_agg_funcs t1,
        test_agg_funcs t2
   WHERE t0.tab0f0 IS NOT NULL)
WHERE col != 'ABCD'
  OR col IS NULL;
+-----+
| cnt |
+-----+
|   1 |
+-----+
(1 row)

!ok

#-------------------------------------------------------------------------
# TESTCASE: test004 TEST_ID: A30 TYPE: POSITIVE TEST
#-------------------------------------------------------------------------
SELECT count(*) cnt
FROM
  (SELECT length(array_to_string(array_agg(t0.tab0f0, 100000), '')) AS col
   FROM test_agg_funcs t0,
        test_agg_funcs t1,
        test_agg_funcs t2
   WHERE t0.tab0f0 IS NOT NULL)
WHERE col != 99999
  OR col IS NULL;
+-----+
| cnt |
+-----+
|   1 |
+-----+
(1 row)

!ok

#-------------------------------------------------------------------------
# TESTCASE: test004 TEST_ID: A31 TYPE: POSITIVE TEST
#-------------------------------------------------------------------------
SELECT count(*) cnt
FROM
  (SELECT array_agg(t0.tab0f0, 100000) AS col
   FROM test_agg_funcs t0,
        test_agg_funcs t1,
        test_agg_funcs t2
   GROUP BY t0.tab0f0)
WHERE NOT array_contains(col, 99999)
  OR col IS NULL;
+-----+
| cnt |
+-----+
|   3 |
+-----+
(1 row)

!ok

#-------------------------------------------------------------------------
# TESTCASE: test004 TEST_ID: A32 TYPE: POSITIVE TEST
#-------------------------------------------------------------------------
SELECT count(*) cnt
FROM
  (SELECT array_to_string(array_agg(t0.tab0f0, 100000), '') AS col
   FROM test_agg_funcs t0,
        test_agg_funcs t1,
        test_agg_funcs t2
   GROUP BY t0.tab0f0)
WHERE col != 'ABCD'
  OR col IS NULL;
+-----+
| cnt |
+-----+
|   3 |
+-----+
(1 row)

!ok

#-------------------------------------------------------------------------
# TESTCASE: test004 TEST_ID: A33 TYPE: POSITIVE TEST
#-------------------------------------------------------------------------
SELECT count(*) cnt
FROM
  (SELECT length(array_to_string(array_agg(t0.tab0f0, 100000), '')) AS col
   FROM test_agg_funcs t0,
        test_agg_funcs t1,
        test_agg_funcs t2
   GROUP BY t0.tab0f0)
WHERE col != 99999
  OR col IS NULL;
+-----+
| cnt |
+-----+
|   3 |
+-----+
(1 row)

!ok

#-------------------------------------------------------------------------
# Total query count 34 Positive tests: 33 Negative tests: 1
#-------------------------------------------------------------------------
