!set dartQueryId 00000000-0000-0000-0000-000000000000
!set useApproximateCountDistinct false
!use druidtest://?componentSupplier=AllDruidEnginesComponentSupplier&datasets=sql/src/test/quidem/qatests/qaAggFuncs
!set outputformat mysql
SELECT count(*) cnt
FROM test_agg_funcs;
+-----+
| cnt |
+-----+
|  18 |
+-----+
(1 row)

!ok

#-------------------------------------------------------------------------
# TESTCASE: test001 TEST_ID: A01 TYPE: POSITIVE TEST
#-------------------------------------------------------------------------
SELECT array['AAAAAAAAAA',
             'BBBBBBBBBB'] AS col;
+--------------------------+
| col                      |
+--------------------------+
| [AAAAAAAAAA, BBBBBBBBBB] |
+--------------------------+
(1 row)

!ok

#-------------------------------------------------------------------------
# TESTCASE: test001 TEST_ID: A02 TYPE: POSITIVE TEST
#-------------------------------------------------------------------------
SELECT array_agg('AAAAAAAAAA') AS col;
+--------------+
| col          |
+--------------+
| [AAAAAAAAAA] |
+--------------+
(1 row)

!ok

#-------------------------------------------------------------------------
# TESTCASE: test001 TEST_ID: A03 TYPE: POSITIVE TEST
#-------------------------------------------------------------------------
SELECT strlen(array_to_string(col, '|')) AS LEN
FROM
  (SELECT array_agg(tab0s0) AS col
   FROM test_agg_funcs);
+-----+
| LEN |
+-----+
| 161 |
+-----+
(1 row)

!ok

#-------------------------------------------------------------------------
# TESTCASE: test001 TEST_ID: A04 TYPE: POSITIVE TEST
#-------------------------------------------------------------------------
SELECT array_length(array_agg(tab0s0)) AS col
FROM test_agg_funcs;
+-----+
| col |
+-----+
|  18 |
+-----+
(1 row)

!ok

#-------------------------------------------------------------------------
# TESTCASE: test001 TEST_ID: A05 TYPE: POSITIVE TEST
#-------------------------------------------------------------------------
SELECT array_offset(array_agg(tab0s0), 0) AS col
FROM test_agg_funcs
WHERE tab0s0='AAAAAAAAAA';
+------------+
| col        |
+------------+
| AAAAAAAAAA |
+------------+
(1 row)

!ok

#-------------------------------------------------------------------------
# TESTCASE: test001 TEST_ID: A06 TYPE: POSITIVE TEST
#-------------------------------------------------------------------------
SELECT array_offset(array_agg(tab0s0), 100) AS col
FROM test_agg_funcs
WHERE tab0s0='AAAAAAAAAA';
+-----+
| col |
+-----+
|     |
+-----+
(1 row)

!ok

#-------------------------------------------------------------------------
# TESTCASE: test001 TEST_ID: A07 TYPE: POSITIVE TEST
#-------------------------------------------------------------------------
SELECT array_ordinal(array_agg(tab0s0), 1) AS col
FROM test_agg_funcs
WHERE tab0s0='BBBBBBBBBB';
+------------+
| col        |
+------------+
| BBBBBBBBBB |
+------------+
(1 row)

!ok

#-------------------------------------------------------------------------
# TESTCASE: test001 TEST_ID: A08 TYPE: POSITIVE TEST
#-------------------------------------------------------------------------
SELECT array_ordinal(array_agg(tab0s0), 100) AS col
FROM test_agg_funcs
WHERE tab0s0='BBBBBBBBBB';
+-----+
| col |
+-----+
|     |
+-----+
(1 row)

!ok

#-------------------------------------------------------------------------
# TESTCASE: test001 TEST_ID: A09 TYPE: POSITIVE TEST
#-------------------------------------------------------------------------
SELECT array_contains(array_agg(tab0s0), 'AAAAAAAAAA') AS col
FROM test_agg_funcs;
+------+
| col  |
+------+
| true |
+------+
(1 row)

!ok

#-------------------------------------------------------------------------
# TESTCASE: test001 TEST_ID: A10 TYPE: POSITIVE TEST
#-------------------------------------------------------------------------
SELECT array_contains(array_agg(tab0s0), array['AAAAAAAAAA', 'BBBBBBBBBB']) AS col
FROM test_agg_funcs;
+------+
| col  |
+------+
| true |
+------+
(1 row)

!ok

#-------------------------------------------------------------------------
# TESTCASE: test001 TEST_ID: A11 TYPE: POSITIVE TEST
#-------------------------------------------------------------------------
SELECT array_contains(array_agg(tab0s0), 'CCCCCCCCCC') AS col
FROM test_agg_funcs;
+-------+
| col   |
+-------+
| false |
+-------+
(1 row)

!ok

#-------------------------------------------------------------------------
# TESTCASE: test001 TEST_ID: A12 TYPE: POSITIVE TEST
#-------------------------------------------------------------------------
SELECT array_contains(array_agg(tab0s0), array['AAAAAAAAAA', 'CCCCCCCCCC']) AS col
FROM test_agg_funcs;
+-------+
| col   |
+-------+
| false |
+-------+
(1 row)

!ok

#-------------------------------------------------------------------------
# TESTCASE: test001 TEST_ID: A13 TYPE: POSITIVE TEST
#-------------------------------------------------------------------------
SELECT array_overlap(array_agg(tab0s0), array['AAAAAAAAAA', 'CCCCCCCCCC']) AS col
FROM test_agg_funcs;
+------+
| col  |
+------+
| true |
+------+
(1 row)

!ok

#-------------------------------------------------------------------------
# TESTCASE: test001 TEST_ID: A14 TYPE: POSITIVE TEST
#-------------------------------------------------------------------------
SELECT array_overlap(array_agg(tab0s0), array['CCCCCCCCCC', 'DDDDDDDDDD']) AS col
FROM test_agg_funcs;
+-------+
| col   |
+-------+
| false |
+-------+
(1 row)

!ok

#-------------------------------------------------------------------------
# TESTCASE: test001 TEST_ID: A15 TYPE: POSITIVE TEST
#-------------------------------------------------------------------------
SELECT array_overlap(array_agg(tab0s0), array_agg(DISTINCT tab0s0)) AS col
FROM test_agg_funcs;
+------+
| col  |
+------+
| true |
+------+
(1 row)

!ok

#-------------------------------------------------------------------------
# TESTCASE: test001 TEST_ID: A16 TYPE: POSITIVE TEST
#-------------------------------------------------------------------------
SELECT array_offset_of(array_agg(tab0s0), 'AAAAAAAAAA') AS col
FROM test_agg_funcs
WHERE tab0s0='AAAAAAAAAA';
+-----+
| col |
+-----+
|   0 |
+-----+
(1 row)

!ok

#-------------------------------------------------------------------------
# TESTCASE: test001 TEST_ID: A17 TYPE: POSITIVE TEST
#-------------------------------------------------------------------------
SELECT array_offset_of(array_agg(tab0s0), 'CCCCCCCCCC') AS col
FROM test_agg_funcs
WHERE tab0s0='AAAAAAAAAA';
+-----+
| col |
+-----+
|     |
+-----+
(1 row)

!ok

#-------------------------------------------------------------------------
# TESTCASE: test001 TEST_ID: A18 TYPE: POSITIVE TEST
#-------------------------------------------------------------------------
SELECT array_ordinal_of(array_agg(tab0s0), 'AAAAAAAAAA') AS col
FROM test_agg_funcs
WHERE tab0s0='AAAAAAAAAA';
+-----+
| col |
+-----+
|   1 |
+-----+
(1 row)

!ok

#-------------------------------------------------------------------------
# TESTCASE: test001 TEST_ID: A19 TYPE: POSITIVE TEST
#-------------------------------------------------------------------------
SELECT array_ordinal_of(array_agg(tab0s0), 'CCCCCCCCCC') AS col
FROM test_agg_funcs
WHERE tab0s0='AAAAAAAAAA';
+-----+
| col |
+-----+
|     |
+-----+
(1 row)

!ok

#-------------------------------------------------------------------------
# TESTCASE: test001 TEST_ID: A20 TYPE: POSITIVE TEST
#-------------------------------------------------------------------------
SELECT strlen(array_to_string(array_agg(tab0s0), '|')) AS col
FROM test_agg_funcs;
+-----+
| col |
+-----+
| 161 |
+-----+
(1 row)

!ok

#-------------------------------------------------------------------------
# TESTCASE: test001 TEST_ID: A21 TYPE: POSITIVE TEST
#-------------------------------------------------------------------------
SELECT contains_string(array_to_string(array_agg(tab0s0), '|'), 'AAAAAAAAAA')
AND contains_string(array_to_string(array_agg(DISTINCT tab0s0), '|'), '|') AS col
FROM test_agg_funcs;
+------+
| col  |
+------+
| true |
+------+
(1 row)

!ok

#-------------------------------------------------------------------------
# TESTCASE: test001 TEST_ID: A22 TYPE: POSITIVE TEST
#-------------------------------------------------------------------------
SELECT strlen(array_to_string(col, '|')) AS LEN
FROM
  (SELECT array_prepend('CCCCCCCCCC', array_agg(tab0s0)) AS col
   FROM test_agg_funcs);
+-----+
| LEN |
+-----+
| 172 |
+-----+
(1 row)

!ok

#-------------------------------------------------------------------------
# TESTCASE: test001 TEST_ID: A23 TYPE: POSITIVE TEST
#-------------------------------------------------------------------------
SELECT array_length(array_prepend('CCCCCCCCCC', array_agg(tab0s0))) AS col
FROM test_agg_funcs;
+-----+
| col |
+-----+
|  19 |
+-----+
(1 row)

!ok

#-------------------------------------------------------------------------
# TESTCASE: test001 TEST_ID: A24 TYPE: POSITIVE TEST
#-------------------------------------------------------------------------
SELECT strlen(array_to_string(col, '|')) AS LEN
FROM
  (SELECT array_append(array_agg(tab0s0), 'CCCCCCCCCC') AS col
   FROM test_agg_funcs);
+-----+
| LEN |
+-----+
| 172 |
+-----+
(1 row)

!ok

#-------------------------------------------------------------------------
# TESTCASE: test001 TEST_ID: A25 TYPE: POSITIVE TEST
#-------------------------------------------------------------------------
SELECT array_length(array_append(array_agg(tab0s0), 'CCCCCCCCCC')) AS col
FROM test_agg_funcs;
+-----+
| col |
+-----+
|  19 |
+-----+
(1 row)

!ok

#-------------------------------------------------------------------------
# TESTCASE: test001 TEST_ID: A26 TYPE: POSITIVE TEST
#-------------------------------------------------------------------------
SELECT strlen(array_to_string(col, '|')) AS LEN
FROM
  (SELECT array_concat(array_agg(tab0s0), array['CCCCCCCCCC']) AS col
   FROM test_agg_funcs);
+-----+
| LEN |
+-----+
| 172 |
+-----+
(1 row)

!ok

#-------------------------------------------------------------------------
# TESTCASE: test001 TEST_ID: A27 TYPE: POSITIVE TEST
#-------------------------------------------------------------------------
SELECT array_length(array_concat(array_agg(tab0s0), array['CCCCCCCCCC'])) AS col
FROM test_agg_funcs;
+-----+
| col |
+-----+
|  19 |
+-----+
(1 row)

!ok

#-------------------------------------------------------------------------
# TESTCASE: test001 TEST_ID: A28 TYPE: POSITIVE TEST
#-------------------------------------------------------------------------
SELECT strlen(array_to_string(col, '|')) AS LEN
FROM
  (SELECT array_concat(array_agg(tab0s0), array_agg(tab0s0)) AS col
   FROM test_agg_funcs);
+-----+
| LEN |
+-----+
| 323 |
+-----+
(1 row)

!ok

#-------------------------------------------------------------------------
# TESTCASE: test001 TEST_ID: A29 TYPE: POSITIVE TEST
#-------------------------------------------------------------------------
SELECT array_length(array_concat(array_agg(tab0s0), array_agg(tab0s0))) AS col
FROM test_agg_funcs;
+-----+
| col |
+-----+
|  36 |
+-----+
(1 row)

!ok

#-------------------------------------------------------------------------
# TESTCASE: test001 TEST_ID: A30 TYPE: POSITIVE TEST
#-------------------------------------------------------------------------
SELECT array_slice(array_agg(tab0s0), 0, 1) AS col
FROM test_agg_funcs
WHERE tab0s0='AAAAAAAAAA';
+--------------+
| col          |
+--------------+
| [AAAAAAAAAA] |
+--------------+
(1 row)

!ok

#-------------------------------------------------------------------------
# TESTCASE: test001 TEST_ID: A31 TYPE: POSITIVE TEST
#-------------------------------------------------------------------------
SELECT array_slice(array_agg(tab0s0), 100, 101) AS col
FROM test_agg_funcs
WHERE tab0s0='AAAAAAAAAA';
+-----+
| col |
+-----+
|     |
+-----+
(1 row)

!ok

#-------------------------------------------------------------------------
# TESTCASE: test001 TEST_ID: A32 TYPE: NEGATIVE TEST
#-------------------------------------------------------------------------
SELECT array_agg(t0.tab0s0) AS col
FROM test_agg_funcs t0,
     test_agg_funcs t1,
     test_agg_funcs t2
WHERE t0.tab0s0 IS NOT NULL;
size
!error

#-------------------------------------------------------------------------
# TESTCASE: test001 TEST_ID: A33 TYPE: NEGATIVE TEST
#-------------------------------------------------------------------------
SELECT array_to_string(array_agg(t0.tab0s0), '') AS col
FROM test_agg_funcs t0,
     test_agg_funcs t1,
     test_agg_funcs t2
WHERE t0.tab0s0 IS NOT NULL;
size
!error

#-------------------------------------------------------------------------
# TESTCASE: test001 TEST_ID: A34 TYPE: NEGATIVE TEST
#-------------------------------------------------------------------------
SELECT length(array_to_string(array_agg(t0.tab0s0), '')) AS col
FROM test_agg_funcs t0,
     test_agg_funcs t1,
     test_agg_funcs t2
WHERE t0.tab0s0 IS NOT NULL;
size
!error

#-------------------------------------------------------------------------
# TESTCASE: test001 TEST_ID: A35 TYPE: NEGATIVE TEST
#-------------------------------------------------------------------------
SELECT array_agg(t0.tab0s0) AS col
FROM test_agg_funcs t0,
     test_agg_funcs t1,
     test_agg_funcs t2
GROUP BY t0.tab0s0;
size
!error

#-------------------------------------------------------------------------
# TESTCASE: test001 TEST_ID: A36 TYPE: NEGATIVE TEST
#-------------------------------------------------------------------------
SELECT array_to_string(array_agg(t0.tab0s0), '') AS col
FROM test_agg_funcs t0,
     test_agg_funcs t1,
     test_agg_funcs t2
GROUP BY t0.tab0s0;
size
!error

#-------------------------------------------------------------------------
# TESTCASE: test001 TEST_ID: A37 TYPE: NEGATIVE TEST
#-------------------------------------------------------------------------
SELECT length(array_to_string(array_agg(t0.tab0s0), '')) AS col
FROM test_agg_funcs t0,
     test_agg_funcs t1,
     test_agg_funcs t2
GROUP BY t0.tab0s0;
size
!error

#-------------------------------------------------------------------------
# Total query count 38 Positive tests: 32 Negative tests: 6
#-------------------------------------------------------------------------
