!set useApproximateCountDistinct false
!use druidtest://?componentSupplier=StandardComponentSupplier&datasets=sql/src/test/quidem/qatests/qaAggFuncs
!set outputformat mysql
SELECT count(*) cnt
FROM test_agg_funcs;
+-----+
| cnt |
+-----+
|  18 |
+-----+
(1 row)

!ok

#-------------------------------------------------------------------------
# TESTCASE: test004 TEST_ID: A01 TYPE: POSITIVE TEST
#-------------------------------------------------------------------------
SELECT array[timestamp '2020-01-01 01:01:01.000', timestamp '2020-02-01 01:01:01.000'] AS col;
+--------------------------------------------+
| col                                        |
+--------------------------------------------+
| [2020-01-01 01:01:01, 2020-02-01 01:01:01] |
+--------------------------------------------+
(1 row)

!ok

#-------------------------------------------------------------------------
# TESTCASE: test004 TEST_ID: A02 TYPE: NEGATIVE TEST
#-------------------------------------------------------------------------
SELECT array_agg(timestamp '2020-01-01 01:01:01.000', 100000);
is not supported
!error

#-------------------------------------------------------------------------
# TESTCASE: test004 TEST_ID: A03 TYPE: POSITIVE TEST
#-------------------------------------------------------------------------
SELECT strlen(array_to_string(col, '|')) AS LEN
FROM
  (SELECT array_agg(__time, 100000) AS col
   FROM test_agg_funcs);
+-----+
| LEN |
+-----+
| 251 |
+-----+
(1 row)

!ok

#-------------------------------------------------------------------------
# TESTCASE: test004 TEST_ID: A04 TYPE: POSITIVE TEST
#-------------------------------------------------------------------------
SELECT array_length(array_agg(__time, 100000)) AS col
FROM test_agg_funcs;
+-----+
| col |
+-----+
|  18 |
+-----+
(1 row)

!ok

#-------------------------------------------------------------------------
# TESTCASE: test004 TEST_ID: A05 TYPE: POSITIVE TEST
#-------------------------------------------------------------------------
SELECT array_offset(array_agg(__time, 100000), 100) AS col
FROM test_agg_funcs
WHERE __time=timestamp '2020-01-01 01:01:01.000';
+-----+
| col |
+-----+
|     |
+-----+
(1 row)

!ok

#-------------------------------------------------------------------------
# TESTCASE: test004 TEST_ID: A06 TYPE: POSITIVE TEST
#-------------------------------------------------------------------------
SELECT array_ordinal(array_agg(__time, 100000), 100) AS col
FROM test_agg_funcs
WHERE __time=timestamp '2020-02-01 01:01:01.000';
+-----+
| col |
+-----+
|     |
+-----+
(1 row)

!ok

#-------------------------------------------------------------------------
# TESTCASE: test004 TEST_ID: A07 TYPE: POSITIVE TEST
#-------------------------------------------------------------------------
SELECT array_contains(array_agg(__time, 100000), array[timestamp '2020-01-01 01:01:01.000', timestamp '2020-02-01 01:01:01.000']) AS col
FROM test_agg_funcs;
+------+
| col  |
+------+
| true |
+------+
(1 row)

!ok

#-------------------------------------------------------------------------
# TESTCASE: test004 TEST_ID: A08 TYPE: POSITIVE TEST
#-------------------------------------------------------------------------
SELECT array_contains(array_agg(__time, 100000), array[timestamp '2020-01-01 01:01:01.000', timestamp '2020-03-01 01:01:01.000']) AS col
FROM test_agg_funcs;
+-------+
| col   |
+-------+
| false |
+-------+
(1 row)

!ok

#-------------------------------------------------------------------------
# TESTCASE: test004 TEST_ID: A09 TYPE: POSITIVE TEST
#-------------------------------------------------------------------------
SELECT array_overlap(array_agg(__time, 100000), array[timestamp '2020-01-01 01:01:01.000', timestamp '2020-03-01 01:01:01.000']) AS col
FROM test_agg_funcs;
+------+
| col  |
+------+
| true |
+------+
(1 row)

!ok

#-------------------------------------------------------------------------
# TESTCASE: test004 TEST_ID: A10 TYPE: POSITIVE TEST
#-------------------------------------------------------------------------
SELECT array_overlap(array_agg(__time, 100000), array[timestamp '2020-03-01 01:01:01.000', timestamp '2020-04-01 01:01:01.000']) AS col
FROM test_agg_funcs;
+-------+
| col   |
+-------+
| false |
+-------+
(1 row)

!ok

#-------------------------------------------------------------------------
# TESTCASE: test004 TEST_ID: A11 TYPE: POSITIVE TEST
#-------------------------------------------------------------------------
SELECT array_overlap(array_agg(__time, 100000), array_agg(__time, 100000)) AS col
FROM test_agg_funcs;
+------+
| col  |
+------+
| true |
+------+
(1 row)

!ok

#-------------------------------------------------------------------------
# TESTCASE: test004 TEST_ID: A12 TYPE: POSITIVE TEST
#-------------------------------------------------------------------------
SELECT array_offset_of(array_agg(__time, 100000), timestamp '2020-01-01 01:01:01.000') AS col
FROM test_agg_funcs
WHERE __time=timestamp '2020-01-01 01:01:01.000';
+-----+
| col |
+-----+
|   0 |
+-----+
(1 row)

!ok

#-------------------------------------------------------------------------
# TESTCASE: test004 TEST_ID: A13 TYPE: POSITIVE TEST
#-------------------------------------------------------------------------
SELECT array_offset_of(array_agg(__time, 100000), timestamp '2020-03-01 01:01:01.000') AS col
FROM test_agg_funcs
WHERE __time=timestamp '2020-01-01 01:01:01.000';
+-----+
| col |
+-----+
|     |
+-----+
(1 row)

!ok

#-------------------------------------------------------------------------
# TESTCASE: test004 TEST_ID: A14 TYPE: POSITIVE TEST
#-------------------------------------------------------------------------
SELECT array_ordinal_of(array_agg(__time, 100000), timestamp '2020-01-01 01:01:01.000') AS col
FROM test_agg_funcs
WHERE __time=timestamp '2020-01-01 01:01:01.000';
+-----+
| col |
+-----+
|   1 |
+-----+
(1 row)

!ok

#-------------------------------------------------------------------------
# TESTCASE: test004 TEST_ID: A15 TYPE: POSITIVE TEST
#-------------------------------------------------------------------------
SELECT array_ordinal_of(array_agg(__time, 100000), timestamp '2020-03-01 01:01:01.000') AS col
FROM test_agg_funcs
WHERE __time=timestamp '2020-01-01 01:01:01.000';
+-----+
| col |
+-----+
|     |
+-----+
(1 row)

!ok

#-------------------------------------------------------------------------
# TESTCASE: test004 TEST_ID: A16 TYPE: POSITIVE TEST
#-------------------------------------------------------------------------
SELECT strlen(array_to_string(array_agg(__time, 100000), '|')) AS col
FROM test_agg_funcs;
+-----+
| col |
+-----+
| 251 |
+-----+
(1 row)

!ok

#-------------------------------------------------------------------------
# TESTCASE: test004 TEST_ID: A17 TYPE: POSITIVE TEST
#-------------------------------------------------------------------------
SELECT contains_string(array_to_string(array_agg(__time, 100000), '|'), '1577840461000')
AND contains_string(array_to_string(array_agg(__time, 100000), '|'), '|') AS col
FROM test_agg_funcs;
+------+
| col  |
+------+
| true |
+------+
(1 row)

!ok

#-------------------------------------------------------------------------
# TESTCASE: test004 TEST_ID: A18 TYPE: POSITIVE TEST
#-------------------------------------------------------------------------
SELECT strlen(array_to_string(col, '|')) AS LEN
FROM
  (SELECT array_concat(array_agg(__time, 100000), array[timestamp '2020-03-01 01:01:01.000']) AS col
   FROM test_agg_funcs);
+-----+
| LEN |
+-----+
| 265 |
+-----+
(1 row)

!ok

#-------------------------------------------------------------------------
# TESTCASE: test004 TEST_ID: A19 TYPE: POSITIVE TEST
#-------------------------------------------------------------------------
SELECT array_length(array_concat(array_agg(__time, 100000), array[timestamp '2020-03-01 01:01:01.000'])) AS col
FROM test_agg_funcs;
+-----+
| col |
+-----+
|  19 |
+-----+
(1 row)

!ok

#-------------------------------------------------------------------------
# TESTCASE: test004 TEST_ID: A20 TYPE: POSITIVE TEST
#-------------------------------------------------------------------------
SELECT strlen(array_to_string(col, '|')) AS LEN
FROM
  (SELECT array_concat(array_agg(__time, 100000), array_agg(__time, 100000)) AS col
   FROM test_agg_funcs);
+-----+
| LEN |
+-----+
| 503 |
+-----+
(1 row)

!ok

#-------------------------------------------------------------------------
# TESTCASE: test004 TEST_ID: A21 TYPE: POSITIVE TEST
#-------------------------------------------------------------------------
SELECT array_length(array_concat(array_agg(__time, 100000), array_agg(__time, 100000))) AS col
FROM test_agg_funcs;
+-----+
| col |
+-----+
|  36 |
+-----+
(1 row)

!ok

#-------------------------------------------------------------------------
# TESTCASE: test004 TEST_ID: A22 TYPE: POSITIVE TEST
#-------------------------------------------------------------------------
SELECT array_slice(array_agg(__time, 100000), 0, 1) AS col
FROM test_agg_funcs
WHERE __time=timestamp '2020-01-01 01:01:01.000';
+-----------------------+
| col                   |
+-----------------------+
| [2020-01-01 01:01:01] |
+-----------------------+
(1 row)

!ok

#-------------------------------------------------------------------------
# TESTCASE: test004 TEST_ID: A23 TYPE: POSITIVE TEST
#-------------------------------------------------------------------------
SELECT array_slice(array_agg(__time, 100000), 100, 101) AS col
FROM test_agg_funcs
WHERE __time=timestamp '2020-01-01 01:01:01.000';
+-----+
| col |
+-----+
|     |
+-----+
(1 row)

!ok

#-------------------------------------------------------------------------
# TESTCASE: test004 TEST_ID: A24 TYPE: POSITIVE TEST
#-------------------------------------------------------------------------
SELECT strlen(array_to_string(col, '|')) AS LEN
FROM
  (SELECT array_agg(t0.__time, 100000) AS col
   FROM test_agg_funcs t0,
        test_agg_funcs t1,
        test_agg_funcs t2
   WHERE t0.__time IS NOT NULL);
+-------+
| LEN   |
+-------+
| 81647 |
+-------+
(1 row)

!ok

#-------------------------------------------------------------------------
# TESTCASE: test004 TEST_ID: A25 TYPE: POSITIVE TEST
#-------------------------------------------------------------------------
SELECT strlen(col) AS LEN
FROM
  (SELECT array_to_string(array_agg(t0.__time, 100000), '') AS col
   FROM test_agg_funcs t0,
        test_agg_funcs t1,
        test_agg_funcs t2
   WHERE t0.__time IS NOT NULL);
+-------+
| LEN   |
+-------+
| 75816 |
+-------+
(1 row)

!ok

#-------------------------------------------------------------------------
# TESTCASE: test004 TEST_ID: A26 TYPE: POSITIVE TEST
#-------------------------------------------------------------------------
SELECT length(array_to_string(array_agg(t0.__time, 100000), '')) AS col
FROM test_agg_funcs t0,
     test_agg_funcs t1,
     test_agg_funcs t2
WHERE t0.__time IS NOT NULL;
+-------+
| col   |
+-------+
| 75816 |
+-------+
(1 row)

!ok

#-------------------------------------------------------------------------
# TESTCASE: test004 TEST_ID: A27 TYPE: POSITIVE TEST
#-------------------------------------------------------------------------
SELECT strlen(array_to_string(col, '|')) AS LEN
FROM
  (SELECT array_agg(t0.__time, 100000) AS col
   FROM test_agg_funcs t0,
        test_agg_funcs t1,
        test_agg_funcs t2
   GROUP BY t0.__time);
+-------+
| LEN   |
+-------+
| 40823 |
| 40823 |
+-------+
(2 rows)

!ok

#-------------------------------------------------------------------------
# TESTCASE: test004 TEST_ID: A28 TYPE: POSITIVE TEST
#-------------------------------------------------------------------------
SELECT strlen(col) AS LEN
FROM
  (SELECT array_to_string(array_agg(t0.__time, 100000), '') AS col
   FROM test_agg_funcs t0,
        test_agg_funcs t1,
        test_agg_funcs t2
   GROUP BY t0.__time);
+-------+
| LEN   |
+-------+
| 37908 |
| 37908 |
+-------+
(2 rows)

!ok

#-------------------------------------------------------------------------
# TESTCASE: test004 TEST_ID: A29 TYPE: POSITIVE TEST
#-------------------------------------------------------------------------
SELECT length(array_to_string(array_agg(t0.__time, 100000), '')) AS col
FROM test_agg_funcs t0,
     test_agg_funcs t1,
     test_agg_funcs t2
GROUP BY t0.__time;
+-------+
| col   |
+-------+
| 37908 |
| 37908 |
+-------+
(2 rows)

!ok

#-------------------------------------------------------------------------
# Total query count 30 Positive tests: 29 Negative tests: 1
#-------------------------------------------------------------------------
